reminder_id,engine_code,service_item,interval_km,interval_months,urgency,description,app_action
1,EXAMPLE - 312 A1.000,Engine Oil & Filter Change,10000,12,critical,"Replace engine oil and filter, reset service indicator","Schedule oil service, order 5W-40 FIAT 9.55535-H2 ~2.8L"
2,EXAMPLE - 312 A1.000,Coolant Change,90000,36,medium,"Drain, flush and refill cooling system with OAT (Red/Pink)","Check coolant level, schedule full replacement"
3,EXAMPLE - 312 A1.000,Timing Belt Replacement,150000,72,critical-if-belt,"Replace timing belt, tensioner, water pump (if driven) - Belt",Alert every 150000km
4,EXAMPLE - 312 A1.000,Timing Chain Inspection,,,low,"Check chain stretch, tensioner, guides - listen for rattle","Inspect chain, measure stretch"
5,EXAMPLE - 312 A1.000,Air Filter Replacement,60000,48,medium,Replace engine air filter,"Inspect, replace"
6,EXAMPLE - 312 A1.000,Fuel Filter Replacement,80000,48,medium,Replace fuel filter (diesel critical for pump protection),"Replace, bleed system"
7,EXAMPLE - 312 A1.000,Spark Plugs,30000,48,medium,Replace spark plugs - Nickel / Platinum gap 0.9-1.1 mm,"Replace, check coils"
8,EXAMPLE - 312 A1.000,Brake Fluid Change,,24,high,Replace brake fluid DOT 4 - hygroscopic,Flush brake system
9,EXAMPLE - 312 A1.000,Auxiliary / Serpentine Belt,80000,60,medium,Inspect/replace accessory belt,"Check tension, cracking"
10,EXAMPLE - 312 A1.000,Compression & Diagnostics Check,,,low,"Perform compression test: 12.1-13.9 bar, max diff 1.4 bar. Check fuel pressure 3.1 bar, oil pressure idle 1.58 bar","Run diagnostics, compare to specs"
NOTE,ALL_ENGINES,Use engine_code to lookup intervals per vehicle,Per 03_engine_service_specs.csv,Per 03_engine_service_specs.csv,info,"Join reminders on engine_code to generate user-specific schedule. App should calculate next due = last_service_date + interval OR last_service_km + interval, whichever first.",Implement notification logic: days_remaining = (last_date + months*30) - today; km_remaining = (last_km + interval_km) - current_km
