engine_code,engine_displacement_cc,engine_power_hp,engine_brand_example,engine_model_example,car_brand,car_model,car_year,variant_engine_type,parsed_displacement_cc,variant_power_hp
CAHB,2000,161,Audi,A4,Audi,A6,2008,2.7 V6 TDI (163) DPF,2700,161
CAHB,2000,161,Audi,A4,Audi,A6,2009,2.7 V6 TDI (163) Multitronic DPF,2700,161
M57D30,2353,181,Bmw,5 Series,Land Rover,Range Rover,2002,3.0 TD6 HSE,3000,174
M57D30,2353,181,Bmw,5 Series,Land Rover,Range Rover,2002,3.0 TD6 SE,3000,174
M57D30,2353,181,Bmw,5 Series,Land Rover,Range Rover,2003,3.0 TD6 Vogue,3000,174
M57D30,2353,181,Bmw,5 Series,Land Rover,Range Rover,2005,3.0 TD6 HSE,3000,174
M57D30,2353,181,Bmw,5 Series,Land Rover,Range Rover,2005,3.0 TD6 SE,3000,174
M57D30,2353,181,Bmw,5 Series,Land Rover,Range Rover,2005,3.0 TD6 Vogue,3000,174
OM668DE17LA,1157,89,Mercedes,A,Mercedes,Vaneo,2001,1.7 CDI,1700,90
B38B15M0,1005,134,Bmw,1 Series,Mini,(F54) Clubman,2015,1.5 i 16v Turbo Cooper,1500,134
B38B15M0,1005,134,Bmw,1 Series,Mini,(F55),2015,1.5 i 16v Turbo Cooper,1500,134
B48A20M0,1417,189,Bmw,2 Series,Mini,(F55),2014,2.0 i 16v Turbo Cooper S,2000,189
B38B15M0,1005,134,Bmw,1 Series,Mini,(F56),2015,1.5 i 16v Turbo Cooper,1500,134
B48A20M0,1417,189,Bmw,2 Series,Mini,(F56),2014,2.0 i 16v Turbo Cooper S,2000,189
QR25DE,1600,171,Renault,Koleos,Renault,Koleos,2008,2.5 16v,2500,148
QR25DE,1600,171,Renault,Koleos,Renault,Koleos,2010,2.5 16v,2500,168
CCRA,1000,99,Volkswagen,Fox,Volkswagen,Fox,2008,1.6 8v TotalFlex,1600,99
CCRA,1000,99,Volkswagen,Fox,Volkswagen,Gol,2008,1.6 8v TotalFlex,1600,99
CCRA,1000,99,Volkswagen,Fox,Volkswagen,Golf,2008,1.6 8v TotalFlex,1600,99
CCRA,1000,99,Volkswagen,Fox,Volkswagen,Polo,2008,1.6 8v TotalFlex,1600,99
CCRA,1000,99,Volkswagen,Fox,Volkswagen,Saveiro,2009,1.6 8v TotalFlex,1600,99
N57D30B,4004,308,Bmw,3 Series,BMW,X5 (E70),2009,3.0 d (corr.),3000,306
169 A1.000,1300,74,Fiat,500,Fiat,PANDA (169),2009,2.0 TDI (EA6A),2000,75
169A5.000,1248,75,Fiat,PANDA (169),Fiat,PANDA (169),2009,2.0 TDI (EA6A),2000,75
198 A4.000,1400,118,Alfa Romeo,Giulietta,Fiat,"DOBLO MPV (152, 263)",2009,1.9 TDI Syncro,1900,120
350 A1.000,1400,76,Alfa Romeo,Mito,Fiat,PUNTO EVO (199),2008,1.9 TDI Syncro,1900,78
A13DTE,1300,94,Chevrolet,Aveo,Vauxhall,ASTRA Mk VI (J) Sports Tourer,2009,1.8 i Syncro CAT,1800,95
A13DTE,1300,94,Chevrolet,Aveo,Vauxhall,MERIVA Mk II (B),2009,1.8 i Syncro CAT,1800,95
198 A4.000,1400,118,Alfa Romeo,Giulietta,Fiat,DOBLO Box Body / Estate (263),2009,1.9 TDI Syncro,1900,120
CHGA,1600,101,Seat,Altea,Volkswagen,"GOLF PLUS (5M1, 521)",2008,3.1 TD,3100,102
CMXA,1200,103,Seat,Altea,Volkswagen,GOLF VI (5K1),2007,1.6 (corr.),1600,102
350 A1.000,1400,76,Alfa Romeo,Mito,Fiat,PUNTO / GRANDE PUNTO (199),2007,1.9 TDI Syncro,1900,78
CMXA,1200,103,Seat,Altea,Audi,A3 (8P1),2010,1.6 (corr.),1600,102
CMXA,1200,103,Seat,Altea,Audi,A3 Sportback (8PA),2010,1.6 (corr.),1600,102
Z14XEP,1400,89,Opel,Astra,Opel,ASTRA H Estate (L35),2008,3.8 Carrera,3800,90
CMXA,1200,103,Seat,Altea,Volkswagen,GOLF VI Variant (AJ5),2009,1.6 (corr.),1600,102
N47C20A,1995,136,Mini,MINI COUNTRYMAN (R60),Mini,MINI COUNTRYMAN (R60),2010,4.9 Roadster,4900,136
K9K892,1461,90,Dacia,DUSTER,Dacia,LOGAN MCV (KS_),2009,2.0 -16,2000,88
K7J714,1390,75,Dacia,LOGAN (LS_),Dacia,SANDERO,2008,4.0,4000,72
OM651.913,2143,120,Mercedes,C-CLASS (W204),Mercedes,C-CLASS (W204),2010,2.8 GT,2800,120
OM651.913,2143,120,Mercedes,C-CLASS (W204),Mercedes,C-CLASS (W204),2010,3.1 LT,3100,136
OM642.890,2987,224,Mercedes,VITO / MIXTO Box (W639),Mercedes,VITO / MIXTO Box (W639),2009,55 1.2,1200,224
OM642.890,2987,224,Mercedes,VITO / MIXTO Box (W639),Mercedes,VITO Bus (W639),2009,55 1.2,1200,224
OM642.990,2987,224,Mercedes,VIANO (W639),Mercedes,VIANO (W639),2009,2.0 GLSTD (E57A),2000,224
D4FD-L,1685,116,Kia,SPORTAGE (SL),Kia,SPORTAGE (SL),2009,3.0 -24 V6 CS/CSE,3000,116
B207R,2000,207,Saab,93,Saab,9-3 (YS3F),2007,1.2 GL (A151A),1200,210
B207M,1998,200,Saab,9-3 Estate,Saab,9-3 Estate,2008,2.7 CRD Laredo,2700,200
B207H,1998,163,Saab,9-3 Estate,Saab,9-3 Estate,2010,1.2 GL (A151A),1200,163
B207H,1998,163,Saab,9-3 Estate,Saab,9-3 (YS3F),2007,1.2 GL (A151A),1200,163
K12B,1200,93,Opel,Agila,Opel,AGILA (B) (H08),2007,2.7 TD,2700,86
169 A4.000,1200,68,Fiat,500,Fiat,500 (312),2009,2.7 TD,2700,69
1NR-FE,1300,98,Toyota,Yaris,Toyota,"YARIS (SCP9_, NSP9_, KSP9_, NCP9_, ZSP9_)",2009,2.8 V6,2800,99
350 A1.000,1400,76,Alfa Romeo,Mito,Lancia,YPSILON (843),2009,3.8 Carrera,3800,78
350 A1.000,1400,76,Alfa Romeo,Mito,Lancia,MUSA (350),2009,3.8 Carrera,3800,78
192 B2.000,1400,89,Fiat,Bravo,Fiat,BRAVO II (198),2008,3.8 Carrera,3800,90
A14XEL,1400,86,Opel,Adam,Opel,CORSA D,2008,3.8 Carrera,3800,87
350 A1.000,1400,76,Alfa Romeo,Mito,Fiat,PANDA Van (169),2008,1.9 TDI Syncro,1900,78
350 A1.000,1400,76,Alfa Romeo,Mito,Fiat,IDEA,2008,3.8 Carrera,3800,78
CEJA,6299,500,Audi,A8 (4H_),Audi,A8 (4H_),2010,2.0 Turbo SE,2000,500
CTNA,6299,500,Audi,A8 (4H_),Audi,A8 (4H_),2010,2.0 Turbo SE,2000,500
CBBA,2000,161,Volkswagen,Tiguan,Volkswagen,TIGUAN (5N_),2007,2.7 D Rear Wheel Drive,2700,163
178 F3.011,1400,80,Fiat,Palio,Fiat,SIENA (178_),2003,2.0 Turbo Performance,2000,82
310 A2.011,1400,84,Fiat,Palio,Fiat,PALIO Weekend (178DX),2004,3.0 Vtec,3000,86
D4FC,1400,74,Hyundai,I20,Kia,VENGA (YN),2009,2.5 V6 24V,2500,78
OM651.913,2143,120,Mercedes,C-CLASS (W204),Mercedes,C-CLASS T-Model (S204),2009,1.2 Trekking,1200,136
D4FD,1700,114,Hyundai,I40,Hyundai,"ix35 (LM, EL, ELH)",2009,3.0 -24 V6 CS/CSE,3000,116
M271.958,1796,163,Mercedes,E-CLASS (W212),Mercedes,E-CLASS (W212),2010,4.0 Laredo,4000,163
Z14XEP,1400,89,Opel,Astra,Opel,ASTRA H (L48),2008,3.8 Carrera,3800,90
B207H,1998,163,Saab,9-3 Estate,Saab,9-3 (YS3F),2006,2.7 CRD Laredo,2700,163
3UZ-FE,4300,290,Lexus,Ls,Toyota,CROWN Saloon (GRS20_),2008,2.5 TDdi,2500,280
250A1.000,1956,116,Fiat,DUCATO Bus (250),Fiat,DUCATO Bus (250),2010,2.5 TDdi 4x4,2500,116
250A1.000,1956,116,Fiat,DUCATO Bus (250),Fiat,DUCATO Box (250),2010,2.5 TDdi 4x4,2500,116
250A1.000,1956,116,Fiat,DUCATO Bus (250),Fiat,DUCATO Platform/Chassis (250),2010,2.5 TDdi 4x4,2500,116
F1AE3481E,2300,150,Fiat,Ducato,Fiat,DUCATO Bus (250),2010,3.0 TDCi,3000,148
F1AE3481E,2300,150,Fiat,Ducato,Fiat,DUCATO Box (250),2010,3.0 TDCi,3000,148
F1AE3481E,2300,150,Fiat,Ducato,Fiat,DUCATO Platform/Chassis (250),2010,3.0 TDCi,3000,148
312 A2.000,900,84,Alfa Romeo,Mito,Lancia,YPSILON (846),2010,1.4 TDi,1400,86
CNKA,1598,82,Volkswagen,"POLO (6R, 6C)",Volkswagen,"POLO (6R, 6C)",2010,3.1 TD,3100,82
KFV (TU3JP),1400,74,Citroen,C2,Peugeot,206 Hatchback (2A/C),2005,3.8 Carrera,3800,75
KFW (TU3JP),1400,74,Peugeot,106,Peugeot,"207 (WA_, WC_)",2007,2.5 TDi 4x4,2500,82
QR25DE,1600,171,Renault,Koleos,Nissan,ELGRAND (E52),2009,2.5,2500,170
CFZA,1000,99,Volkswagen,Fox,Volkswagen,VOYAGE,2007,2.3 R,2300,101
CCNA,1000,71,Volkswagen,Fox,Volkswagen,VOYAGE,2007,2.0 GSX,2000,76
M272.952,2996,231,Mercedes,E-CLASS (W212),Mercedes,E-CLASS (W212),2008,1.5 CRDi VGT,1500,231
CCRA,1000,99,Volkswagen,Fox,Volkswagen,POLO (9N_),2007,2.3 R,2300,101
A12XER,1200,84,Chevrolet,Aveo,Opel,CORSA D,2010,2.7 TD,2700,83
A14NEL,1400,138,Chevrolet,Aveo,Opel,MERIVA B,2010,3.8 Carrera,3800,120
B14NEL,1364,120,Opel,MERIVA B,Opel,MERIVA B,2010,3.8 Carrera,3800,120
2AZ-FXE,2362,150,Lexus,HS (ANF10),Toyota,CAMRY Saloon (_XV4_),2005,5.9 S,5900,150
CEPA,2500,335,Audi,Rs3,Audi,A3 Sportback (8PA),2010,3.8 Turbo AWD,3800,340
CKMA,1390,160,Volkswagen,PASSAT (362),Volkswagen,PASSAT (362),2009,6.7 Turbo R,6700,160
CKMA,1390,160,Volkswagen,PASSAT (362),Volkswagen,PASSAT Variant (365),2009,6.7 Turbo R,6700,160
D4FB,1600,126,Hyundai,Accent,Hyundai,ix20 (JC),2010,2.5 RX Nato AWD,2500,116
D4FD,1700,114,Hyundai,I40,Hyundai,i40 CW (VF),2010,3.0 -24 V6 CS/CSE,3000,116
1BZ-FPE,4104,116,Toyota,"COASTER Bus (TRB5_, XZB5_, RZB4_, HZB5_, BZB5_, BB4_)",Toyota,"COASTER Bus (TRB5_, XZB5_, RZB4_, HZB5_, BZB5_, BB4_)",2003,2.3 MZR,2300,116
CHGA,1600,101,Seat,Altea,Volkswagen,"CADDY III Estate (2KB, 2KJ, 2CB, 2CJ)",2010,3.1 TD,3100,102
CHGA,1600,101,Seat,Altea,Volkswagen,"CADDY III Box (2KA, 2KH, 2CA, 2CH)",2010,3.1 TD,3100,102
M285.980,5980,641,hernr_2164,MAYBACH (240_),hernr_2164,MAYBACH (240_),2008,3.0 D4d,3000,641
CFFA,2000,138,Audi,A3,Volkswagen,SHARAN (7N),2010,2.7 D Rear Wheel Drive,2700,136
CFFB,2000,138,Audi,A3,Volkswagen,SHARAN (7N),2010,2.7 D Rear Wheel Drive,2700,140
G4LA,1200,84,Hyundai,I10,Kia,RIO III (UB),2010,2.6 Di,2600,86
AHZ(DW10CD),1997,128,Peugeot,EXPERT Tepee (VF3V_),Peugeot,EXPERT Tepee (VF3V_),2010,0.8 6331,800,128
AHZ(DW10CD),1997,128,Peugeot,EXPERT Tepee (VF3V_),Peugeot,"EXPERT Box (VF3A_, VF3U_, VF3X_)",2010,0.8 6331,800,128
OM642.852,2987,231,Mercedes,E-CLASS (W212),Mercedes,E-CLASS T-Model (S212),2010,1.0 6360 Star Wagon,1000,265
CKMA,1390,160,Volkswagen,PASSAT (362),Volkswagen,PASSAT CC (357),2010,6.7 Turbo R,6700,160
Z16LER,1600,189,Opel,Corsa,Vauxhall,CORSA Mk III (D) (L_8),2010,4.0 HO,4000,204
A16LES,1600,207,Opel,Corsa,Vauxhall,CORSA Mk III (D) (L_8),2010,4.0 HO,4000,204
CBZA,1200,84,Audi,A1,Audi,"A1 Sportback (8XA, 8XK)",2011,S6 4.2 quattro,4200,86
Z13DTH,1300,89,Holden,Astra,Vauxhall,COMBO Mk III (D) Box Body / Estate,2010,1.8 i Syncro CAT,1800,90
A13FD,1300,89,Opel,Combo,Vauxhall,COMBO Mk III (D) Box Body / Estate,2010,1.8 i Syncro CAT,1800,90
A12XER,1200,84,Chevrolet,Aveo,Opel,CORSA D,2010,2.7 TD,2700,86
4HH(P22DTE),2198,130,Citroën,JUMPER Bus,Citroën,JUMPER Bus,2010,1.0 1020,1000,130
4HH(P22DTE),2198,130,Citroën,JUMPER Bus,Citroën,JUMPER Box,2010,1.0 1020,1000,130
4HH(P22DTE),2198,130,Citroën,JUMPER Bus,Citroën,JUMPER Platform/Chassis,2010,1.0 1020,1000,130
CFNB,1200,84,Volkswagen,Polo,Volkswagen,POLO Saloon,2009,1.6,1600,86
169 A1.000,1300,74,Fiat,500,Fiat,PANDA Van (169),2005,2.0 TDI (EA6A),2000,75
350 A1.000,1400,76,Alfa Romeo,Mito,Fiat,PUNTO Van (199),2008,1.9 TDI Syncro,1900,78
NFU (TU5JP4),1600,106,Citroen,Berlingo,Citroën,C4 I (LC_),2008,2.3 R,2300,110
1BZ-FPE,4104,116,Toyota,"COASTER Bus (TRB5_, XZB5_, RZB4_, HZB5_, BZB5_, BB4_)",Toyota,"DYNA Platform/Chassis (KD_, LY_, TRY2_, KDY2_, XZU4_, XZU3_,",2010,2.3 MZR,2300,116
350 A1.000,1400,76,Alfa Romeo,Mito,Fiat,PANDA (169),2009,1.9 TDI Syncro,1900,69
A14NET,1400,138,Chevrolet,Cruze,Opel,ASTRA J Sports Tourer,2011,3.8 Carrera,3800,140
A14NET,1400,138,Chevrolet,Cruze,Opel,ASTRA J,2011,3.8 Carrera,3800,140
QR25DE,1600,171,Renault,Koleos,Nissan,SERENA (C25),2005,2.5,2500,160
F9Q750,1870,120,Renault,LAGUNA II (BG0/1_),Renault,LAGUNA II (BG0/1_),2001,1.2 16V (KR0P),1200,120
F9Q650,1870,120,Renault,LAGUNA II (BG0/1_),Renault,LAGUNA II (BG0/1_),2001,1.2 16V (KR0P),1200,120
F9Q670,1870,120,Renault,LAGUNA II (BG0/1_),Renault,LAGUNA II (BG0/1_),2001,1.2 16V (KR0P),1200,120
F9Q674,1870,120,Renault,LAGUNA II (BG0/1_),Renault,LAGUNA II (BG0/1_),2001,1.2 16V (KR0P),1200,120
AVK,3000,217,Audi,A4,Audi,"A4 Avant (8E5, B6)",2001,"1.0 i (SF310, AA44)",1000,220
CMXA,1200,103,Seat,Altea,Audi,A3 (8P1),2003,1.6,1600,102
ASN,3000,217,Audi,A4,Audi,"A4 Convertible (8H7, B6, 8HE, B7)",2003,"1.0 i (SF310, AA44)",1000,220
CMXA,1200,103,Seat,Altea,Seat,ALTEA (5P1),2003,1.6,1600,102
CMXA,1200,103,Seat,Altea,Skoda,OCTAVIA (1Z3),2003,1.6,1600,102
CMXA,1200,103,Seat,Altea,Audi,A3 Sportback (8PA),2003,1.6,1600,102
CMXA,1200,103,Seat,Altea,Skoda,OCTAVIA Combi (1Z5),2003,1.6,1600,102
CMXA,1200,103,Seat,Altea,Seat,LEON (1P1),2004,1.6,1600,102
CMXA,1200,103,Seat,Altea,Volkswagen,"GOLF PLUS (5M1, 521)",2004,1.6,1600,102
Z13DTH,1300,89,Holden,Astra,Vauxhall,ASTRA Mk V (H) Estate,2003,1.8 i Syncro CAT,1800,90
K9K700,1461,65,Renault,THALIA II (LU1/2_),Renault,CLIO II Box (SB0/1/2_),2001,"2.5 TD (L044G, L049G)",2500,65
K9K704,1461,61,Renault,KANGOO Express (FC0/1_),Renault,CLIO II Box (SB0/1/2_),2001,"2.5 TD (L044G, L049G)",2500,65
OM642.990,2987,224,Mercedes,VIANO (W639),Mercedes,VIANO (W639),2005,2.0 GLSTD (E57A),2000,204
939A7.000,1910,116,Fiat,PUNTO / GRANDE PUNTO (199),Alfa Romeo,147 (937),2003,4.0 RX,4000,115
K9K792,1461,68,Dacia,LOGAN MCV (KS_),Dacia,LOGAN MCV (KS_),2006,2.0 -16 (corr.),2000,68
182 B6.000,1600,102,Fiat,Doblo,Fiat,MULTIPLA (186),2002,3.9 Supercharged,3900,95
QR25DE,1600,171,Renault,Koleos,Nissan,PRIMERA (P12),2002,2.5,2500,170
QR25DE,1600,171,Renault,Koleos,Nissan,PRIMERA Hatchback (P12),2002,2.5,2500,170
BBJ,2976,218,Audi,"A4 (8E2, B6)",Audi,"A6 (4F2, C6)",2003,"1.0 i (SF310, AA44)",1000,218
BBJ,2976,218,Audi,"A4 (8E2, B6)",Audi,"A6 Avant (4F5, C6)",2004,"1.0 i (SF310, AA44)",1000,218
A14XEL,1400,86,Opel,Adam,Vauxhall,ADAM,2012,3.8 Carrera,3800,87
CMXA,1200,103,Seat,Altea,Seat,"ALTEA XL (5P5, 5P8)",2005,1.6,1600,102
CCRA,1000,99,Volkswagen,Fox,Volkswagen,"FOX (5Z1, 5Z3)",2003,1.6,1600,101
CFZA,1000,99,Volkswagen,Fox,Volkswagen,"FOX (5Z1, 5Z3)",2003,1.6,1600,101
K9K728,1461,101,Renault,"MEGANE II (BM0/1_, CM0/1_)",Renault,SCÉNIC II (JM0/1_),2006,2.5 V6 GXI (VZV21_),2500,103
K9K734,1461,106,Renault,MEGANE II Estate (KM0/1_),Renault,SCÉNIC II (JM0/1_),2006,2.5 V6 GXI (VZV21_),2500,103
CBAB,2000,138,Audi,A3,Volkswagen,TIGUAN (5N_),2006,2.7 D Rear Wheel Drive,2700,140
CFFB,2000,138,Audi,A3,Volkswagen,TIGUAN (5N_),2006,2.7 D Rear Wheel Drive,2700,140
CLJA,2000,138,Audi,A3,Volkswagen,TIGUAN (5N_),2006,2.7 D Rear Wheel Drive,2700,140
CBBB,2000,168,Audi,A3,Volkswagen,TIGUAN (5N_),2006,2.7 D Rear Wheel Drive,2700,170
CFGB,2000,168,Audi,A3,Volkswagen,TIGUAN (5N_),2006,2.7 D Rear Wheel Drive,2700,170
Z16LER,1600,189,Opel,Corsa,Vauxhall,CORSA Mk III (D) (L_8),2006,4.0 HO,4000,192
A16LER,1600,181,Chevrolet,Cruze,Vauxhall,CORSA Mk III (D) (L_8),2006,4.0 HO,4000,192
M271.952,1796,156,Mercedes,C-CLASS (W204),Mercedes,C-CLASS T-Model (S204),2006,4.0 XR6T Ute,4000,156
K9K800,1461,75,Renault,KANGOO Express (FW0/1_),Renault,KANGOO / GRAND KANGOO (KW0/1_),2007,2.0 Turbo 4x4,2000,68
K9K804,1461,110,Renault,KANGOO BE BOP (KW0/1_),Renault,KANGOO / GRAND KANGOO (KW0/1_),2007,3.0 Turbo,3000,103
K9K806,1461,103,Renault,KANGOO / GRAND KANGOO (KW0/1_),Renault,KANGOO / GRAND KANGOO (KW0/1_),2007,3.0 Turbo,3000,103
K9K802,1461,75,Renault,KANGOO BE BOP (KW0/1_),Renault,KANGOO Express (FW0/1_),2007,2.0 GTX,2000,86
K9K800,1461,75,Renault,KANGOO Express (FW0/1_),Renault,KANGOO Express (FW0/1_),2007,2.0 GTX,2000,86
BBJ,2976,218,Audi,"A4 (8E2, B6)",Audi,"A4 Avant (8ED, B7)",2003,"1.0 i (SF310, AA44)",1000,218
CFZA,1000,99,Volkswagen,Fox,Volkswagen,POLO Saloon (9A4),2002,1.6,1600,101
CMXA,1200,103,Seat,Altea,Seat,LEON (1P1),2009,1.6 (corr.),1600,102
K9K796,1461,86,Renault,LOGAN I (LS_),Dacia,LOGAN MCV (KS_),2006,2.0 -16 (corr.),2000,86
K4M748,1598,117,Renault,"CLIO III (BR0/1, CR0/1)",Renault,"CLIO II (BB0/1/2_, CB0/1/2_)",2000,2.3 R,2300,110
E18NVR,2997,276,Cadillac,CTS,Chevrolet,SUBURBAN,2000,5.3 (corr.),5300,284
E18NVR,2997,276,Cadillac,CTS,Chevrolet,AVALANCHE,2000,5.3 (corr.),5300,299
QR25DE,1600,171,Renault,Koleos,Nissan,ALTIMA Coupe,2005,2.5 Hybrid,2500,160
QR25DE,1600,171,Renault,Koleos,Nissan,ALTIMA,2005,2.5 Hybrid,2500,160
QR25DE,1600,171,Renault,Koleos,Nissan,ALTIMA,2005,2.5,2500,174
QR25DE,1600,171,Renault,Koleos,Nissan,BASSARA,2002,2.5,2500,165
K9K752,1461,64,Renault,"CLIO III (BR0/1, CR0/1)",Renault,MODUS / GRAND MODUS (F/JP0_),2003,2.0 Super (YR21),2000,65
CRLB,2000,148,Audi,A3,Volkswagen,GOLF VII Estate (BA5),2012,2.7 D Rear Wheel Drive,2700,150
CKFC,2000,148,Seat,Leon,Volkswagen,GOLF VII Estate (BA5),2012,2.7 D Rear Wheel Drive,2700,150
CRMB,1968,150,Seat,LEON ST (5F8),Volkswagen,GOLF VII Estate (BA5),2012,2.7 D Rear Wheel Drive,2700,150
CRBC,2000,148,Audi,A3,Volkswagen,GOLF VII Estate (BA5),2012,2.7 D Rear Wheel Drive,2700,150
ETC,5886,234,Chrysler,"RAM 2500 Pickup (D1, DC, DH, DM, DR)",Chrysler,"RAM 2500 Pickup (D1, DC, DH, DM, DR)",2002,2.2 Vtec (corr.),2200,234
E18NVR,2997,276,Cadillac,CTS,Chevrolet,AVALANCHE,2006,5.3 Flex-Fuel AWD,5300,309
LC9,5328,325,Chevrolet,TAHOE (GMT900),Chevrolet,TAHOE (GMT900),2006,2.2 S2 (corr.),2200,325
LMG,5326,310,Chevrolet,SUBURBAN (GMT 900),Chevrolet,TAHOE (GMT900),2006,2.2 S2 (corr.),2200,325
F9Q780,1870,80,Renault,KANGOO (KC0/1_),Renault,CLIO II Box (SB0/1/2_),2000,1.3 XLI (EE101_),1300,80
CCHB,1968,136,Volkswagen,"TRANSPORTER V Bus (7HB, 7HJ, 7EB, 7EJ, 7EF)",Volkswagen,"TRANSPORTER V Platform/Chassis (7JD, 7JE, 7JL, 7JY, 7JZ, 7FD",2009,2.7 D Rear Wheel Drive,2700,136
OM646.981,2148,95,Mercedes,VITO Bus (W639),Mercedes,VITO Bus (W639),2006,1.3 XLI 16V (EE101_),1300,95
BBJ,2976,218,Audi,"A4 (8E2, B6)",Audi,"A6 (4B2, C5)",2001,"1.0 i (SF310, AA44)",1000,218
QR25DE,1600,171,Renault,Koleos,Nissan,ALTIMA,2001,2.5,2500,165
A14XEL,1400,86,Opel,Adam,Opel,ADAM,2012,3.8 Carrera,3800,87
ETC,5886,234,Chrysler,"RAM 2500 Pickup (D1, DC, DH, DM, DR)",Chrysler,"RAM 2500 Pickup (D1, DC, DH, DM, DR)",2002,2.2 Vtec,2200,245
QR25DE,1600,171,Renault,Koleos,Nissan,SENTRA,2002,2.5,2500,175
CMXA,1200,103,Seat,Altea,Volkswagen,"GOLF PLUS (5M1, 521)",2006,1.6 (corr.),1600,102
M271.910,1597,156,Mercedes,C-CLASS (W204),Mercedes,C-CLASS T-Model (S204),2007,2.5 CD 4x4,2500,156
CBAA,2000,138,Audi,A3,Volkswagen,TIGUAN (5N_),2006,2.7 D Rear Wheel Drive,2700,136
CFFA,2000,138,Audi,A3,Volkswagen,TIGUAN (5N_),2006,2.7 D Rear Wheel Drive,2700,136
CMXA,1200,103,Seat,Altea,Skoda,OCTAVIA (1Z3),2007,1.6 (corr.),1600,102
CMXA,1200,103,Seat,Altea,Skoda,OCTAVIA Combi (1Z5),2007,1.6 (corr.),1600,102
RFM,1998,86,Suzuki,"GRAND VITARA I (FT, GT)",Suzuki,"GRAND VITARA I (FT, GT)",2000,0.8 1016,800,86
F1CE0481FA,2998,146,Iveco,MASSIF Station Wagon,Iveco,MASSIF Station Wagon,2007,1.6 e (corr.),1600,146
F1CE0481HA,2998,176,Iveco,MASSIF Station Wagon,Iveco,MASSIF Station Wagon,2007,1.6 e (EA0F),1600,176
F1CE0481FA,2998,146,Iveco,MASSIF Station Wagon,Iveco,MASSIF Single Cab,2007,1.6 e (corr.),1600,146
F1CE0481HA,2998,176,Iveco,MASSIF Station Wagon,Iveco,MASSIF Single Cab,2007,1.6 e (EA0F),1600,176
F1CE0481FA,2998,146,Iveco,MASSIF Station Wagon,Iveco,MASSIF Pickup,2007,1.6 e (corr.),1600,146
F1CE0481HA,2998,176,Iveco,MASSIF Station Wagon,Iveco,MASSIF Pickup,2007,1.6 e (EA0F),1600,176
1NR-FE,1300,98,Toyota,Yaris,Toyota,"YARIS (SCP9_, NSP9_, KSP9_, NCP9_, ZSP9_)",2008,2.8 V6,2800,100
Z13DTH,1300,89,Holden,Astra,Opel,ASTRA H Saloon (L69),2006,1.8 i Syncro CAT,1800,90
CHGA,1600,101,Seat,Altea,Volkswagen,GOLF VI (5K1),2008,3.1 TD,3100,102
OM642.850,2987,231,Mercedes,E-CLASS (W212),Mercedes,E-CLASS (W212),2008,"1.2 i 4WD (E12, FA)",1200,211
M266.920,1498,95,Mercedes,A-CLASS (W169),Mercedes,A-CLASS (W169),2008,5.7,5700,95
Y601,1560,109,Mazda,3 Saloon (BK),Mazda,3 (BL),2007,2.3 D (corr.),2300,109
M272.945,2996,231,Mercedes,"R-CLASS (W251, V251)",Mercedes,"R-CLASS (W251, V251)",2008,1.6 i 4WD,1600,231
OM642.961,2987,224,Mercedes,C-CLASS (W204),Mercedes,C-CLASS (W204),2008,307 CC (3B),307,224
K4M858,1598,110,Renault,MEGANE CC (EZ0/1_),Renault,MEGANE III Grandtour (KZ0/1),2008,2.0 RXE 4x4,2000,110
OM642.856,2987,231,Mercedes,E-CLASS T-Model (S212),Mercedes,E-CLASS T-Model (S212),2008,5.0 Brougham,5000,231
M272.983,3498,292,Mercedes,E-CLASS (W212),Mercedes,E-CLASS T-Model (S212),2008,2.0 i 4WD,2000,292
M273.971,5461,388,Mercedes,E-CLASS (W212),Mercedes,E-CLASS T-Model (S212),2008,2.2 i 4WD,2200,388
Z12XEP,1200,79,Opel,Agila,Opel,CORSA D,2008,2.7 TD,2700,80
CBAB,2000,138,Audi,A3,Volkswagen,PASSAT CC (357),2008,2.7 D Rear Wheel Drive,2700,140
CFFB,2000,138,Audi,A3,Volkswagen,PASSAT CC (357),2008,2.7 D Rear Wheel Drive,2700,140
CBAB,2000,138,Audi,A3,Volkswagen,GOLF VI (5K1),2008,2.7 D Rear Wheel Drive,2700,140
CFFB,2000,138,Audi,A3,Volkswagen,GOLF VI (5K1),2008,2.7 D Rear Wheel Drive,2700,140
G4KE,2400,177,Hyundai,Azera,Kia,SORENTO II (XM),2008,1.6 SR,1600,174
Z13DTH,1300,89,Holden,Astra,Vauxhall,ASTRA Mk V (H) Sport Hatch,2004,1.8 i Syncro CAT,1800,90
OM629.912,3996,306,Mercedes,GL-CLASS (X164),Mercedes,M-CLASS (W164),2008,"1.6 i (SF416, AH14)",1600,306
CMXA,1200,103,Seat,Altea,Volkswagen,GOLF VI Variant (AJ5),2008,1.6,1600,102
CBBB,2000,168,Audi,A3,Volkswagen,PASSAT (3C2),2008,2.7 D Rear Wheel Drive,2700,170
CBBB,2000,168,Audi,A3,Volkswagen,PASSAT Variant (3C5),2008,2.7 D Rear Wheel Drive,2700,170
CBBB,2000,168,Audi,A3,Volkswagen,PASSAT CC (357),2008,2.7 D Rear Wheel Drive,2700,170
CFGB,2000,168,Audi,A3,Volkswagen,PASSAT CC (357),2008,2.7 D Rear Wheel Drive,2700,170
Z13DTH,1300,89,Holden,Astra,Vauxhall,ASTRAVAN Mk V (H),2004,1.8 i Syncro CAT,1800,90
OM642.850,2987,231,Mercedes,E-CLASS (W212),Mercedes,E-CLASS T-Model (S212),2008,2.0 GTI-R 4x4,2000,211
188 A4.000,1200,59,Fiat,Palio,Fiat,PANDA (169),2008,2.7 TD,2700,60
CBZB,1200,103,Audi,A3,Audi,A3 (8P1),2009,S6 4.2 quattro (corr.),4200,105
CBZB,1200,103,Audi,A3,Audi,A3 Sportback (8PA),2009,S6 4.2 quattro (corr.),4200,105
CBZA,1200,84,Audi,A1,Audi,"A1 (8X1, 8XF)",2009,S6 4.2 quattro,4200,86
RTJA,1388,97,Ford,FIESTA VI,Ford,FIESTA VI,2008,3.8 Carrera,3800,97
RTJB,1388,97,Ford,FIESTA VI,Ford,FIESTA VI,2008,3.8 Carrera,3800,97
TXDA,2000,161,Ford,Kuga,Ford,KUGA I,2009,1.0 i 12V,1000,163
TNBA,1976,203,Ford,MONDEO IV (BA7),Ford,MONDEO IV (BA7),2009,3.8 Carrera 4,3800,203
TNBA,1976,203,Ford,MONDEO IV (BA7),Ford,MONDEO IV Turnier (BA7),2009,3.8 Carrera 4,3800,203
CBZB,1200,103,Audi,A3,Audi,A3 Convertible (8P7),2009,S6 4.2 quattro,4200,105
CFKA,2000,177,Audi,A4,Audi,"A4 (8K2, B8)",2008,3.8 Carrera RS,3800,180
CFKA,2000,177,Audi,A4,Audi,"A4 Avant (8K5, B8)",2008,3.8 Carrera RS,3800,180
350 A1.000,1400,76,Alfa Romeo,Mito,Fiat,QUBO (225),2008,1.9 TDI Syncro,1900,78
350 A1.000,1400,76,Alfa Romeo,Mito,Fiat,FIORINO Box Body / Estate (225),2008,1.9 TDI Syncro,1900,78
WEAT,2953,156,Ford,"RANGER (ES, ET)",Mazda,"BT-50 Platform/Chassis (CD, UN)",2005,1.6 16V 4WD (A111),1600,156
A28NER,2800,320,Opel,Insignia,Vauxhall,INSIGNIA Saloon,2008,1.7 DTi,1700,325
A28NER,2800,320,Opel,Insignia,Vauxhall,INSIGNIA,2008,1.7 DTi,1700,325
A28NER,2800,320,Opel,Insignia,Vauxhall,INSIGNIA Estate,2008,1.7 DTi,1700,325
D4FC,1400,74,Hyundai,I20,Kia,VENGA (YN),2009,2.5 V6 24V,2500,75
OM612.981,2685,156,Mercedes,"SPRINTER 2-t Bus (901, 902)",Mercedes,SPRINTER Dumptruck (905),2001,5.7 Tailgate,5700,156
F1CE0481HA,2998,176,Iveco,MASSIF Station Wagon,Iveco,DAILY IV Platform/Chassis,2005,1.6 e (corr.),1600,176
F1CE0481HC,2998,176,Iveco,DAILY IV Platform/Chassis,Iveco,DAILY IV Platform/Chassis,2005,2.0 i 16V (ST202/GT),2000,176
F1CE0481HC,2998,176,Iveco,DAILY IV Platform/Chassis,Iveco,DAILY IV Box Body / Estate,2005,2.0 i 16V (ST202/GT),2000,176
F1AE0481FA,2287,95,Iveco,DAILY IV Platform/Chassis,Iveco,DAILY IV Dumptruck,2005,3.0 Turbo-D (KZN 130),3000,95
F1CE0481FA,2998,146,Iveco,MASSIF Station Wagon,Iveco,DAILY IV Dumptruck,2005,2.0 i Turbo 4WD (ST205),2000,146
F1CE0481HA,2998,176,Iveco,MASSIF Station Wagon,Iveco,DAILY IV Dumptruck,2005,1.6 i 12V,1600,176
F1CE0481HC,2998,176,Iveco,DAILY IV Platform/Chassis,Iveco,DAILY IV Dumptruck,2005,2.0 i 16V (ST202/GT),2000,176
F1CE0481A,2998,136,Iveco,DAILY III Box Body / Estate,Iveco,DAILY III Box Body / Estate,2003,1.6 e (corr.),1600,136
F1CE0481A,2998,136,Iveco,DAILY III Box Body / Estate,Iveco,DAILY III Platform/Chassis,2003,1.6 e (corr.),1600,136
F1CE0481B,2998,166,Iveco,DAILY III Box Body / Estate,Iveco,DAILY III Box Body / Estate,2004,1.6 e (corr.),1600,166
F1CE0481B,2998,166,Iveco,DAILY III Box Body / Estate,Iveco,DAILY III Platform/Chassis,2004,1.6 e (corr.),1600,166
F1CE0481B,2998,166,Iveco,DAILY III Box Body / Estate,Iveco,DAILY III Box Body / Estate,2003,1.6 e (corr.),1600,166
F1CE0481B,2998,166,Iveco,DAILY III Box Body / Estate,Iveco,DAILY III Platform/Chassis,2003,1.6 e (corr.),1600,166
F1CE0481HA,2998,176,Iveco,MASSIF Station Wagon,Iveco,DAILY IV Box Body / Estate,2006,1.6 e (corr.),1600,170
F1CE3481LC,2998,140,Iveco,DAILY IV Box Body / Estate,Iveco,DAILY IV Box Body / Estate,2006,1.6 e (corr.),1600,140
F1CE0481HA,2998,176,Iveco,MASSIF Station Wagon,Iveco,DAILY IV Dumptruck,2006,1.6 e (corr.),1600,170
F1CE3481LC,2998,140,Iveco,DAILY IV Box Body / Estate,Iveco,DAILY IV Dumptruck,2006,1.6 e (corr.),1600,140
F1CE0481HA,2998,176,Iveco,MASSIF Station Wagon,Iveco,DAILY IV Platform/Chassis,2006,1.6 e (corr.),1600,170
F1CE3481LC,2998,140,Iveco,DAILY IV Box Body / Estate,Iveco,DAILY IV Platform/Chassis,2006,1.6 e (corr.),1600,140
CFHF,2000,109,Skoda,Octavia,Volkswagen,"CADDY III Estate (2KB, 2KJ, 2CB, 2CJ)",2009,2.7 D Rear Wheel Drive,2700,110
CFHF,2000,109,Skoda,Octavia,Volkswagen,"CADDY III Box (2KA, 2KH, 2CA, 2CH)",2009,2.7 D Rear Wheel Drive,2700,110
CDBA,2000,121,Volkswagen,Amarok,Volkswagen,"AMAROK (2H_, S1B)",2009,2.7 D Rear Wheel Drive,2700,122
CNFA,2000,121,Volkswagen,Amarok,Volkswagen,"AMAROK (2H_, S1B)",2009,2.7 D Rear Wheel Drive,2700,122
LC9,5328,325,Chevrolet,TAHOE (GMT900),Chevrolet,AVALANCHE Crew Cab Pickup,2005,2.2 S2,2200,314
LMG,5326,310,Chevrolet,SUBURBAN (GMT 900),Chevrolet,AVALANCHE Crew Cab Pickup,2005,2.2 S2,2200,314
LM7,5327,299,Chevrolet,TAHOE (B2W),Chevrolet,AVALANCHE 1500 Crew Cab Pickup,2003,2.2 S2,2200,298
L59,5327,290,Chevrolet,TRAILBLAZER (KC_),Chevrolet,AVALANCHE 1500 Crew Cab Pickup,2003,2.2 S2,2200,298
LC9,5328,325,Chevrolet,TAHOE (GMT900),Chevrolet,SILVERADO 1500 Crew Cab Pickup,2005,2.2 S2,2200,320
LMG,5326,310,Chevrolet,SUBURBAN (GMT 900),Chevrolet,SILVERADO 1500 Crew Cab Pickup,2005,2.2 S2,2200,320
LM7,5327,299,Chevrolet,TAHOE (B2W),Chevrolet,SILVERADO 1500 Extended Cab Pickup,2001,2.2 S2,2200,290
LM7,5327,299,Chevrolet,TAHOE (B2W),Chevrolet,SUBURBAN 1500 Closed Off-Road Vehicle,2001,2.2 S2,2200,290
L59,5327,290,Chevrolet,TRAILBLAZER (KC_),Chevrolet,SUBURBAN 1500 Closed Off-Road Vehicle,2003,2.2 S2,2200,299
LM7,5327,299,Chevrolet,TAHOE (B2W),Chevrolet,TAHOE (B2W),2001,2.2 S2,2200,290
L59,5327,290,Chevrolet,TRAILBLAZER (KC_),Chevrolet,TAHOE (B2W),2003,2.2 S2,2200,299
ETH,5883,330,Chrysler,RAM 2500 Extended Crew Cab Pickup,Chrysler,RAM 2500 Extended Crew Cab Pickup,2004,2.5 TDiC AWD,2500,330
ETC,5886,234,Chrysler,"RAM 2500 Pickup (D1, DC, DH, DM, DR)",Chrysler,RAM 3500 Cab & Chassis,2003,2.5 TDiC AWD,2500,249
ETC,5886,234,Chrysler,"RAM 2500 Pickup (D1, DC, DH, DM, DR)",Chrysler,RAM 3500 Cab & Chassis,2003,2.5 TDiC AWD,2500,242
ETC,5886,234,Chrysler,"RAM 2500 Pickup (D1, DC, DH, DM, DR)",Chrysler,RAM 3500 Crew Cab Pickup,2003,2.5 TDiC AWD,2500,242
ETC,5886,234,Chrysler,"RAM 2500 Pickup (D1, DC, DH, DM, DR)",Chrysler,RAM 3500 Crew Cab Pickup,2003,2.5 TDiC AWD,2500,249
ETH,5883,330,Chrysler,RAM 2500 Extended Crew Cab Pickup,Chrysler,RAM 4000 Standard Cab Pickup,2003,2.5 TDiC AWD,2500,329
A14NEL,1400,138,Chevrolet,Aveo,Vauxhall,MERIVA Mk II (B),2010,3.8 Carrera,3800,120
B14NEL,1364,120,Opel,MERIVA B,Vauxhall,MERIVA Mk II (B),2010,3.8 Carrera,3800,120
LC9,5328,325,Chevrolet,TAHOE (GMT900),Chevrolet,AVALANCHE Crew Cab Pickup,2009,2.2 S2 (corr.),2200,325
L20,4807,306,GMC,SIERRA 1500 Crew Cab Pickup,GMC,SIERRA 1500 Crew Cab Pickup,2009,1.0 DVVT,1000,306
L76,5967,354,Holden,COMMODORE Estate (VZ),GMC,SIERRA 1500 Extended Cab Pickup,2006,1.3 VVTi,1300,371
L76,5967,354,Holden,COMMODORE Estate (VZ),GMC,SIERRA 1500 Standard Cab Pickup,2006,1.3 VVTi,1300,371
L96,5967,360,GMC,SIERRA 2500 HD Crew Cab Pickup,GMC,SIERRA 2500 HD Crew Cab Pickup,2006,1.3 VVTi,1300,360
L20,4807,306,GMC,SIERRA 1500 Crew Cab Pickup,Chevrolet,SILVERADO 1500 Standard Cab Pickup,2008,1.0 DVVT,1000,306
LC9,5328,325,Chevrolet,TAHOE (GMT900),Chevrolet,SILVERADO 1500 Crew Cab Pickup,2006,1.9 RND,1900,330
LMG,5326,310,Chevrolet,SUBURBAN (GMT 900),Chevrolet,SILVERADO 1500 Crew Cab Pickup,2006,1.9 RND,1900,330
L76,5967,354,Holden,COMMODORE Estate (VZ),Chevrolet,SILVERADO 1500 Crew Cab Pickup,2006,1.3 VVTi,1300,373
L20,4807,306,GMC,SIERRA 1500 Crew Cab Pickup,Chevrolet,SILVERADO 1500 Crew Cab Pickup,2008,1.3 DVVT Turbo,1300,306
LFA,5967,337,Chevrolet,SILVERADO 1500 Crew Cab Pickup,Chevrolet,SILVERADO 1500 Crew Cab Pickup,2008,2.0 D All-wheel Drive,2000,337
L96,5967,360,GMC,SIERRA 2500 HD Crew Cab Pickup,Chevrolet,SILVERADO 2500 HD Standard Cab Pickup,2008,2.4 LONG,2400,364
L96,5967,360,GMC,SIERRA 2500 HD Crew Cab Pickup,Chevrolet,SILVERADO 2500 HD Standard Cab Pickup,2007,1.3 VVTi,1300,364
ETH,5883,330,Chrysler,RAM 2500 Extended Crew Cab Pickup,Chrysler,RAM 2500 Standard Cab Pickup,2005,2.5 TDiC 4x4,2500,329
ETH,5883,330,Chrysler,RAM 2500 Extended Crew Cab Pickup,Chrysler,RAM 3500 Standard Cab Pickup,2006,2.5 TDiC 4x4,2500,329
L76,5967,354,Holden,COMMODORE Estate (VZ),Chevrolet,SUBURBAN 1500 Closed Off-Road Vehicle,2006,1.3 VVTi,1300,371
LFA,5967,337,Chevrolet,SILVERADO 1500 Crew Cab Pickup,Chevrolet,TAHOE (GMT900),2008,2.0 D All-wheel Drive,2000,337
LZ1,5967,337,Cadillac,ESCALADE,Chevrolet,TAHOE (GMT900),2008,2.0 D All-wheel Drive,2000,337
ETH,5883,330,Chrysler,RAM 2500 Extended Crew Cab Pickup,Chrysler,RAM 2500 Crew Cab Pickup,2005,2.5 TDiC 4x4,2500,329
ETJ,6691,349,Chrysler,RAM 2500 Crew Cab Pickup,Chrysler,RAM 2500 Crew Cab Pickup,2005,3.6 FSI 4motion,3600,349
ETJ,6691,349,Chrysler,RAM 2500 Crew Cab Pickup,Chrysler,RAM 2500 Standard Cab Pickup,2005,3.6 FSI 4motion,3600,349
ETJ,6691,349,Chrysler,RAM 2500 Crew Cab Pickup,Chrysler,RAM 3500 Crew Cab Pickup,2005,3.6 FSI 4motion (corr.),3600,350
8FN(EP3),1397,95,Citroën,C3 Picasso,Citroën,C3 II,2012,3.8 Carrera,3800,95
CJZA,1200,103,Audi,A3,Audi,A3 Limousine (8VS),2012,S6 4.2 quattro,4200,105
L76,5967,354,Holden,COMMODORE Estate (VZ),GMC,SIERRA 1500 Crew Cab Pickup,2006,1.3 VVTi,1300,372
L20,4807,306,GMC,SIERRA 1500 Crew Cab Pickup,GMC,SIERRA 1500 Extended Cab Pickup,2008,1.3 DVVT Turbo,1300,306
L20,4807,306,GMC,SIERRA 1500 Crew Cab Pickup,GMC,SIERRA 1500 Standard Cab Pickup,2009,1.3 DVVT Turbo,1300,306
L20,4807,306,GMC,SIERRA 1500 Crew Cab Pickup,GMC,SIERRA 1500 Standard Cab Pickup,2008,1.0 DVVT,1000,306
L96,5967,360,GMC,SIERRA 2500 HD Crew Cab Pickup,GMC,SIERRA 2500 HD Cab & Chassis,2007,1.3 VVTi,1300,364
L96,5967,360,GMC,SIERRA 2500 HD Crew Cab Pickup,GMC,SIERRA 2500 HD Crew Cab Pickup,2008,1.3 VVTi,1300,364
L96,5967,360,GMC,SIERRA 2500 HD Crew Cab Pickup,GMC,SIERRA 2500 HD Extended Cab Pickup,2007,1.3 VVTi,1300,364
L96,5967,360,GMC,SIERRA 2500 HD Crew Cab Pickup,GMC,SIERRA 2500 HD Standard Cab Pickup,2007,1.3 VVTi,1300,364
L96,5967,360,GMC,SIERRA 2500 HD Crew Cab Pickup,GMC,SIERRA 3500 HD Cab & Chassis,2007,1.3 VVTi,1300,364
L96,5967,360,GMC,SIERRA 2500 HD Crew Cab Pickup,GMC,SIERRA 3500 HD Extended Cab Pickup,2007,1.3 VVTi,1300,364
L96,5967,360,GMC,SIERRA 2500 HD Crew Cab Pickup,GMC,SIERRA 3500 HD Standard Cab Pickup,2007,1.3 VVTi,1300,364
L20,4807,306,GMC,SIERRA 1500 Crew Cab Pickup,Chevrolet,SILVERADO 1500 Extended Cab Pickup,2009,1.3 DVVT Turbo,1300,306
ETJ,6691,349,Chrysler,RAM 2500 Crew Cab Pickup,Chrysler,RAM 2500 Extended Crew Cab Pickup,2005,3.6 FSI 4motion,3600,349
ETJ,6691,349,Chrysler,RAM 2500 Crew Cab Pickup,Chrysler,RAM 3500 Cab & Chassis,2005,3.6 FSI 4motion,3600,309
ETJ,6691,349,Chrysler,RAM 2500 Crew Cab Pickup,Chrysler,RAM 3500 Standard Cab Pickup,2005,3.6 FSI 4motion (corr.),3600,350
LFX,3564,322,Cadillac,CTS Sport Wagon,Cadillac,CTS Coupe,2010,1.5 dCi (CN0E),1500,322
LFX,3564,322,Cadillac,CTS Sport Wagon,Cadillac,SRX,2010,1.5 dCi (CN0E),1500,313
ETJ,6691,349,Chrysler,RAM 2500 Crew Cab Pickup,Chrysler,RAM 3500 Extended Crew Cab Pickup,2005,3.6 FSI 4motion,3600,355
ETJ,6691,349,Chrysler,RAM 2500 Crew Cab Pickup,Chrysler,RAM 3500 Extended Crew Cab Pickup,2005,3.6 FSI 4motion (corr.),3600,350
ETJ,6691,349,Chrysler,RAM 2500 Crew Cab Pickup,Chrysler,Ram 5500 Cab & Chassis,2007,3.6 FSI 4motion,3600,310
A12XER,1200,84,Chevrolet,Aveo,Vauxhall,CORSA Mk III (D) (L_8),2010,2.7 TD,2700,86
Z12XEP,1200,79,Opel,Agila,Vauxhall,CORSA Mk III (D) (L_8),2008,2.7 TD,2700,80
A12XER,1200,84,Chevrolet,Aveo,Vauxhall,CORSA Mk III (D) (L_8),2010,2.7 TD,2700,83
188 A4.000,1200,59,Fiat,Palio,Fiat,PUNTO (188),2006,0.7 FT-S,700,60
D7F702,1149,60,Renault,TWINGO I (C06_),Renault,TWINGO I (C06_),2003,2.7 TD,2700,60
D7F708,1149,60,Renault,TWINGO I (C06_),Renault,TWINGO I (C06_),2003,2.7 TD,2700,60
D4FD,1700,114,Hyundai,I40,Hyundai,i40 (VF),2011,3.0 -24 V6 CS/CSE,3000,116
N57D30C,4875,375,Bmw,5 Series,BMW,X5 (E70),2010,3.0 d (corr.),3000,381
G4LA,1200,84,Hyundai,I10,Kia,RIO III (UB),2010,2.6 Di,2600,88
N18B16A,1598,200,Mini,MINI Roadster (R59),Mini,MINI COUNTRYMAN (R60),2011,6.5 D AWD (corr.),6500,218
199 A4.000,1200,64,Fiat,Grande Punto,Fiat,PUNTO / GRANDE PUNTO (199),2007,2.7 TD,2700,69
L96,5967,360,GMC,SIERRA 2500 HD Crew Cab Pickup,Chevrolet,SILVERADO 3500 HD Crew Cab Pickup,2007,1.3 VVTi,1300,364
A14NET,1400,138,Chevrolet,Cruze,Vauxhall,INSIGNIA Estate,2011,3.8 Carrera,3800,140
A14NET,1400,138,Chevrolet,Cruze,Vauxhall,INSIGNIA Saloon,2011,3.8 Carrera,3800,140
A14NET,1400,138,Chevrolet,Cruze,Vauxhall,INSIGNIA,2011,3.8 Carrera,3800,140
LC8,5967,306,Chevrolet,SILVERADO 2500 Cab & Chassis,GMC,SIERRA 2500 HD Crew Cab Pickup,2011,1.3 VVTi (corr.),1300,306
F1CE3481L,2998,146,Iveco,DAILY V Platform/Chassis,Iveco,DAILY V Platform/Chassis,2010,1.6 e (corr.),1600,146
F1CE3481J,2998,146,Iveco,DAILY V Platform/Chassis,Iveco,DAILY V Platform/Chassis,2010,1.6 e (corr.),1600,146
F1CE3481C,2998,170,Iveco,DAILY V Platform/Chassis,Iveco,DAILY V Platform/Chassis,2010,1.6 e (corr.),1600,170
F1CE3481K,2998,170,Iveco,DAILY V Platform/Chassis,Iveco,DAILY V Platform/Chassis,2010,1.6 e (corr.),1600,170
UTJA,1388,80,Ford,FUSION (JU_),Ford,FUSION (JU_),2009,3.8 Carrera,3800,80
F1CE3481D,2998,205,Iveco,DAILY V Platform/Chassis,Iveco,DAILY V Platform/Chassis,2010,1.6 e (corr.),1600,205
F1CE3481C,2998,170,Iveco,DAILY V Platform/Chassis,Iveco,DAILY V Box Body / Estate,2010,1.6 e (corr.),1600,170
F1CE3481L,2998,146,Iveco,DAILY V Platform/Chassis,Iveco,DAILY V Dumptruck,2010,1.6 e (corr.),1600,146
F1CE3481C,2998,170,Iveco,DAILY V Platform/Chassis,Iveco,DAILY V Dumptruck,2010,1.6 e (corr.),1600,170
A14NET,1400,138,Chevrolet,Cruze,Opel,INSIGNIA Estate,2011,3.8 Carrera,3800,140
A14NET,1400,138,Chevrolet,Cruze,Opel,INSIGNIA,2011,3.8 Carrera,3800,140
A14NET,1400,138,Chevrolet,Cruze,Opel,INSIGNIA Saloon,2011,3.8 Carrera,3800,140
F1CE3481D,2998,205,Iveco,DAILY V Platform/Chassis,Iveco,DAILY V Dumptruck,2010,1.6 e (corr.),1600,205
LC9,5328,325,Chevrolet,TAHOE (GMT900),Chevrolet,AVALANCHE Crew Cab Pickup,2008,2.2 S2,2200,330
LMG,5326,310,Chevrolet,SUBURBAN (GMT 900),Chevrolet,AVALANCHE Crew Cab Pickup,2008,2.2 S2,2200,330
LC9,5328,325,Chevrolet,TAHOE (GMT900),Chevrolet,TAHOE (GMT900),2008,2.2 S2,2200,330
LMG,5326,310,Chevrolet,SUBURBAN (GMT 900),Chevrolet,TAHOE (GMT900),2008,2.2 S2,2200,330
D4F734,1149,75,Dacia,LOGAN II,Dacia,LOGAN II,2011,2.7 TD,2700,75
A12XER,1200,84,Chevrolet,Aveo,Chevrolet,AVEO Hatchback (T300),2011,2.7 TD,2700,86
A12XER,1200,84,Chevrolet,Aveo,Chevrolet,AVEO Saloon (T300),2011,2.7 TD,2700,86
B12D1,1200,80,Chevrolet,Beat,Chevrolet,"AVEO Saloon (T250, T255)",2008,2.7 TD,2700,84
LMU,1206,84,Chevrolet,"AVEO Saloon (T250, T255)",Chevrolet,"AVEO Saloon (T250, T255)",2008,2.7 TD,2700,84
CJZA,1200,103,Audi,A3,Audi,A3 (8V1),2012,S6 4.2 quattro,4200,105
CPVA,1395,122,Volkswagen,"GOLF VII (5G1, BE1)",Volkswagen,"GOLF VII (5G1, BE1)",2012,6.7 Turbo R,6700,122
N47D16A,1222,94,Bmw,1 Series,BMW,1 (F20),2011,1.6 (est.),1600,95
CFGC,2000,174,Audi,Q3,Volkswagen,TIGUAN (5N_),2011,2.7 D Rear Wheel Drive,2700,177
F1CE0481L,2998,150,Iveco,DAILY IV Box Body / Estate,Iveco,DAILY IV Box Body / Estate,2005,1.6 e (corr.),1600,150
F1CE3481D,2998,205,Iveco,DAILY V Platform/Chassis,Iveco,DAILY V Box Body / Estate,2010,1.6 e (corr.),1600,204
F1CE3481J,2998,146,Iveco,DAILY V Platform/Chassis,Iveco,DAILY V Box Body / Estate,2010,1.6 e (corr.),1600,146
N47D16A,1222,94,Bmw,1 Series,BMW,1 (F21),2011,1.6 (est.),1600,95
CFFB,2000,138,Audi,A3,Volkswagen,PASSAT ALLTRACK (365),2011,2.7 D Rear Wheel Drive,2700,140
CFGB,2000,168,Audi,A3,Volkswagen,PASSAT ALLTRACK (365),2011,2.7 D Rear Wheel Drive,2700,170
CFGC,2000,174,Audi,Q3,Volkswagen,PASSAT ALLTRACK (365),2012,2.7 D Rear Wheel Drive,2700,177
TXDA,2000,161,Ford,Kuga,Ford,KUGA II (DM2),2012,1.0 i 12V,1000,163
TXMA,1998,163,Ford,KUGA II (DM2),Ford,KUGA II (DM2),2012,1.0 i 12V,1000,163
Y601,1560,109,Mazda,3 Saloon (BK),Mazda,3 Saloon (BL),2007,2.3 D (corr.),2300,109
D4FD-L,1685,116,Kia,SPORTAGE (SL),Kia,CARENS IV,2012,3.0 -24 V6 CS/CSE,3000,116
G4KJ,2359,192,Hyundai,SANTA FÉ III (DM),Kia,SORENTO II (XM),2011,1.6 SR,1600,192
N18B16C,1598,218,Mini,MINI PACEMAN (R61),Mini,MINI PACEMAN (R61),2011,3.3 VVTi G (corr.),3300,218
RTJA,1388,97,Ford,FIESTA VI,Ford,FIESTA VI,2008,3.8 Carrera,3800,92
RTJB,1388,97,Ford,FIESTA VI,Ford,FIESTA VI,2008,3.8 Carrera,3800,92
CJZA,1200,103,Audi,A3,Audi,A3 Sportback (8VA),2012,S6 4.2 quattro,4200,105
G4LA,1200,84,Hyundai,I10,Kia,RIO III Saloon (UB),2010,2.6 Di,2600,86
CFGC,2000,174,Audi,Q3,Volkswagen,PASSAT Variant (365),2012,2.7 D Rear Wheel Drive,2700,177
CFGC,2000,174,Audi,Q3,Volkswagen,PASSAT (362),2012,2.7 D Rear Wheel Drive,2700,177
D4FB,1600,126,Hyundai,Accent,Hyundai,ix20 (JC),2010,2.5 RX Nato AWD,2500,128
M273.963,5461,388,Mercedes,GL-CLASS (X164),Mercedes,G-CLASS (W463),2007,3.0 TD 4WD,3000,388
F1CE0481FA,2998,146,Iveco,MASSIF Station Wagon,Iveco,DAILY IV Platform/Chassis,2007,1.6 e (corr.),1600,146
QR25DE,1600,171,Renault,Koleos,Nissan,ALTIMA,2011,2.5,2500,182
G4NC,2000,176,Hyundai,I40,Kia,SPORTAGE (SL),2009,2.9 VR6 Syncro (1HX1),2900,166
A14NET,1400,138,Chevrolet,Cruze,Chevrolet,TRAX,2012,3.8 Carrera,3800,140
B14NET,1364,140,Opel,ZAFIRA TOURER C (P12),Chevrolet,TRAX,2012,3.8 Carrera,3800,140
312 A2.000,900,84,Alfa Romeo,Mito,Lancia,YPSILON (846),2012,1.4 TDi,1400,80
RTJC,1388,86,Ford,B-MAX,Ford,B-MAX,2012,3.8 Carrera,3800,86
CPVB,1395,125,Volkswagen,GOLF SPORTSVAN,Volkswagen,GOLF SPORTSVAN,2012,6.7 Turbo R,6700,125
RTJC,1388,86,Ford,B-MAX,Ford,B-MAX,2012,3.8 Carrera,3800,90
CYVB,1200,109,Volkswagen,Golf,Audi,A3 (8V1),2012,S6 4.2 quattro,4200,110
CYVB,1200,109,Volkswagen,Golf,Audi,A3 Limousine (8VS),2012,S6 4.2 quattro,4200,110
CYVB,1200,109,Volkswagen,Golf,Audi,A3 Sportback (8VA),2012,S6 4.2 quattro,4200,110
1ZR-FE,1600,121,Toyota,Auris,Toyota,"COROLLA Saloon (NRE18_, ZRE17_, ZRE18_, NDE18_)",2012,3.1 TD,3100,122
CUAA,1968,240,Volkswagen,PASSAT (3G2),Volkswagen,PASSAT (3G2),2012,2.7 D Rear Wheel Drive,2700,240
CUAA,1968,240,Volkswagen,PASSAT (3G2),Volkswagen,PASSAT Variant (3G5),2012,2.7 D Rear Wheel Drive,2700,240
CFNB,1200,84,Volkswagen,Polo,Volkswagen,"JETTA IV (162, 163)",2012,1.6,1600,86
QR25DE,1600,171,Renault,Koleos,Nissan,X-TRAIL (T32),2012,2.5,2500,170
QR25DE,1600,171,Renault,Koleos,Nissan,TEANA III (J33),2012,2.5 (corr.),2500,173
F1CFL411J,2998,146,Iveco,DAILY Platform/Chassis,Iveco,DAILY Platform/Chassis,2012,1.6 e (corr.),1600,146
F1CFL411E,2998,146,Iveco,DAILY Platform/Chassis,Iveco,DAILY Platform/Chassis,2012,1.6 e (corr.),1600,146
F1CFL411G,2998,205,Iveco,DAILY Platform/Chassis,Iveco,DAILY Platform/Chassis,2012,1.4 D4d,1400,205
F1CFL411J,2998,146,Iveco,DAILY Platform/Chassis,Iveco,DAILY Box Body / Estate,2012,1.6 e (corr.),1600,146
F1CFL411E,2998,146,Iveco,DAILY Platform/Chassis,Iveco,DAILY Box Body / Estate,2012,1.6 e (corr.),1600,146
F1CFL411G,2998,205,Iveco,DAILY Platform/Chassis,Iveco,DAILY Box Body / Estate,2012,1.4 D4d,1400,205
F1CFA401A,2998,136,Iveco,DAILY Platform/Chassis,Iveco,DAILY Box Body / Estate,2012,1.4 Abarth (corr.),1400,136
F1CFA401B,2998,136,Iveco,DAILY Platform/Chassis,Iveco,DAILY Box Body / Estate,2012,1.4 Abarth (corr.),1400,136
A14NET,1400,138,Chevrolet,Cruze,Opel,ASTRA J Saloon,2012,3.8 Carrera,3800,140
M276.850,3498,333,Mercedes,E-CLASS Convertible (A207),Mercedes,CLS (C218),2012,1.5 VVTi 4WD,1500,333
M276.850,3498,333,Mercedes,E-CLASS Convertible (A207),Mercedes,CLS Shooting Brake (X218),2012,1.8 VVTi 4WD,1800,333
N16B16A,1598,115,Mini,MINI (R56),Mini,MINI PACEMAN (R61),2012,3.3 VVTi G,3300,122
M276.850,3498,333,Mercedes,E-CLASS Convertible (A207),Mercedes,E-CLASS (W212),2012,2.4 VX,2400,333
T8MB,1998,180,Ford,KUGA II (DM2),Ford,KUGA II (DM2),2012,1.0 i 12V,1000,180
T8MA,1998,180,Ford,KUGA II (DM2),Ford,KUGA II (DM2),2012,1.0 i 12V,1000,180
312A8.000,1248,80,Fiat,"PANDA (519, 319)",Fiat,"PANDA (519, 319)",2012,2.0 TDI (EA6A),2000,80
M178.980,4000,456,Mercedes,Gt,Mercedes,AMG GT / GT S (C190),2013,1.8 DT 4x4,1800,462
M178.980,4000,456,Mercedes,Gt,Mercedes,AMG GT / GT S (C190),2013,2.5 DT,2500,510
CSCA,829,48,Volkswagen,XL1,Volkswagen,XL1,2012,1.6 CRDi,1600,48
B13DTC,1248,75,Opel,CORSA E,Vauxhall,CORSA Mk IV (E),2012,1.8 i Syncro CAT,1800,75
B13DTE,1248,95,Opel,CORSA E,Vauxhall,CORSA Mk IV (E),2012,1.8 i Syncro CAT,1800,95
QR25DE,1600,171,Renault,Koleos,Nissan,NV350 Bus,2011,2.5,2500,147
QR25DE,1600,171,Renault,Koleos,Nissan,PRESAGE (U30),2001,2.5,2500,165
N16B16A,1598,115,Mini,MINI (R56),Mini,MINI COUNTRYMAN (R60),2013,3.3 VVTi G,3300,122
T8MB,1998,180,Ford,KUGA II (DM2),Ford,KUGA II Van,2012,1.0 i 12V,1000,180
T8MA,1998,180,Ford,KUGA II (DM2),Ford,KUGA II Van,2012,1.0 i 12V,1000,180
B13DTC,1248,75,Opel,CORSA E,Vauxhall,CORSAVAN Mk IV (E),2013,1.8 i Syncro CAT,1800,75
B13DTE,1248,95,Opel,CORSA E,Vauxhall,CORSAVAN Mk IV (E),2013,1.8 i Syncro CAT,1800,95
CRLB,2000,148,Audi,A3,Volkswagen,GOLF ALLTRACK (BA5),2013,2.7 D Rear Wheel Drive,2700,150
CRBC,2000,148,Audi,A3,Volkswagen,GOLF ALLTRACK (BA5),2013,2.7 D Rear Wheel Drive,2700,150
188 A4.000,1200,59,Fiat,Palio,Fiat,PANDA Van (169),2008,2.7 TD,2700,60
