vehicle_variant_id,old_brand,old_model,new_brand,new_model,kind
9907,Alfa Romeo,BRERA,Alfa Romeo,Brera,model_case
16208,Alfa Romeo,BRERA,Alfa Romeo,Brera,model_case
16209,Alfa Romeo,BRERA,Alfa Romeo,Brera,model_case
16934,Alfa Romeo,BRERA,Alfa Romeo,Brera,model_case
18315,Alfa Romeo,BRERA,Alfa Romeo,Brera,model_case
19405,Alfa Romeo,BRERA,Alfa Romeo,Brera,model_case
21293,Alfa Romeo,BRERA,Alfa Romeo,Brera,model_case
21294,Alfa Romeo,BRERA,Alfa Romeo,Brera,model_case
9591,Aston Martin,CYGNET,Aston Martin,Cygnet,model_case
22180,Aston Martin,RAPIDE,Aston Martin,Rapide,model_case
26771,Audi,SQ5,Audi,Sq5,model_case
26772,Audi,SQ5,Audi,Sq5,model_case
27901,Audi,SQ5,Audi,Sq5,model_case
27932,Audi,SQ5,Audi,Sq5,model_case
33268,Audi,SQ5,Audi,Sq5,model_case
35660,Audi,SQ5,Audi,Sq5,model_case
35682,Audi,SQ5,Audi,Sq5,model_case
35711,Audi,SQ5,Audi,Sq5,model_case
35748,Audi,SQ5,Audi,Sq5,model_case
35781,Audi,SQ5,Audi,Sq5,model_case
35819,Audi,SQ5,Audi,Sq5,model_case
35855,Audi,SQ5,Audi,Sq5,model_case
35883,Audi,SQ5,Audi,Sq5,model_case
26774,Audi,TT,Audi,Tt,model_case
26776,Audi,TT,Audi,Tt,model_case
27902,Audi,TT,Audi,Tt,model_case
27933,Audi,TT,Audi,Tt,model_case
29171,Audi,TT,Audi,Tt,model_case
29179,Audi,TT,Audi,Tt,model_case
29191,Audi,TT,Audi,Tt,model_case
29202,Audi,TT,Audi,Tt,model_case
29212,Audi,TT,Audi,Tt,model_case
29213,Audi,TT,Audi,Tt,model_case
29214,Audi,TT,Audi,Tt,model_case
30676,Audi,TT,Audi,Tt,model_case
30677,Audi,TT,Audi,Tt,model_case
30678,Audi,TT,Audi,Tt,model_case
30692,Audi,TT,Audi,Tt,model_case
30693,Audi,TT,Audi,Tt,model_case
30694,Audi,TT,Audi,Tt,model_case
30725,Audi,TT,Audi,Tt,model_case
30727,Audi,TT,Audi,Tt,model_case
30747,Audi,TT,Audi,Tt,model_case
30748,Audi,TT,Audi,Tt,model_case
33161,Audi,TT,Audi,Tt,model_case
33179,Audi,TT,Audi,Tt,model_case
33201,Audi,TT,Audi,Tt,model_case
33234,Audi,TT,Audi,Tt,model_case
33236,Audi,TT,Audi,Tt,model_case
33269,Audi,TT,Audi,Tt,model_case
33271,Audi,TT,Audi,Tt,model_case
35661,Audi,TT,Audi,Tt,model_case
35662,Audi,TT,Audi,Tt,model_case
35683,Audi,TT,Audi,Tt,model_case
35684,Audi,TT,Audi,Tt,model_case
35685,Audi,TT,Audi,Tt,model_case
35713,Audi,TT,Audi,Tt,model_case
35715,Audi,TT,Audi,Tt,model_case
35716,Audi,TT,Audi,Tt,model_case
35751,Audi,TT,Audi,Tt,model_case
35752,Audi,TT,Audi,Tt,model_case
35754,Audi,TT,Audi,Tt,model_case
35785,Audi,TT,Audi,Tt,model_case
35786,Audi,TT,Audi,Tt,model_case
35787,Audi,TT,Audi,Tt,model_case
35822,Audi,TT,Audi,Tt,model_case
35823,Audi,TT,Audi,Tt,model_case
33237,Audi,TTS,Audi,Tts,model_case
26777,Audi,allroad,Audi,Allroad,model_case
26778,Audi,allroad,Audi,Allroad,model_case
27903,Audi,allroad,Audi,Allroad,model_case
29181,Audi,allroad,Audi,Allroad,model_case
29192,Audi,allroad,Audi,Allroad,model_case
29203,Audi,allroad,Audi,Allroad,model_case
29204,Audi,allroad,Audi,Allroad,model_case
29215,Audi,allroad,Audi,Allroad,model_case
29216,Audi,allroad,Audi,Allroad,model_case
30679,Audi,allroad,Audi,Allroad,model_case
30680,Audi,allroad,Audi,Allroad,model_case
33238,Audi,allroad,Audi,Allroad,model_case
33270,Audi,allroad,Audi,Allroad,model_case
24878,Buick,ENCLAVE,Buick,Enclave,model_case
19547,Buick,EXCELLE,Buick,Excelle,model_case
10141,Cadillac,BLS,Cadillac,Bls,model_case
10142,Cadillac,BLS,Cadillac,Bls,model_case
10267,Cadillac,BLS,Cadillac,Bls,model_case
18341,Cadillac,BLS,Cadillac,Bls,model_case
18342,Cadillac,BLS,Cadillac,Bls,model_case
18343,Cadillac,BLS,Cadillac,Bls,model_case
18344,Cadillac,BLS,Cadillac,Bls,model_case
18838,Cadillac,BLS,Cadillac,Bls,model_case
18839,Cadillac,BLS,Cadillac,Bls,model_case
25253,Cadillac,BLS,Cadillac,Bls,model_case
25254,Cadillac,BLS,Cadillac,Bls,model_case
9569,Cadillac,CTS,Cadillac,Cts,model_case
9570,Cadillac,CTS,Cadillac,Cts,model_case
10661,Cadillac,CTS,Cadillac,Cts,model_case
11477,Cadillac,CTS,Cadillac,Cts,model_case
13279,Cadillac,CTS,Cadillac,Cts,model_case
14479,Cadillac,CTS,Cadillac,Cts,model_case
15579,Cadillac,CTS,Cadillac,Cts,model_case
15580,Cadillac,CTS,Cadillac,Cts,model_case
15581,Cadillac,CTS,Cadillac,Cts,model_case
18846,Cadillac,CTS,Cadillac,Cts,model_case
18847,Cadillac,CTS,Cadillac,Cts,model_case
21308,Cadillac,CTS,Cadillac,Cts,model_case
21611,Cadillac,CTS,Cadillac,Cts,model_case
23041,Cadillac,CTS,Cadillac,Cts,model_case
23042,Cadillac,CTS,Cadillac,Cts,model_case
23448,Cadillac,CTS,Cadillac,Cts,model_case
25307,Cadillac,CTS,Cadillac,Cts,model_case
25721,Cadillac,CTS,Cadillac,Cts,model_case
25722,Cadillac,CTS,Cadillac,Cts,model_case
25723,Cadillac,CTS,Cadillac,Cts,model_case
26888,Cadillac,CTS,Cadillac,Cts,model_case
26889,Cadillac,CTS,Cadillac,Cts,model_case
26890,Cadillac,CTS,Cadillac,Cts,model_case
26891,Cadillac,CTS,Cadillac,Cts,model_case
26892,Cadillac,CTS,Cadillac,Cts,model_case
28051,Cadillac,CTS,Cadillac,Cts,model_case
28052,Cadillac,CTS,Cadillac,Cts,model_case
28053,Cadillac,CTS,Cadillac,Cts,model_case
28054,Cadillac,CTS,Cadillac,Cts,model_case
28055,Cadillac,CTS,Cadillac,Cts,model_case
28068,Cadillac,CTS,Cadillac,Cts,model_case
28069,Cadillac,CTS,Cadillac,Cts,model_case
28070,Cadillac,CTS,Cadillac,Cts,model_case
28071,Cadillac,CTS,Cadillac,Cts,model_case
28072,Cadillac,CTS,Cadillac,Cts,model_case
29351,Cadillac,CTS,Cadillac,Cts,model_case
29357,Cadillac,CTS,Cadillac,Cts,model_case
29358,Cadillac,CTS,Cadillac,Cts,model_case
29360,Cadillac,CTS,Cadillac,Cts,model_case
30929,Cadillac,CTS,Cadillac,Cts,model_case
30930,Cadillac,CTS,Cadillac,Cts,model_case
30932,Cadillac,CTS,Cadillac,Cts,model_case
30941,Cadillac,CTS,Cadillac,Cts,model_case
30942,Cadillac,CTS,Cadillac,Cts,model_case
30944,Cadillac,CTS,Cadillac,Cts,model_case
30953,Cadillac,CTS,Cadillac,Cts,model_case
30956,Cadillac,CTS,Cadillac,Cts,model_case
30957,Cadillac,CTS,Cadillac,Cts,model_case
30966,Cadillac,CTS,Cadillac,Cts,model_case
30975,Cadillac,CTS,Cadillac,Cts,model_case
30976,Cadillac,CTS,Cadillac,Cts,model_case
33551,Cadillac,CTS,Cadillac,Cts,model_case
33552,Cadillac,CTS,Cadillac,Cts,model_case
33553,Cadillac,CTS,Cadillac,Cts,model_case
33562,Cadillac,CTS,Cadillac,Cts,model_case
33563,Cadillac,CTS,Cadillac,Cts,model_case
33564,Cadillac,CTS,Cadillac,Cts,model_case
33572,Cadillac,CTS,Cadillac,Cts,model_case
33573,Cadillac,CTS,Cadillac,Cts,model_case
33574,Cadillac,CTS,Cadillac,Cts,model_case
33575,Cadillac,CTS,Cadillac,Cts,model_case
33583,Cadillac,CTS,Cadillac,Cts,model_case
33584,Cadillac,CTS,Cadillac,Cts,model_case
33585,Cadillac,CTS,Cadillac,Cts,model_case
33586,Cadillac,CTS,Cadillac,Cts,model_case
33595,Cadillac,CTS,Cadillac,Cts,model_case
33596,Cadillac,CTS,Cadillac,Cts,model_case
33597,Cadillac,CTS,Cadillac,Cts,model_case
33598,Cadillac,CTS,Cadillac,Cts,model_case
33599,Cadillac,CTS,Cadillac,Cts,model_case
36256,Cadillac,CTS,Cadillac,Cts,model_case
36257,Cadillac,CTS,Cadillac,Cts,model_case
36258,Cadillac,CTS,Cadillac,Cts,model_case
36259,Cadillac,CTS,Cadillac,Cts,model_case
36260,Cadillac,CTS,Cadillac,Cts,model_case
36273,Cadillac,CTS,Cadillac,Cts,model_case
36274,Cadillac,CTS,Cadillac,Cts,model_case
36275,Cadillac,CTS,Cadillac,Cts,model_case
36276,Cadillac,CTS,Cadillac,Cts,model_case
36277,Cadillac,CTS,Cadillac,Cts,model_case
10263,Cadillac,ESCALADE,Cadillac,Escalade,model_case
10916,Cadillac,ESCALADE,Cadillac,Escalade,model_case
10917,Cadillac,ESCALADE,Cadillac,Escalade,model_case
19512,Cadillac,ESCALADE,Cadillac,Escalade,model_case
19550,Cadillac,ESCALADE,Cadillac,Escalade,model_case
19556,Cadillac,ESCALADE,Cadillac,Escalade,model_case
23043,Cadillac,ESCALADE,Cadillac,Escalade,model_case
23044,Cadillac,ESCALADE,Cadillac,Escalade,model_case
23045,Cadillac,ESCALADE,Cadillac,Escalade,model_case
24291,Cadillac,ESCALADE,Cadillac,Escalade,model_case
36349,Cadillac,LYRIQ,Cadillac,Lyriq,model_case
36370,Cadillac,LYRIQ,Cadillac,Lyriq,model_case
36391,Cadillac,LYRIQ,Cadillac,Lyriq,model_case
36392,Cadillac,OPTIQ,Cadillac,Optiq,model_case
17425,Cadillac,SEVILLE,Cadillac,Seville,model_case
19169,Chevrolet,AVALANCHE,Chevrolet,Avalanche,model_case
19170,Chevrolet,AVALANCHE,Chevrolet,Avalanche,model_case
19171,Chevrolet,AVALANCHE,Chevrolet,Avalanche,model_case
19172,Chevrolet,AVALANCHE,Chevrolet,Avalanche,model_case
19803,Chevrolet,AVALANCHE,Chevrolet,Avalanche,model_case
19804,Chevrolet,AVALANCHE,Chevrolet,Avalanche,model_case
10644,Chevrolet,CAMARO,Chevrolet,Camaro,model_case
10645,Chevrolet,CAMARO,Chevrolet,Camaro,model_case
10646,Chevrolet,CAMARO,Chevrolet,Camaro,model_case
10647,Chevrolet,CAMARO,Chevrolet,Camaro,model_case
20697,Chevrolet,CAMARO,Chevrolet,Camaro,model_case
23437,Chevrolet,CAMARO,Chevrolet,Camaro,model_case
24172,Chevrolet,CAMARO,Chevrolet,Camaro,model_case
17672,Chevrolet,CELTA,Chevrolet,Celta,model_case
17673,Chevrolet,CELTA,Chevrolet,Celta,model_case
17674,Chevrolet,CELTA,Chevrolet,Celta,model_case
18947,Chevrolet,COBALT,Chevrolet,Cobalt,model_case
25454,Chevrolet,COBALT,Chevrolet,Cobalt,model_case
18948,Chevrolet,COLORADO,Chevrolet,Colorado,model_case
18987,Chevrolet,COLORADO,Chevrolet,Colorado,model_case
19173,Chevrolet,COLORADO,Chevrolet,Colorado,model_case
19174,Chevrolet,COLORADO,Chevrolet,Colorado,model_case
19175,Chevrolet,COLORADO,Chevrolet,Colorado,model_case
19176,Chevrolet,COLORADO,Chevrolet,Colorado,model_case
25405,Chevrolet,COLORADO,Chevrolet,Colorado,model_case
25406,Chevrolet,COLORADO,Chevrolet,Colorado,model_case
17710,Chevrolet,CRUZE,Chevrolet,Cruze,model_case
17711,Chevrolet,CRUZE,Chevrolet,Cruze,model_case
17712,Chevrolet,CRUZE,Chevrolet,Cruze,model_case
17713,Chevrolet,CRUZE,Chevrolet,Cruze,model_case
18949,Chevrolet,EQUINOX,Chevrolet,Equinox,model_case
18988,Chevrolet,EQUINOX,Chevrolet,Equinox,model_case
15521,Chevrolet,EVANDA,Chevrolet,Evanda,model_case
15501,Chevrolet,KALOS,Chevrolet,Kalos,model_case
15502,Chevrolet,KALOS,Chevrolet,Kalos,model_case
15507,Chevrolet,KALOS,Chevrolet,Kalos,model_case
20827,Chevrolet,KALOS,Chevrolet,Kalos,model_case
18952,Chevrolet,MALIBU,Chevrolet,Malibu,model_case
10987,Chevrolet,SPARK,Chevrolet,Spark,model_case
17805,Chevrolet,SPARK,Chevrolet,Spark,model_case
17806,Chevrolet,SPARK,Chevrolet,Spark,model_case
17807,Chevrolet,SPARK,Chevrolet,Spark,model_case
17808,Chevrolet,SPARK,Chevrolet,Spark,model_case
17809,Chevrolet,SPARK,Chevrolet,Spark,model_case
23775,Chevrolet,SPARK,Chevrolet,Spark,model_case
25096,Chevrolet,SPIN,Chevrolet,Spin,model_case
25097,Chevrolet,SPIN,Chevrolet,Spin,model_case
18989,Chevrolet,SUBURBAN,Chevrolet,Suburban,model_case
18990,Chevrolet,SUBURBAN,Chevrolet,Suburban,model_case
18991,Chevrolet,SUBURBAN,Chevrolet,Suburban,model_case
18992,Chevrolet,SUBURBAN,Chevrolet,Suburban,model_case
18993,Chevrolet,SUBURBAN,Chevrolet,Suburban,model_case
24082,Chevrolet,TRAX,Chevrolet,Trax,model_case
24083,Chevrolet,TRAX,Chevrolet,Trax,model_case
24084,Chevrolet,TRAX,Chevrolet,Trax,model_case
24085,Chevrolet,TRAX,Chevrolet,Trax,model_case
24818,Chevrolet,TRAX,Chevrolet,Trax,model_case
24819,Chevrolet,TRAX,Chevrolet,Trax,model_case
24838,Chevrolet,TRAX,Chevrolet,Trax,model_case
25396,Chevrolet,TRAX,Chevrolet,Trax,model_case
25397,Chevrolet,TRAX,Chevrolet,Trax,model_case
36592,Chevrolet,Trailblazer,Chevrolet,TrailBlazer,model_case
36593,Chevrolet,Trailblazer,Chevrolet,TrailBlazer,model_case
36594,Chevrolet,Trailblazer,Chevrolet,TrailBlazer,model_case
36595,Chevrolet,Trailblazer,Chevrolet,TrailBlazer,model_case
36639,Chevrolet,Trailblazer,Chevrolet,TrailBlazer,model_case
36640,Chevrolet,Trailblazer,Chevrolet,TrailBlazer,model_case
36641,Chevrolet,Trailblazer,Chevrolet,TrailBlazer,model_case
36642,Chevrolet,Trailblazer,Chevrolet,TrailBlazer,model_case
36681,Chevrolet,Trailblazer,Chevrolet,TrailBlazer,model_case
36682,Chevrolet,Trailblazer,Chevrolet,TrailBlazer,model_case
36683,Chevrolet,Trailblazer,Chevrolet,TrailBlazer,model_case
36718,Chevrolet,Trailblazer,Chevrolet,TrailBlazer,model_case
36719,Chevrolet,Trailblazer,Chevrolet,TrailBlazer,model_case
36720,Chevrolet,Trailblazer,Chevrolet,TrailBlazer,model_case
36751,Chevrolet,Trailblazer,Chevrolet,TrailBlazer,model_case
36752,Chevrolet,Trailblazer,Chevrolet,TrailBlazer,model_case
36753,Chevrolet,Trailblazer,Chevrolet,TrailBlazer,model_case
18994,Chevrolet,UPLANDER,Chevrolet,Uplander,model_case
18995,Chevrolet,UPLANDER,Chevrolet,Uplander,model_case
19502,Chevrolet,VECTRA,Chevrolet,Vectra,model_case
19503,Chevrolet,VECTRA,Chevrolet,Vectra,model_case
19504,Chevrolet,VECTRA,Chevrolet,Vectra,model_case
19509,Chevrolet,VECTRA,Chevrolet,Vectra,model_case
10483,Chevrolet,VOLT,Chevrolet,Volt,model_case
19506,Chevrolet,ZAFIRA,Chevrolet,Zafira,model_case
19507,Chrysler,CIRRUS,Chrysler,Cirrus,model_case
14423,Chrysler,CROSSFIRE,Chrysler,Crossfire,model_case
15186,Chrysler,CROSSFIRE,Chrysler,Crossfire,model_case
19518,Chrysler,GRAND CARAVAN,Chrysler,Grand Caravan,model_case
19519,Chrysler,GRAND CARAVAN,Chrysler,Grand Caravan,model_case
19520,Chrysler,GRAND CARAVAN,Chrysler,Grand Caravan,model_case
18953,Chrysler,PACIFICA,Chrysler,Pacifica,model_case
18954,Chrysler,PACIFICA,Chrysler,Pacifica,model_case
20195,Chrysler,PACIFICA,Chrysler,Pacifica,model_case
20196,Chrysler,PACIFICA,Chrysler,Pacifica,model_case
20197,Chrysler,TOWN & COUNTRY,Chrysler,Town & Country,model_case
20198,Chrysler,TOWN & COUNTRY,Chrysler,Town & Country,model_case
24162,Dacia,DOKKER,Dacia,Dokker,model_case
24163,Dacia,DOKKER,Dacia,Dokker,model_case
24164,Dacia,DOKKER,Dacia,Dokker,model_case
24165,Dacia,DOKKER,Dacia,Dokker,model_case
24166,Dacia,DOKKER,Dacia,Dokker,model_case
24167,Dacia,DOKKER,Dacia,Dokker,model_case
25282,Dacia,DOKKER,Dacia,Dokker,model_case
9790,Dacia,DUSTER,Dacia,Duster,model_case
9791,Dacia,DUSTER,Dacia,Duster,model_case
9792,Dacia,DUSTER,Dacia,Duster,model_case
11103,Dacia,DUSTER,Dacia,Duster,model_case
22188,Dacia,DUSTER,Dacia,Duster,model_case
22189,Dacia,DUSTER,Dacia,Duster,model_case
22190,Dacia,DUSTER,Dacia,Duster,model_case
22191,Dacia,DUSTER,Dacia,Duster,model_case
22192,Dacia,DUSTER,Dacia,Duster,model_case
22193,Dacia,DUSTER,Dacia,Duster,model_case
23334,Dacia,DUSTER,Dacia,Duster,model_case
23335,Dacia,DUSTER,Dacia,Duster,model_case
25312,Dacia,DUSTER,Dacia,Duster,model_case
25313,Dacia,DUSTER,Dacia,Duster,model_case
20475,Dacia,LODGY,Dacia,Lodgy,model_case
20495,Dacia,LODGY,Dacia,Lodgy,model_case
20496,Dacia,LODGY,Dacia,Lodgy,model_case
20497,Dacia,LODGY,Dacia,Lodgy,model_case
24190,Dacia,LODGY,Dacia,Lodgy,model_case
24191,Dacia,LODGY,Dacia,Lodgy,model_case
24192,Dacia,LODGY,Dacia,Lodgy,model_case
25283,Dacia,LODGY,Dacia,Lodgy,model_case
2708,Dacia,Logan Mcv,Dacia,Logan MCV,model_case
2709,Dacia,Logan Mcv,Dacia,Logan MCV,model_case
10001,Dacia,SANDERO,Dacia,Sandero,model_case
10002,Dacia,SANDERO,Dacia,Sandero,model_case
10003,Dacia,SANDERO,Dacia,Sandero,model_case
10081,Dacia,SANDERO,Dacia,Sandero,model_case
11101,Dacia,SANDERO,Dacia,Sandero,model_case
11670,Dacia,SANDERO,Dacia,Sandero,model_case
11671,Dacia,SANDERO,Dacia,Sandero,model_case
11672,Dacia,SANDERO,Dacia,Sandero,model_case
19809,Dacia,SANDERO,Dacia,Sandero,model_case
19810,Dacia,SANDERO,Dacia,Sandero,model_case
21133,Dacia,SANDERO,Dacia,Sandero,model_case
21134,Dacia,SANDERO,Dacia,Sandero,model_case
18549,Dacia,SOLENZA,Dacia,Solenza,model_case
18550,Dacia,SOLENZA,Dacia,Solenza,model_case
20996,Dacia,SUPERNOVA,Dacia,SuperNova,model_case
20997,Dacia,SUPERNOVA,Dacia,SuperNova,model_case
19548,Daewoo,MAGNUS,Daewoo,Magnus,model_case
17836,Daewoo,TOSCA,Daewoo,Tosca,model_case
17837,Daewoo,TOSCA,Daewoo,Tosca,model_case
17838,Daewoo,TOSCA,Daewoo,Tosca,model_case
19567,Daewoo,TOSCA,Daewoo,Tosca,model_case
19568,Daewoo,TOSCA,Daewoo,Tosca,model_case
19577,Daewoo,TOSCA,Daewoo,Tosca,model_case
17868,Daewoo,WINSTORM,Daewoo,Winstorm,model_case
17869,Daewoo,WINSTORM,Daewoo,Winstorm,model_case
17870,Daewoo,WINSTORM,Daewoo,Winstorm,model_case
18666,Daewoo,WINSTORM,Daewoo,Winstorm,model_case
12476,Ferrari,550 BARCHETTA,Ferrari,550 Barchetta,model_case
14695,Ferrari,612 SCAGLIETTI,Ferrari,612 Scaglietti,model_case
20124,Ferrari,CALIFORNIA,Ferrari,California,model_case
10408,Fiat,IDEA,Fiat,Idea,model_case
10409,Fiat,IDEA,Fiat,Idea,model_case
10411,Fiat,IDEA,Fiat,Idea,model_case
11768,Fiat,IDEA,Fiat,Idea,model_case
14679,Fiat,IDEA,Fiat,Idea,model_case
14680,Fiat,IDEA,Fiat,Idea,model_case
14681,Fiat,IDEA,Fiat,Idea,model_case
14682,Fiat,IDEA,Fiat,Idea,model_case
14683,Fiat,IDEA,Fiat,Idea,model_case
17274,Fiat,IDEA,Fiat,Idea,model_case
17275,Fiat,IDEA,Fiat,Idea,model_case
20660,Fiat,IDEA,Fiat,Idea,model_case
9596,Fiat,SEDICI,Fiat,Sedici,model_case
9597,Fiat,SEDICI,Fiat,Sedici,model_case
16642,Fiat,SEDICI,Fiat,Sedici,model_case
16643,Fiat,SEDICI,Fiat,Sedici,model_case
11904,Fiat,SIENA,Fiat,Siena,model_case
11905,Fiat,SIENA,Fiat,Siena,model_case
23548,Ford,B-MAX,Ford,B-Max,model_case
23549,Ford,B-MAX,Ford,B-Max,model_case
23550,Ford,B-MAX,Ford,B-Max,model_case
23551,Ford,B-MAX,Ford,B-Max,model_case
23552,Ford,B-MAX,Ford,B-Max,model_case
23704,Ford,B-MAX,Ford,B-Max,model_case
23735,Ford,B-MAX,Ford,B-Max,model_case
25042,Ford,B-MAX,Ford,B-Max,model_case
25629,Ford,B-MAX,Ford,B-Max,model_case
25726,Ford,B-MAX,Ford,B-Max,model_case
23095,Ford,ECOSPORT,Ford,Ecosport,model_case
23107,Ford,ECOSPORT,Ford,Ecosport,model_case
23110,Ford,ECOSPORT,Ford,Ecosport,model_case
18959,Ford,EXPEDITION,Ford,Expedition,model_case
37071,Ford,EcoSport,Ford,Ecosport,model_case
37072,Ford,EcoSport,Ford,Ecosport,model_case
37073,Ford,EcoSport,Ford,Ecosport,model_case
37142,Ford,EcoSport,Ford,Ecosport,model_case
37143,Ford,EcoSport,Ford,Ecosport,model_case
37144,Ford,EcoSport,Ford,Ecosport,model_case
37206,Ford,EcoSport,Ford,Ecosport,model_case
37207,Ford,EcoSport,Ford,Ecosport,model_case
37208,Ford,EcoSport,Ford,Ecosport,model_case
37275,Ford,EcoSport,Ford,Ecosport,model_case
37276,Ford,EcoSport,Ford,Ecosport,model_case
37277,Ford,EcoSport,Ford,Ecosport,model_case
37341,Ford,EcoSport,Ford,Ecosport,model_case
9460,Ford,GRAND C-MAX,Ford,Grand C-MAX,model_case
9461,Ford,GRAND C-MAX,Ford,Grand C-MAX,model_case
9462,Ford,GRAND C-MAX,Ford,Grand C-MAX,model_case
9463,Ford,GRAND C-MAX,Ford,Grand C-MAX,model_case
9464,Ford,GRAND C-MAX,Ford,Grand C-MAX,model_case
9465,Ford,GRAND C-MAX,Ford,Grand C-MAX,model_case
9466,Ford,GRAND C-MAX,Ford,Grand C-MAX,model_case
9467,Ford,GRAND C-MAX,Ford,Grand C-MAX,model_case
9468,Ford,GRAND C-MAX,Ford,Grand C-MAX,model_case
9469,Ford,GRAND C-MAX,Ford,Grand C-MAX,model_case
9470,Ford,GRAND C-MAX,Ford,Grand C-MAX,model_case
9633,Ford,GRAND C-MAX,Ford,Grand C-MAX,model_case
10018,Ford,GRAND C-MAX,Ford,Grand C-MAX,model_case
10019,Ford,GRAND C-MAX,Ford,Grand C-MAX,model_case
10770,Ford,GRAND C-MAX,Ford,Grand C-MAX,model_case
23986,Ford,GRAND C-MAX,Ford,Grand C-MAX,model_case
23989,Ford,GRAND C-MAX,Ford,Grand C-MAX,model_case
12112,Ford,MAVERICK,Ford,Maverick,model_case
12113,Ford,MAVERICK,Ford,Maverick,model_case
14809,Ford,MAVERICK,Ford,Maverick,model_case
14810,Ford,MAVERICK,Ford,Maverick,model_case
13773,Ford,TOURNEO CONNECT,Ford,Tourneo Connect,model_case
13774,Ford,TOURNEO CONNECT,Ford,Tourneo Connect,model_case
13775,Ford,TOURNEO CONNECT,Ford,Tourneo Connect,model_case
13776,Ford,TOURNEO CONNECT,Ford,Tourneo Connect,model_case
13777,Ford,TOURNEO CONNECT,Ford,Tourneo Connect,model_case
13778,Ford,TOURNEO CONNECT,Ford,Tourneo Connect,model_case
13779,Ford,TOURNEO CONNECT,Ford,Tourneo Connect,model_case
13780,Ford,TOURNEO CONNECT,Ford,Tourneo Connect,model_case
13781,Ford,TOURNEO CONNECT,Ford,Tourneo Connect,model_case
13782,Ford,TOURNEO CONNECT,Ford,Tourneo Connect,model_case
13783,Ford,TOURNEO CONNECT,Ford,Tourneo Connect,model_case
13784,Ford,TOURNEO CONNECT,Ford,Tourneo Connect,model_case
13785,Ford,TOURNEO CONNECT,Ford,Tourneo Connect,model_case
13786,Ford,TOURNEO CONNECT,Ford,Tourneo Connect,model_case
13787,Ford,TOURNEO CONNECT,Ford,Tourneo Connect,model_case
13788,Ford,TOURNEO CONNECT,Ford,Tourneo Connect,model_case
18276,Ford,TOURNEO CONNECT,Ford,Tourneo Connect,model_case
18277,Ford,TOURNEO CONNECT,Ford,Tourneo Connect,model_case
18278,Ford,TOURNEO CONNECT,Ford,Tourneo Connect,model_case
3625,Ford,Transit Tourneo,Ford,TRANSIT TOURNEO,model_case
20676,GMC,SIERRA,GMC,Sierra,model_case
20677,GMC,SIERRA,GMC,Sierra,model_case
17628,Honda,AIRWAVE,Honda,Airwave,model_case
17629,Honda,AIRWAVE,Honda,Airwave,model_case
27183,Honda,CR-V,Honda,Cr-V,model_case
27184,Honda,CR-V,Honda,Cr-V,model_case
27185,Honda,CR-V,Honda,Cr-V,model_case
27186,Honda,CR-V,Honda,Cr-V,model_case
27187,Honda,CR-V,Honda,Cr-V,model_case
27188,Honda,CR-V,Honda,Cr-V,model_case
28484,Honda,CR-V,Honda,Cr-V,model_case
28485,Honda,CR-V,Honda,Cr-V,model_case
28486,Honda,CR-V,Honda,Cr-V,model_case
28500,Honda,CR-V,Honda,Cr-V,model_case
28501,Honda,CR-V,Honda,Cr-V,model_case
28502,Honda,CR-V,Honda,Cr-V,model_case
30148,Honda,CR-V,Honda,Cr-V,model_case
30157,Honda,CR-V,Honda,Cr-V,model_case
30168,Honda,CR-V,Honda,Cr-V,model_case
30178,Honda,CR-V,Honda,Cr-V,model_case
30186,Honda,CR-V,Honda,Cr-V,model_case
31790,Honda,CR-V,Honda,Cr-V,model_case
31798,Honda,CR-V,Honda,Cr-V,model_case
31807,Honda,CR-V,Honda,Cr-V,model_case
31816,Honda,CR-V,Honda,Cr-V,model_case
31825,Honda,CR-V,Honda,Cr-V,model_case
34478,Honda,CR-V,Honda,Cr-V,model_case
34487,Honda,CR-V,Honda,Cr-V,model_case
34502,Honda,CR-V,Honda,Cr-V,model_case
34503,Honda,CR-V,Honda,Cr-V,model_case
34523,Honda,CR-V,Honda,Cr-V,model_case
34524,Honda,CR-V,Honda,Cr-V,model_case
34543,Honda,CR-V,Honda,Cr-V,model_case
34544,Honda,CR-V,Honda,Cr-V,model_case
37778,Honda,CR-V,Honda,Cr-V,model_case
37779,Honda,CR-V,Honda,Cr-V,model_case
37780,Honda,CR-V,Honda,Cr-V,model_case
37793,Honda,CR-V,Honda,Cr-V,model_case
37794,Honda,CR-V,Honda,Cr-V,model_case
37795,Honda,CR-V,Honda,Cr-V,model_case
37796,Honda,CR-V,Honda,Cr-V,model_case
37811,Honda,CR-V,Honda,Cr-V,model_case
37812,Honda,CR-V,Honda,Cr-V,model_case
37825,Honda,CR-V,Honda,Cr-V,model_case
37826,Honda,CR-V,Honda,Cr-V,model_case
37838,Honda,CR-V,Honda,Cr-V,model_case
37839,Honda,CR-V,Honda,Cr-V,model_case
37852,Honda,CR-V,Honda,Cr-V,model_case
37853,Honda,CR-V,Honda,Cr-V,model_case
37861,Honda,CR-V,Honda,Cr-V,model_case
37864,Honda,CR-V,Honda,Cr-V,model_case
37873,Honda,CR-V,Honda,Cr-V,model_case
37875,Honda,CR-V,Honda,Cr-V,model_case
37876,Honda,CR-V,Honda,Cr-V,model_case
23640,Honda,CROSSROAD,Honda,Crossroad,model_case
17717,Honda,ELEMENT,Honda,Element,model_case
26602,Honda,HR-V,Honda,Hr-V,model_case
28492,Honda,HR-V,Honda,Hr-V,model_case
28508,Honda,HR-V,Honda,Hr-V,model_case
37787,Honda,HR-V,Honda,Hr-V,model_case
37803,Honda,HR-V,Honda,Hr-V,model_case
37817,Honda,HR-V,Honda,Hr-V,model_case
37830,Honda,HR-V,Honda,Hr-V,model_case
37844,Honda,HR-V,Honda,Hr-V,model_case
37856,Honda,HR-V,Honda,Hr-V,model_case
37867,Honda,HR-V,Honda,Hr-V,model_case
37880,Honda,HR-V,Honda,Hr-V,model_case
25200,Honda,MOBILIO,Honda,Mobilio,model_case
25201,Honda,MOBILIO,Honda,Mobilio,model_case
25202,Honda,MOBILIO,Honda,Mobilio,model_case
25203,Honda,MOBILIO,Honda,Mobilio,model_case
26232,Honda,MOBILIO,Honda,Mobilio,model_case
18984,Honda,RIDGELINE,Honda,Ridgeline,model_case
18116,Honda,STEPWGN,Honda,Stepwgn,model_case
18117,Honda,STEPWGN,Honda,Stepwgn,model_case
18118,Honda,STEPWGN,Honda,Stepwgn,model_case
18119,Honda,STEPWGN,Honda,Stepwgn,model_case
18138,Honda,STEPWGN,Honda,Stepwgn,model_case
18139,Honda,STEPWGN,Honda,Stepwgn,model_case
18197,Honda,STEPWGN,Honda,Stepwgn,model_case
18198,Honda,STEPWGN,Honda,Stepwgn,model_case
23629,Honda,STEPWGN,Honda,Stepwgn,model_case
19588,Honda,STREAM,Honda,Stream,model_case
19593,Honda,STREAM,Honda,Stream,model_case
10106,Hyundai,GENESIS Coupe,Hyundai,Genesis Coupe,model_case
10107,Hyundai,GENESIS Coupe,Hyundai,Genesis Coupe,model_case
24973,Hyundai,GENESIS Coupe,Hyundai,Genesis Coupe,model_case
24974,Hyundai,GENESIS Coupe,Hyundai,Genesis Coupe,model_case
11586,Hyundai,ix55,Hyundai,Ix55,model_case
21236,Hyundai,ix55,Hyundai,Ix55,model_case
27272,Infiniti,QX50,Infiniti,Qx50,model_case
27273,Infiniti,QX50,Infiniti,Qx50,model_case
27274,Infiniti,QX50,Infiniti,Qx50,model_case
27275,Infiniti,QX50,Infiniti,Qx50,model_case
28552,Infiniti,QX50,Infiniti,Qx50,model_case
28575,Infiniti,QX50,Infiniti,Qx50,model_case
34676,Infiniti,QX50,Infiniti,Qx50,model_case
38059,Infiniti,QX50,Infiniti,Qx50,model_case
38064,Infiniti,QX50,Infiniti,Qx50,model_case
38069,Infiniti,QX50,Infiniti,Qx50,model_case
38073,Infiniti,QX50,Infiniti,Qx50,model_case
38077,Infiniti,QX50,Infiniti,Qx50,model_case
38083,Infiniti,QX50,Infiniti,Qx50,model_case
38088,Infiniti,QX50,Infiniti,Qx50,model_case
30261,Infiniti,QX56,Infiniti,Qx56,model_case
31914,Infiniti,QX56,Infiniti,Qx56,model_case
31921,Infiniti,QX56,Infiniti,Qx56,model_case
31927,Infiniti,QX56,Infiniti,Qx56,model_case
31935,Infiniti,QX56,Infiniti,Qx56,model_case
31942,Infiniti,QX56,Infiniti,Qx56,model_case
34645,Infiniti,QX56,Infiniti,Qx56,model_case
34653,Infiniti,QX56,Infiniti,Qx56,model_case
34661,Infiniti,QX56,Infiniti,Qx56,model_case
34670,Infiniti,QX56,Infiniti,Qx56,model_case
27278,Infiniti,QX70,Infiniti,Qx70,model_case
27280,Infiniti,QX70,Infiniti,Qx70,model_case
28559,Infiniti,QX70,Infiniti,Qx70,model_case
28578,Infiniti,QX70,Infiniti,Qx70,model_case
34679,Infiniti,QX70,Infiniti,Qx70,model_case
34681,Infiniti,QX70,Infiniti,Qx70,model_case
27279,Infiniti,QX80,Infiniti,Qx80,model_case
27281,Infiniti,QX80,Infiniti,Qx80,model_case
27282,Infiniti,QX80,Infiniti,Qx80,model_case
27283,Infiniti,QX80,Infiniti,Qx80,model_case
28558,Infiniti,QX80,Infiniti,Qx80,model_case
28579,Infiniti,QX80,Infiniti,Qx80,model_case
34680,Infiniti,QX80,Infiniti,Qx80,model_case
38050,Infiniti,QX80,Infiniti,Qx80,model_case
38061,Infiniti,QX80,Infiniti,Qx80,model_case
38066,Infiniti,QX80,Infiniti,Qx80,model_case
38070,Infiniti,QX80,Infiniti,Qx80,model_case
38076,Infiniti,QX80,Infiniti,Qx80,model_case
38081,Infiniti,QX80,Infiniti,Qx80,model_case
38086,Infiniti,QX80,Infiniti,Qx80,model_case
38090,Infiniti,QX80,Infiniti,Qx80,model_case
16250,Isuzu,ASCENDER,Isuzu,Ascender,model_case
16252,Isuzu,ASCENDER,Isuzu,Ascender,model_case
23532,Isuzu,D-MAX,Isuzu,D-Max,model_case
26278,Isuzu,FILLY,Isuzu,Filly,model_case
26279,Isuzu,FILLY,Isuzu,Filly,model_case
12119,Isuzu,TROOPER,Isuzu,Trooper,model_case
12120,Isuzu,TROOPER,Isuzu,Trooper,model_case
28602,Jaguar,XE,Jaguar,Xe,model_case
28603,Jaguar,XE,Jaguar,Xe,model_case
28604,Jaguar,XE,Jaguar,Xe,model_case
38101,Jaguar,XE,Jaguar,Xe,model_case
38102,Jaguar,XE,Jaguar,Xe,model_case
38103,Jaguar,XE,Jaguar,Xe,model_case
38104,Jaguar,XE,Jaguar,Xe,model_case
38123,Jaguar,XE,Jaguar,Xe,model_case
38124,Jaguar,XE,Jaguar,Xe,model_case
38125,Jaguar,XE,Jaguar,Xe,model_case
38126,Jaguar,XE,Jaguar,Xe,model_case
38145,Jaguar,XE,Jaguar,Xe,model_case
27289,Jaguar,XF,Jaguar,Xf,model_case
27290,Jaguar,XF,Jaguar,Xf,model_case
27291,Jaguar,XF,Jaguar,Xf,model_case
27292,Jaguar,XF,Jaguar,Xf,model_case
27293,Jaguar,XF,Jaguar,Xf,model_case
28587,Jaguar,XF,Jaguar,Xf,model_case
28605,Jaguar,XF,Jaguar,Xf,model_case
28606,Jaguar,XF,Jaguar,Xf,model_case
28607,Jaguar,XF,Jaguar,Xf,model_case
31979,Jaguar,XF,Jaguar,Xf,model_case
34683,Jaguar,XF,Jaguar,Xf,model_case
34684,Jaguar,XF,Jaguar,Xf,model_case
34689,Jaguar,XF,Jaguar,Xf,model_case
34695,Jaguar,XF,Jaguar,Xf,model_case
34700,Jaguar,XF,Jaguar,Xf,model_case
34701,Jaguar,XF,Jaguar,Xf,model_case
34702,Jaguar,XF,Jaguar,Xf,model_case
34716,Jaguar,XF,Jaguar,Xf,model_case
34717,Jaguar,XF,Jaguar,Xf,model_case
34718,Jaguar,XF,Jaguar,Xf,model_case
34722,Jaguar,XF,Jaguar,Xf,model_case
38105,Jaguar,XF,Jaguar,Xf,model_case
38106,Jaguar,XF,Jaguar,Xf,model_case
38107,Jaguar,XF,Jaguar,Xf,model_case
38127,Jaguar,XF,Jaguar,Xf,model_case
38128,Jaguar,XF,Jaguar,Xf,model_case
38129,Jaguar,XF,Jaguar,Xf,model_case
38130,Jaguar,XF,Jaguar,Xf,model_case
38146,Jaguar,XF,Jaguar,Xf,model_case
38147,Jaguar,XF,Jaguar,Xf,model_case
38158,Jaguar,XF,Jaguar,Xf,model_case
38167,Jaguar,XF,Jaguar,Xf,model_case
38173,Jaguar,XF,Jaguar,Xf,model_case
38181,Jaguar,XF,Jaguar,Xf,model_case
27294,Jaguar,XFR,Jaguar,Xfr,model_case
27298,Jaguar,XFR,Jaguar,Xfr,model_case
34685,Jaguar,XFR,Jaguar,Xfr,model_case
34690,Jaguar,XFR,Jaguar,Xfr,model_case
34696,Jaguar,XFR,Jaguar,Xfr,model_case
34703,Jaguar,XFR,Jaguar,Xfr,model_case
34720,Jaguar,XFR,Jaguar,Xfr,model_case
27295,Jaguar,XJ,Jaguar,Xj,model_case
27297,Jaguar,XJ,Jaguar,Xj,model_case
27299,Jaguar,XJ,Jaguar,Xj,model_case
27300,Jaguar,XJ,Jaguar,Xj,model_case
27301,Jaguar,XJ,Jaguar,Xj,model_case
28588,Jaguar,XJ,Jaguar,Xj,model_case
28589,Jaguar,XJ,Jaguar,Xj,model_case
28590,Jaguar,XJ,Jaguar,Xj,model_case
28608,Jaguar,XJ,Jaguar,Xj,model_case
28609,Jaguar,XJ,Jaguar,Xj,model_case
28610,Jaguar,XJ,Jaguar,Xj,model_case
30298,Jaguar,XJ,Jaguar,Xj,model_case
30305,Jaguar,XJ,Jaguar,Xj,model_case
34682,Jaguar,XJ,Jaguar,Xj,model_case
34688,Jaguar,XJ,Jaguar,Xj,model_case
34694,Jaguar,XJ,Jaguar,Xj,model_case
34704,Jaguar,XJ,Jaguar,Xj,model_case
34706,Jaguar,XJ,Jaguar,Xj,model_case
34707,Jaguar,XJ,Jaguar,Xj,model_case
34708,Jaguar,XJ,Jaguar,Xj,model_case
34709,Jaguar,XJ,Jaguar,Xj,model_case
34710,Jaguar,XJ,Jaguar,Xj,model_case
34719,Jaguar,XJ,Jaguar,Xj,model_case
34723,Jaguar,XJ,Jaguar,Xj,model_case
34724,Jaguar,XJ,Jaguar,Xj,model_case
38108,Jaguar,XJ,Jaguar,Xj,model_case
38109,Jaguar,XJ,Jaguar,Xj,model_case
38110,Jaguar,XJ,Jaguar,Xj,model_case
38131,Jaguar,XJ,Jaguar,Xj,model_case
38132,Jaguar,XJ,Jaguar,Xj,model_case
38133,Jaguar,XJ,Jaguar,Xj,model_case
38134,Jaguar,XJ,Jaguar,Xj,model_case
27304,Jaguar,XK,Jaguar,Xk,model_case
27308,Jaguar,XK,Jaguar,Xk,model_case
34686,Jaguar,XK,Jaguar,Xk,model_case
34692,Jaguar,XK,Jaguar,Xk,model_case
34697,Jaguar,XK,Jaguar,Xk,model_case
34711,Jaguar,XK,Jaguar,Xk,model_case
34725,Jaguar,XK,Jaguar,Xk,model_case
24304,Kia,BORREGO,Kia,Borrego,model_case
23799,Kia,CADENZA,Kia,Cadenza,model_case
23800,Kia,CADENZA,Kia,Cadenza,model_case
23801,Kia,CADENZA,Kia,Cadenza,model_case
23802,Kia,CADENZA,Kia,Cadenza,model_case
23803,Kia,CADENZA,Kia,Cadenza,model_case
23804,Kia,CADENZA,Kia,Cadenza,model_case
23805,Kia,CADENZA,Kia,Cadenza,model_case
18630,Kia,CEE'D,Kia,cee'd,model_case
18639,Kia,CEE'D,Kia,cee'd,model_case
18665,Kia,CEE'D,Kia,cee'd,model_case
18705,Kia,CEE'D,Kia,cee'd,model_case
23253,Kia,CEE'D,Kia,cee'd,model_case
23527,Kia,CEE'D,Kia,cee'd,model_case
23528,Kia,CEE'D,Kia,cee'd,model_case
23529,Kia,CEE'D,Kia,cee'd,model_case
23530,Kia,CEE'D,Kia,cee'd,model_case
24225,Kia,CEE'D,Kia,cee'd,model_case
11938,Kia,JOICE,Kia,Joice,model_case
14380,Kia,JOICE,Kia,Joice,model_case
21213,Kia,OPTIMA,Kia,Optima,model_case
22496,Kia,OPTIMA,Kia,Optima,model_case
22497,Kia,OPTIMA,Kia,Optima,model_case
23864,Kia,OPTIMA,Kia,Optima,model_case
24217,Kia,OPTIMA,Kia,Optima,model_case
24218,Kia,OPTIMA,Kia,Optima,model_case
27382,Lexus,GS,Lexus,Gs,model_case
27384,Lexus,GS,Lexus,Gs,model_case
27386,Lexus,GS,Lexus,Gs,model_case
27387,Lexus,GS,Lexus,Gs,model_case
27389,Lexus,GS,Lexus,Gs,model_case
27394,Lexus,GS,Lexus,Gs,model_case
28706,Lexus,GS,Lexus,Gs,model_case
28720,Lexus,GS,Lexus,Gs,model_case
30385,Lexus,GS,Lexus,Gs,model_case
30391,Lexus,GS,Lexus,Gs,model_case
30399,Lexus,GS,Lexus,Gs,model_case
30406,Lexus,GS,Lexus,Gs,model_case
30415,Lexus,GS,Lexus,Gs,model_case
32121,Lexus,GS,Lexus,Gs,model_case
32129,Lexus,GS,Lexus,Gs,model_case
32137,Lexus,GS,Lexus,Gs,model_case
32145,Lexus,GS,Lexus,Gs,model_case
32155,Lexus,GS,Lexus,Gs,model_case
34868,Lexus,GS,Lexus,Gs,model_case
34877,Lexus,GS,Lexus,Gs,model_case
34896,Lexus,GS,Lexus,Gs,model_case
34907,Lexus,GS,Lexus,Gs,model_case
38614,Lexus,GS,Lexus,Gs,model_case
38629,Lexus,GS,Lexus,Gs,model_case
38644,Lexus,GS,Lexus,Gs,model_case
27388,Lexus,GX,Lexus,Gx,model_case
27390,Lexus,GX,Lexus,Gx,model_case
27392,Lexus,GX,Lexus,Gx,model_case
28708,Lexus,GX,Lexus,Gx,model_case
28722,Lexus,GX,Lexus,Gx,model_case
30404,Lexus,GX,Lexus,Gx,model_case
30414,Lexus,GX,Lexus,Gx,model_case
32122,Lexus,GX,Lexus,Gx,model_case
32131,Lexus,GX,Lexus,Gx,model_case
32139,Lexus,GX,Lexus,Gx,model_case
32147,Lexus,GX,Lexus,Gx,model_case
32154,Lexus,GX,Lexus,Gx,model_case
34872,Lexus,GX,Lexus,Gx,model_case
34878,Lexus,GX,Lexus,Gx,model_case
34888,Lexus,GX,Lexus,Gx,model_case
34898,Lexus,GX,Lexus,Gx,model_case
34908,Lexus,GX,Lexus,Gx,model_case
38616,Lexus,GX,Lexus,Gx,model_case
38630,Lexus,GX,Lexus,Gx,model_case
38645,Lexus,GX,Lexus,Gx,model_case
38659,Lexus,GX,Lexus,Gx,model_case
38673,Lexus,GX,Lexus,Gx,model_case
38687,Lexus,GX,Lexus,Gx,model_case
38705,Lexus,GX,Lexus,Gx,model_case
38724,Lexus,GX,Lexus,Gx,model_case
27393,Lexus,IS,Lexus,Is,model_case
27395,Lexus,IS,Lexus,Is,model_case
27396,Lexus,IS,Lexus,Is,model_case
27397,Lexus,IS,Lexus,Is,model_case
27398,Lexus,IS,Lexus,Is,model_case
27399,Lexus,IS,Lexus,Is,model_case
27400,Lexus,IS,Lexus,Is,model_case
27401,Lexus,IS,Lexus,Is,model_case
27402,Lexus,IS,Lexus,Is,model_case
27403,Lexus,IS,Lexus,Is,model_case
27404,Lexus,IS,Lexus,Is,model_case
27408,Lexus,IS,Lexus,Is,model_case
28709,Lexus,IS,Lexus,Is,model_case
28723,Lexus,IS,Lexus,Is,model_case
30392,Lexus,IS,Lexus,Is,model_case
30400,Lexus,IS,Lexus,Is,model_case
30405,Lexus,IS,Lexus,Is,model_case
30413,Lexus,IS,Lexus,Is,model_case
32123,Lexus,IS,Lexus,Is,model_case
32130,Lexus,IS,Lexus,Is,model_case
32138,Lexus,IS,Lexus,Is,model_case
32148,Lexus,IS,Lexus,Is,model_case
32156,Lexus,IS,Lexus,Is,model_case
34871,Lexus,IS,Lexus,Is,model_case
34882,Lexus,IS,Lexus,Is,model_case
34887,Lexus,IS,Lexus,Is,model_case
34899,Lexus,IS,Lexus,Is,model_case
34909,Lexus,IS,Lexus,Is,model_case
38617,Lexus,IS,Lexus,Is,model_case
38618,Lexus,IS,Lexus,Is,model_case
38619,Lexus,IS,Lexus,Is,model_case
38631,Lexus,IS,Lexus,Is,model_case
38632,Lexus,IS,Lexus,Is,model_case
38633,Lexus,IS,Lexus,Is,model_case
38646,Lexus,IS,Lexus,Is,model_case
38647,Lexus,IS,Lexus,Is,model_case
38648,Lexus,IS,Lexus,Is,model_case
38660,Lexus,IS,Lexus,Is,model_case
38661,Lexus,IS,Lexus,Is,model_case
38662,Lexus,IS,Lexus,Is,model_case
38674,Lexus,IS,Lexus,Is,model_case
38675,Lexus,IS,Lexus,Is,model_case
38676,Lexus,IS,Lexus,Is,model_case
38688,Lexus,IS,Lexus,Is,model_case
38689,Lexus,IS,Lexus,Is,model_case
38690,Lexus,IS,Lexus,Is,model_case
38706,Lexus,IS,Lexus,Is,model_case
38707,Lexus,IS,Lexus,Is,model_case
38708,Lexus,IS,Lexus,Is,model_case
38725,Lexus,IS,Lexus,Is,model_case
38726,Lexus,IS,Lexus,Is,model_case
38727,Lexus,IS,Lexus,Is,model_case
27405,Lexus,LS,Lexus,Ls,model_case
27406,Lexus,LS,Lexus,Ls,model_case
27407,Lexus,LS,Lexus,Ls,model_case
27409,Lexus,LS,Lexus,Ls,model_case
27410,Lexus,LS,Lexus,Ls,model_case
27411,Lexus,LS,Lexus,Ls,model_case
27412,Lexus,LS,Lexus,Ls,model_case
28710,Lexus,LS,Lexus,Ls,model_case
28724,Lexus,LS,Lexus,Ls,model_case
30387,Lexus,LS,Lexus,Ls,model_case
30393,Lexus,LS,Lexus,Ls,model_case
30401,Lexus,LS,Lexus,Ls,model_case
30408,Lexus,LS,Lexus,Ls,model_case
30412,Lexus,LS,Lexus,Ls,model_case
32125,Lexus,LS,Lexus,Ls,model_case
32133,Lexus,LS,Lexus,Ls,model_case
32141,Lexus,LS,Lexus,Ls,model_case
32149,Lexus,LS,Lexus,Ls,model_case
32157,Lexus,LS,Lexus,Ls,model_case
34873,Lexus,LS,Lexus,Ls,model_case
34883,Lexus,LS,Lexus,Ls,model_case
34890,Lexus,LS,Lexus,Ls,model_case
34900,Lexus,LS,Lexus,Ls,model_case
34910,Lexus,LS,Lexus,Ls,model_case
38621,Lexus,LS,Lexus,Ls,model_case
38635,Lexus,LS,Lexus,Ls,model_case
38650,Lexus,LS,Lexus,Ls,model_case
38664,Lexus,LS,Lexus,Ls,model_case
38678,Lexus,LS,Lexus,Ls,model_case
38692,Lexus,LS,Lexus,Ls,model_case
38710,Lexus,LS,Lexus,Ls,model_case
38729,Lexus,LS,Lexus,Ls,model_case
27414,Lexus,LX,Lexus,Lx,model_case
28711,Lexus,LX,Lexus,Lx,model_case
28725,Lexus,LX,Lexus,Lx,model_case
30390,Lexus,LX,Lexus,Lx,model_case
30396,Lexus,LX,Lexus,Lx,model_case
30398,Lexus,LX,Lexus,Lx,model_case
30409,Lexus,LX,Lexus,Lx,model_case
30417,Lexus,LX,Lexus,Lx,model_case
32127,Lexus,LX,Lexus,Lx,model_case
32136,Lexus,LX,Lexus,Lx,model_case
32143,Lexus,LX,Lexus,Lx,model_case
32150,Lexus,LX,Lexus,Lx,model_case
32158,Lexus,LX,Lexus,Lx,model_case
34874,Lexus,LX,Lexus,Lx,model_case
34884,Lexus,LX,Lexus,Lx,model_case
34901,Lexus,LX,Lexus,Lx,model_case
34912,Lexus,LX,Lexus,Lx,model_case
38623,Lexus,LX,Lexus,Lx,model_case
38636,Lexus,LX,Lexus,Lx,model_case
38651,Lexus,LX,Lexus,Lx,model_case
38665,Lexus,LX,Lexus,Lx,model_case
38679,Lexus,LX,Lexus,Lx,model_case
38693,Lexus,LX,Lexus,Lx,model_case
38711,Lexus,LX,Lexus,Lx,model_case
38730,Lexus,LX,Lexus,Lx,model_case
27424,Lexus,RX,Lexus,Rx,model_case
27425,Lexus,RX,Lexus,Rx,model_case
27426,Lexus,RX,Lexus,Rx,model_case
27427,Lexus,RX,Lexus,Rx,model_case
27428,Lexus,RX,Lexus,Rx,model_case
28716,Lexus,RX,Lexus,Rx,model_case
28717,Lexus,RX,Lexus,Rx,model_case
28718,Lexus,RX,Lexus,Rx,model_case
28728,Lexus,RX,Lexus,Rx,model_case
30386,Lexus,RX,Lexus,Rx,model_case
30394,Lexus,RX,Lexus,Rx,model_case
30402,Lexus,RX,Lexus,Rx,model_case
30410,Lexus,RX,Lexus,Rx,model_case
30418,Lexus,RX,Lexus,Rx,model_case
32126,Lexus,RX,Lexus,Rx,model_case
32134,Lexus,RX,Lexus,Rx,model_case
32142,Lexus,RX,Lexus,Rx,model_case
32151,Lexus,RX,Lexus,Rx,model_case
32159,Lexus,RX,Lexus,Rx,model_case
34875,Lexus,RX,Lexus,Rx,model_case
34885,Lexus,RX,Lexus,Rx,model_case
34892,Lexus,RX,Lexus,Rx,model_case
34893,Lexus,RX,Lexus,Rx,model_case
34894,Lexus,RX,Lexus,Rx,model_case
34902,Lexus,RX,Lexus,Rx,model_case
34903,Lexus,RX,Lexus,Rx,model_case
34904,Lexus,RX,Lexus,Rx,model_case
34911,Lexus,RX,Lexus,Rx,model_case
34913,Lexus,RX,Lexus,Rx,model_case
34914,Lexus,RX,Lexus,Rx,model_case
38627,Lexus,RX,Lexus,Rx,model_case
38641,Lexus,RX,Lexus,Rx,model_case
38656,Lexus,RX,Lexus,Rx,model_case
38670,Lexus,RX,Lexus,Rx,model_case
38684,Lexus,RX,Lexus,Rx,model_case
38698,Lexus,RX,Lexus,Rx,model_case
38699,Lexus,RX,Lexus,Rx,model_case
38700,Lexus,RX,Lexus,Rx,model_case
38716,Lexus,RX,Lexus,Rx,model_case
38717,Lexus,RX,Lexus,Rx,model_case
38718,Lexus,RX,Lexus,Rx,model_case
38735,Lexus,RX,Lexus,Rx,model_case
38736,Lexus,RX,Lexus,Rx,model_case
38737,Lexus,RX,Lexus,Rx,model_case
5655,MG,Zt,MG,ZT,model_case
23509,Maserati,GRANCABRIO,Maserati,Grancabrio,model_case
23901,Maserati,GRANCABRIO,Maserati,Grancabrio,model_case
25035,Maserati,GRANCABRIO,Maserati,Grancabrio,model_case
9693,Maserati,QUATTROPORTE V,Maserati,Quattroporte V,model_case
9746,Maserati,QUATTROPORTE V,Maserati,Quattroporte V,model_case
9747,Maserati,QUATTROPORTE V,Maserati,Quattroporte V,model_case
14725,Maserati,QUATTROPORTE V,Maserati,Quattroporte V,model_case
14726,Maserati,QUATTROPORTE V,Maserati,Quattroporte V,model_case
23308,Maserati,QUATTROPORTE V,Maserati,Quattroporte V,model_case
23309,Maserati,QUATTROPORTE V,Maserati,Quattroporte V,model_case
28762,Mazda,CX-3,Mazda,Cx-3,model_case
28773,Mazda,CX-3,Mazda,Cx-3,model_case
38828,Mazda,CX-3,Mazda,Cx-3,model_case
38836,Mazda,CX-3,Mazda,Cx-3,model_case
38846,Mazda,CX-3,Mazda,Cx-3,model_case
38856,Mazda,CX-3,Mazda,Cx-3,model_case
27452,Mazda,CX-5,Mazda,Cx-5,model_case
27453,Mazda,CX-5,Mazda,Cx-5,model_case
27454,Mazda,CX-5,Mazda,Cx-5,model_case
28763,Mazda,CX-5,Mazda,Cx-5,model_case
28764,Mazda,CX-5,Mazda,Cx-5,model_case
28765,Mazda,CX-5,Mazda,Cx-5,model_case
28774,Mazda,CX-5,Mazda,Cx-5,model_case
35019,Mazda,CX-5,Mazda,Cx-5,model_case
35032,Mazda,CX-5,Mazda,Cx-5,model_case
35033,Mazda,CX-5,Mazda,Cx-5,model_case
38829,Mazda,CX-5,Mazda,Cx-5,model_case
38837,Mazda,CX-5,Mazda,Cx-5,model_case
38838,Mazda,CX-5,Mazda,Cx-5,model_case
38839,Mazda,CX-5,Mazda,Cx-5,model_case
38848,Mazda,CX-5,Mazda,Cx-5,model_case
38860,Mazda,CX-5,Mazda,Cx-5,model_case
38866,Mazda,CX-5,Mazda,Cx-5,model_case
38872,Mazda,CX-5,Mazda,Cx-5,model_case
38879,Mazda,CX-5,Mazda,Cx-5,model_case
38880,Mazda,CX-5,Mazda,Cx-5,model_case
38881,Mazda,CX-5,Mazda,Cx-5,model_case
38888,Mazda,CX-5,Mazda,Cx-5,model_case
32216,Mazda,CX-7,Mazda,Cx-7,model_case
32226,Mazda,CX-7,Mazda,Cx-7,model_case
32238,Mazda,CX-7,Mazda,Cx-7,model_case
34964,Mazda,CX-7,Mazda,Cx-7,model_case
34965,Mazda,CX-7,Mazda,Cx-7,model_case
34976,Mazda,CX-7,Mazda,Cx-7,model_case
34978,Mazda,CX-7,Mazda,Cx-7,model_case
34998,Mazda,CX-7,Mazda,Cx-7,model_case
34999,Mazda,CX-7,Mazda,Cx-7,model_case
35000,Mazda,CX-7,Mazda,Cx-7,model_case
35001,Mazda,CX-7,Mazda,Cx-7,model_case
27457,Mazda,MX-5,Mazda,Mx-5,model_case
27458,Mazda,MX-5,Mazda,Mx-5,model_case
27459,Mazda,MX-5,Mazda,Mx-5,model_case
27460,Mazda,MX-5,Mazda,Mx-5,model_case
28767,Mazda,MX-5,Mazda,Mx-5,model_case
28776,Mazda,MX-5,Mazda,Mx-5,model_case
30452,Mazda,MX-5,Mazda,Mx-5,model_case
30465,Mazda,MX-5,Mazda,Mx-5,model_case
30478,Mazda,MX-5,Mazda,Mx-5,model_case
30491,Mazda,MX-5,Mazda,Mx-5,model_case
30503,Mazda,MX-5,Mazda,Mx-5,model_case
32193,Mazda,MX-5,Mazda,Mx-5,model_case
32205,Mazda,MX-5,Mazda,Mx-5,model_case
32218,Mazda,MX-5,Mazda,Mx-5,model_case
32228,Mazda,MX-5,Mazda,Mx-5,model_case
32240,Mazda,MX-5,Mazda,Mx-5,model_case
34967,Mazda,MX-5,Mazda,Mx-5,model_case
34980,Mazda,MX-5,Mazda,Mx-5,model_case
35004,Mazda,MX-5,Mazda,Mx-5,model_case
35023,Mazda,MX-5,Mazda,Mx-5,model_case
35036,Mazda,MX-5,Mazda,Mx-5,model_case
38831,Mazda,MX-5,Mazda,Mx-5,model_case
38841,Mazda,MX-5,Mazda,Mx-5,model_case
38850,Mazda,MX-5,Mazda,Mx-5,model_case
38862,Mazda,MX-5,Mazda,Mx-5,model_case
38869,Mazda,MX-5,Mazda,Mx-5,model_case
38876,Mazda,MX-5,Mazda,Mx-5,model_case
38885,Mazda,MX-5,Mazda,Mx-5,model_case
38894,Mazda,MX-5,Mazda,Mx-5,model_case
30504,Mazda,RX-8,Mazda,Rx-8,model_case
32194,Mazda,RX-8,Mazda,Rx-8,model_case
32206,Mazda,RX-8,Mazda,Rx-8,model_case
32219,Mazda,RX-8,Mazda,Rx-8,model_case
32229,Mazda,RX-8,Mazda,Rx-8,model_case
32241,Mazda,RX-8,Mazda,Rx-8,model_case
34968,Mazda,RX-8,Mazda,Rx-8,model_case
34981,Mazda,RX-8,Mazda,Rx-8,model_case
28811,Mercedes,GT,Mercedes,Gt,model_case
28856,Mercedes,GT,Mercedes,Gt,model_case
38923,Mercedes,GT,Mercedes,Gt,model_case
38961,Mercedes,GT,Mercedes,Gt,model_case
39003,Mercedes,GT,Mercedes,Gt,model_case
39050,Mercedes,GT,Mercedes,Gt,model_case
39091,Mercedes,GT,Mercedes,Gt,model_case
39135,Mercedes,GT,Mercedes,Gt,model_case
39170,Mercedes,GT,Mercedes,Gt,model_case
19211,Nissan,ALTIMA,Nissan,Altima,model_case
19212,Nissan,ALTIMA,Nissan,Altima,model_case
19213,Nissan,ALTIMA,Nissan,Altima,model_case
20337,Nissan,ALTIMA,Nissan,Altima,model_case
20338,Nissan,ALTIMA,Nissan,Altima,model_case
25261,Nissan,ALTIMA,Nissan,Altima,model_case
25262,Nissan,ALTIMA,Nissan,Altima,model_case
19214,Nissan,ARMADA,Nissan,Armada,model_case
18999,Nissan,AVENIR,Nissan,Avenir,model_case
32594,Nissan,GT-R,Nissan,Gt-R,model_case
35286,Nissan,GT-R,Nissan,Gt-R,model_case
35305,Nissan,GT-R,Nissan,Gt-R,model_case
35329,Nissan,GT-R,Nissan,Gt-R,model_case
35361,Nissan,GT-R,Nissan,Gt-R,model_case
35392,Nissan,GT-R,Nissan,Gt-R,model_case
9516,Nissan,LEAF,Nissan,Leaf,model_case
26341,Nissan,NAVARA,Nissan,Navara,model_case
26344,Nissan,NAVARA,Nissan,Navara,model_case
23036,Nissan,NOTE,Nissan,Note,model_case
24759,Nissan,NOTE,Nissan,Note,model_case
24760,Nissan,NOTE,Nissan,Note,model_case
9539,Nissan,NP300,Nissan,Np300,model_case
25308,Nissan,QASHQAI,Nissan,Qashqai,model_case
25309,Nissan,QASHQAI,Nissan,Qashqai,model_case
18962,Nissan,SENTRA,Nissan,Sentra,model_case
20678,Nissan,SENTRA,Nissan,Sentra,model_case
20679,Nissan,SENTRA,Nissan,Sentra,model_case
20680,Nissan,SENTRA,Nissan,Sentra,model_case
20681,Nissan,SENTRA,Nissan,Sentra,model_case
20682,Nissan,SENTRA,Nissan,Sentra,model_case
20683,Nissan,SENTRA,Nissan,Sentra,model_case
18963,Nissan,TITAN,Nissan,Titan,model_case
27638,Nissan,Xterra,Nissan,XTerra,model_case
27639,Nissan,Xterra,Nissan,XTerra,model_case
27640,Nissan,Xterra,Nissan,XTerra,model_case
27641,Nissan,Xterra,Nissan,XTerra,model_case
27642,Nissan,Xterra,Nissan,XTerra,model_case
27643,Nissan,Xterra,Nissan,XTerra,model_case
27644,Nissan,Xterra,Nissan,XTerra,model_case
32540,Nissan,Xterra,Nissan,XTerra,model_case
32554,Nissan,Xterra,Nissan,XTerra,model_case
32569,Nissan,Xterra,Nissan,XTerra,model_case
32585,Nissan,Xterra,Nissan,XTerra,model_case
32606,Nissan,Xterra,Nissan,XTerra,model_case
35297,Nissan,Xterra,Nissan,XTerra,model_case
35318,Nissan,Xterra,Nissan,XTerra,model_case
35350,Nissan,Xterra,Nissan,XTerra,model_case
35380,Nissan,Xterra,Nissan,XTerra,model_case
35411,Nissan,Xterra,Nissan,XTerra,model_case
18958,Opel,ADAM,Opel,Adam,model_case
20382,Opel,ADAM,Opel,Adam,model_case
20383,Opel,ADAM,Opel,Adam,model_case
23969,Opel,ADAM,Opel,Adam,model_case
23970,Opel,ADAM,Opel,Adam,model_case
23971,Opel,ADAM,Opel,Adam,model_case
25930,Opel,ADAM,Opel,Adam,model_case
25931,Opel,ADAM,Opel,Adam,model_case
26505,Opel,ADAM,Opel,Adam,model_case
10393,Opel,AMPERA,Opel,Ampera,model_case
10090,Opel,ANTARA,Opel,Antara,model_case
10091,Opel,ANTARA,Opel,Antara,model_case
10092,Opel,ANTARA,Opel,Antara,model_case
10660,Opel,ANTARA,Opel,Antara,model_case
16614,Opel,ANTARA,Opel,Antara,model_case
16615,Opel,ANTARA,Opel,Antara,model_case
16616,Opel,ANTARA,Opel,Antara,model_case
17364,Opel,ANTARA,Opel,Antara,model_case
18144,Opel,ANTARA,Opel,Antara,model_case
18145,Opel,ANTARA,Opel,Antara,model_case
19130,Opel,ANTARA,Opel,Antara,model_case
20890,Opel,ANTARA,Opel,Antara,model_case
20891,Opel,ANTARA,Opel,Antara,model_case
10327,Opel,ASTRA J,Opel,Astra J,model_case
10883,Opel,ASTRA J,Opel,Astra J,model_case
11513,Opel,ASTRA J,Opel,Astra J,model_case
11514,Opel,ASTRA J,Opel,Astra J,model_case
11619,Opel,ASTRA J,Opel,Astra J,model_case
11834,Opel,ASTRA J,Opel,Astra J,model_case
21710,Opel,ASTRA J,Opel,Astra J,model_case
21711,Opel,ASTRA J,Opel,Astra J,model_case
21712,Opel,ASTRA J,Opel,Astra J,model_case
21713,Opel,ASTRA J,Opel,Astra J,model_case
21714,Opel,ASTRA J,Opel,Astra J,model_case
21715,Opel,ASTRA J,Opel,Astra J,model_case
21716,Opel,ASTRA J,Opel,Astra J,model_case
21717,Opel,ASTRA J,Opel,Astra J,model_case
21718,Opel,ASTRA J,Opel,Astra J,model_case
21719,Opel,ASTRA J,Opel,Astra J,model_case
21720,Opel,ASTRA J,Opel,Astra J,model_case
24158,Opel,ASTRA J,Opel,Astra J,model_case
24182,Opel,ASTRA J,Opel,Astra J,model_case
25298,Opel,ASTRA J,Opel,Astra J,model_case
25486,Opel,ASTRA J,Opel,Astra J,model_case
9440,Opel,CORSA D,Opel,Corsa D,model_case
10324,Opel,CORSA D,Opel,Corsa D,model_case
10365,Opel,CORSA D,Opel,Corsa D,model_case
10884,Opel,CORSA D,Opel,Corsa D,model_case
10885,Opel,CORSA D,Opel,Corsa D,model_case
10886,Opel,CORSA D,Opel,Corsa D,model_case
10887,Opel,CORSA D,Opel,Corsa D,model_case
10888,Opel,CORSA D,Opel,Corsa D,model_case
11488,Opel,CORSA D,Opel,Corsa D,model_case
16866,Opel,CORSA D,Opel,Corsa D,model_case
16867,Opel,CORSA D,Opel,Corsa D,model_case
16868,Opel,CORSA D,Opel,Corsa D,model_case
16869,Opel,CORSA D,Opel,Corsa D,model_case
16870,Opel,CORSA D,Opel,Corsa D,model_case
16871,Opel,CORSA D,Opel,Corsa D,model_case
18069,Opel,CORSA D,Opel,Corsa D,model_case
18070,Opel,CORSA D,Opel,Corsa D,model_case
18071,Opel,CORSA D,Opel,Corsa D,model_case
18601,Opel,CORSA D,Opel,Corsa D,model_case
18602,Opel,CORSA D,Opel,Corsa D,model_case
21624,Opel,CORSA D,Opel,Corsa D,model_case
22613,Opel,CORSA D,Opel,Corsa D,model_case
22614,Opel,CORSA D,Opel,Corsa D,model_case
22615,Opel,CORSA D,Opel,Corsa D,model_case
22616,Opel,CORSA D,Opel,Corsa D,model_case
22617,Opel,CORSA D,Opel,Corsa D,model_case
22618,Opel,CORSA D,Opel,Corsa D,model_case
22619,Opel,CORSA D,Opel,Corsa D,model_case
24017,Opel,CORSA D,Opel,Corsa D,model_case
26084,Opel,CORSA E,Opel,Corsa E,model_case
26085,Opel,CORSA E,Opel,Corsa E,model_case
26086,Opel,CORSA E,Opel,Corsa E,model_case
26087,Opel,CORSA E,Opel,Corsa E,model_case
26088,Opel,CORSA E,Opel,Corsa E,model_case
26089,Opel,CORSA E,Opel,Corsa E,model_case
26090,Opel,CORSA E,Opel,Corsa E,model_case
26091,Opel,CORSA E,Opel,Corsa E,model_case
26252,Opel,CORSA E,Opel,Corsa E,model_case
10389,Opel,INSIGNIA,Opel,Insignia,model_case
10390,Opel,INSIGNIA,Opel,Insignia,model_case
10891,Opel,INSIGNIA,Opel,Insignia,model_case
11493,Opel,INSIGNIA,Opel,Insignia,model_case
11784,Opel,INSIGNIA,Opel,Insignia,model_case
17417,Opel,INSIGNIA,Opel,Insignia,model_case
18761,Opel,INSIGNIA,Opel,Insignia,model_case
20061,Opel,INSIGNIA,Opel,Insignia,model_case
20062,Opel,INSIGNIA,Opel,Insignia,model_case
20063,Opel,INSIGNIA,Opel,Insignia,model_case
20064,Opel,INSIGNIA,Opel,Insignia,model_case
20065,Opel,INSIGNIA,Opel,Insignia,model_case
20066,Opel,INSIGNIA,Opel,Insignia,model_case
20067,Opel,INSIGNIA,Opel,Insignia,model_case
20068,Opel,INSIGNIA,Opel,Insignia,model_case
20069,Opel,INSIGNIA,Opel,Insignia,model_case
20527,Opel,INSIGNIA,Opel,Insignia,model_case
21168,Opel,INSIGNIA,Opel,Insignia,model_case
21169,Opel,INSIGNIA,Opel,Insignia,model_case
21699,Opel,INSIGNIA,Opel,Insignia,model_case
22721,Opel,INSIGNIA,Opel,Insignia,model_case
24015,Opel,INSIGNIA,Opel,Insignia,model_case
24884,Opel,INSIGNIA,Opel,Insignia,model_case
24889,Opel,INSIGNIA,Opel,Insignia,model_case
25654,Opel,INSIGNIA,Opel,Insignia,model_case
25655,Opel,INSIGNIA,Opel,Insignia,model_case
26502,Opel,INSIGNIA,Opel,Insignia,model_case
9801,Opel,MERIVA,Opel,Meriva,model_case
13700,Opel,MERIVA,Opel,Meriva,model_case
13701,Opel,MERIVA,Opel,Meriva,model_case
14037,Opel,MERIVA,Opel,Meriva,model_case
14038,Opel,MERIVA,Opel,Meriva,model_case
14039,Opel,MERIVA,Opel,Meriva,model_case
14040,Opel,MERIVA,Opel,Meriva,model_case
16354,Opel,MERIVA,Opel,Meriva,model_case
16355,Opel,MERIVA,Opel,Meriva,model_case
17121,Opel,MERIVA,Opel,Meriva,model_case
17122,Opel,MERIVA,Opel,Meriva,model_case
17123,Opel,MERIVA,Opel,Meriva,model_case
18025,Opel,MERIVA,Opel,Meriva,model_case
18026,Opel,MERIVA,Opel,Meriva,model_case
10889,Opel,MERIVA B,Opel,Meriva B,model_case
10890,Opel,MERIVA B,Opel,Meriva B,model_case
22209,Opel,MERIVA B,Opel,Meriva B,model_case
22210,Opel,MERIVA B,Opel,Meriva B,model_case
22211,Opel,MERIVA B,Opel,Meriva B,model_case
22212,Opel,MERIVA B,Opel,Meriva B,model_case
22213,Opel,MERIVA B,Opel,Meriva B,model_case
22214,Opel,MERIVA B,Opel,Meriva B,model_case
22215,Opel,MERIVA B,Opel,Meriva B,model_case
22724,Opel,MERIVA B,Opel,Meriva B,model_case
22725,Opel,MERIVA B,Opel,Meriva B,model_case
22726,Opel,MERIVA B,Opel,Meriva B,model_case
22727,Opel,MERIVA B,Opel,Meriva B,model_case
22728,Opel,MERIVA B,Opel,Meriva B,model_case
25302,Opel,MERIVA B,Opel,Meriva B,model_case
25303,Opel,MERIVA B,Opel,Meriva B,model_case
25304,Opel,MERIVA B,Opel,Meriva B,model_case
25393,Opel,MERIVA B,Opel,Meriva B,model_case
25488,Opel,MERIVA B,Opel,Meriva B,model_case
10148,Opel,MOKKA,Opel,Mokka,model_case
17418,Opel,MOKKA,Opel,Mokka,model_case
23558,Opel,MOKKA,Opel,Mokka,model_case
23559,Opel,MOKKA,Opel,Mokka,model_case
23560,Opel,MOKKA,Opel,Mokka,model_case
26637,Opel,MOKKA,Opel,Mokka,model_case
13882,Opel,SIGNUM,Opel,Signum,model_case
14042,Opel,SIGNUM,Opel,Signum,model_case
14043,Opel,SIGNUM,Opel,Signum,model_case
14044,Opel,SIGNUM,Opel,Signum,model_case
14045,Opel,SIGNUM,Opel,Signum,model_case
14046,Opel,SIGNUM,Opel,Signum,model_case
14047,Opel,SIGNUM,Opel,Signum,model_case
14786,Opel,SIGNUM,Opel,Signum,model_case
14796,Opel,SIGNUM,Opel,Signum,model_case
16150,Opel,SIGNUM,Opel,Signum,model_case
16158,Opel,SIGNUM,Opel,Signum,model_case
16444,Opel,SIGNUM,Opel,Signum,model_case
17177,Opel,SIGNUM,Opel,Signum,model_case
17290,Opel,SIGNUM,Opel,Signum,model_case
24900,Opel,SIGNUM,Opel,Signum,model_case
11889,Opel,SPEEDSTER,Opel,Speedster,model_case
14048,Opel,SPEEDSTER,Opel,Speedster,model_case
15070,Opel,TIGRA TwinTop,Opel,Tigra Twintop,model_case
15071,Opel,TIGRA TwinTop,Opel,Tigra Twintop,model_case
15286,Opel,TIGRA TwinTop,Opel,Tigra Twintop,model_case
13302,Opel,VECTRA C,Opel,Vectra C,model_case
13303,Opel,VECTRA C,Opel,Vectra C,model_case
13313,Opel,VECTRA C,Opel,Vectra C,model_case
13314,Opel,VECTRA C,Opel,Vectra C,model_case
14351,Opel,VECTRA C,Opel,Vectra C,model_case
14422,Opel,VECTRA C,Opel,Vectra C,model_case
14788,Opel,VECTRA C,Opel,Vectra C,model_case
14790,Opel,VECTRA C,Opel,Vectra C,model_case
14793,Opel,VECTRA C,Opel,Vectra C,model_case
15065,Opel,VECTRA C,Opel,Vectra C,model_case
15126,Opel,VECTRA C,Opel,Vectra C,model_case
15422,Opel,VECTRA C,Opel,Vectra C,model_case
16183,Opel,VECTRA C,Opel,Vectra C,model_case
16184,Opel,VECTRA C,Opel,Vectra C,model_case
16344,Opel,VECTRA C,Opel,Vectra C,model_case
16345,Opel,VECTRA C,Opel,Vectra C,model_case
16346,Opel,VECTRA C,Opel,Vectra C,model_case
16349,Opel,VECTRA C,Opel,Vectra C,model_case
17198,Opel,VECTRA C,Opel,Vectra C,model_case
23488,Opel,VECTRA C,Opel,Vectra C,model_case
24893,Opel,VECTRA C,Opel,Vectra C,model_case
21673,Peugeot,RCZ,Peugeot,Rcz,model_case
21674,Peugeot,RCZ,Peugeot,Rcz,model_case
21675,Peugeot,RCZ,Peugeot,Rcz,model_case
23276,Peugeot,RCZ,Peugeot,Rcz,model_case
14123,Porsche,CARRERA GT,Porsche,Carrera Gt,model_case
9629,Porsche,CAYENNE,Porsche,Cayenne,model_case
9630,Porsche,CAYENNE,Porsche,Cayenne,model_case
9631,Porsche,CAYENNE,Porsche,Cayenne,model_case
11236,Porsche,CAYENNE,Porsche,Cayenne,model_case
11242,Porsche,CAYENNE,Porsche,Cayenne,model_case
11303,Porsche,CAYENNE,Porsche,Cayenne,model_case
22547,Porsche,CAYENNE,Porsche,Cayenne,model_case
22548,Porsche,CAYENNE,Porsche,Cayenne,model_case
22549,Porsche,CAYENNE,Porsche,Cayenne,model_case
22550,Porsche,CAYENNE,Porsche,Cayenne,model_case
22551,Porsche,CAYENNE,Porsche,Cayenne,model_case
22552,Porsche,CAYENNE,Porsche,Cayenne,model_case
23855,Porsche,CAYENNE,Porsche,Cayenne,model_case
24056,Porsche,CAYENNE,Porsche,Cayenne,model_case
24057,Porsche,CAYENNE,Porsche,Cayenne,model_case
26029,Porsche,CAYENNE,Porsche,Cayenne,model_case
26030,Porsche,CAYENNE,Porsche,Cayenne,model_case
26031,Porsche,CAYENNE,Porsche,Cayenne,model_case
26032,Porsche,CAYENNE,Porsche,Cayenne,model_case
26033,Porsche,CAYENNE,Porsche,Cayenne,model_case
26034,Porsche,CAYENNE,Porsche,Cayenne,model_case
26035,Porsche,CAYENNE,Porsche,Cayenne,model_case
26509,Porsche,CAYENNE,Porsche,Cayenne,model_case
26677,Porsche,CAYENNE,Porsche,Cayenne,model_case
25345,Porsche,MACAN,Porsche,Macan,model_case
25346,Porsche,MACAN,Porsche,Macan,model_case
25347,Porsche,MACAN,Porsche,Macan,model_case
25678,Porsche,MACAN,Porsche,Macan,model_case
25679,Porsche,MACAN,Porsche,Macan,model_case
25983,Porsche,MACAN,Porsche,Macan,model_case
25984,Porsche,MACAN,Porsche,Macan,model_case
10630,Porsche,PANAMERA,Porsche,Panamera,model_case
11243,Porsche,PANAMERA,Porsche,Panamera,model_case
11248,Porsche,PANAMERA,Porsche,Panamera,model_case
11304,Porsche,PANAMERA,Porsche,Panamera,model_case
11305,Porsche,PANAMERA,Porsche,Panamera,model_case
12902,Porsche,PANAMERA,Porsche,Panamera,model_case
20361,Porsche,PANAMERA,Porsche,Panamera,model_case
21695,Porsche,PANAMERA,Porsche,Panamera,model_case
21696,Porsche,PANAMERA,Porsche,Panamera,model_case
21697,Porsche,PANAMERA,Porsche,Panamera,model_case
22488,Porsche,PANAMERA,Porsche,Panamera,model_case
22489,Porsche,PANAMERA,Porsche,Panamera,model_case
25065,Porsche,PANAMERA,Porsche,Panamera,model_case
25066,Porsche,PANAMERA,Porsche,Panamera,model_case
25068,Porsche,PANAMERA,Porsche,Panamera,model_case
25069,Porsche,PANAMERA,Porsche,Panamera,model_case
25071,Porsche,PANAMERA,Porsche,Panamera,model_case
25072,Porsche,PANAMERA,Porsche,Panamera,model_case
25073,Porsche,PANAMERA,Porsche,Panamera,model_case
25074,Porsche,PANAMERA,Porsche,Panamera,model_case
11788,Proton,EXORA,Proton,Exora,model_case
26367,Proton,IRIZ,Proton,Iriz,model_case
10606,Proton,SATRIA NEO,Proton,Satria Neo,model_case
21341,Proton,SATRIA NEO,Proton,Satria Neo,model_case
21342,Proton,SATRIA NEO,Proton,Satria Neo,model_case
23663,Proton,SATRIA NEO,Proton,Satria Neo,model_case
23664,Proton,SATRIA NEO,Proton,Satria Neo,model_case
11847,Proton,WIRA,Proton,Wira,model_case
12189,Proton,WIRA,Proton,Wira,model_case
15229,Proton,WIRA,Proton,Wira,model_case
15230,Proton,WIRA,Proton,Wira,model_case
15231,Proton,WIRA,Proton,Wira,model_case
15232,Proton,WIRA,Proton,Wira,model_case
17527,Proton,WIRA,Proton,Wira,model_case
17528,Proton,WIRA,Proton,Wira,model_case
18651,Proton,WIRA,Proton,Wira,model_case
18652,Proton,WIRA,Proton,Wira,model_case
24775,Renault,CAPTUR,Renault,Captur,model_case
24776,Renault,CAPTUR,Renault,Captur,model_case
24777,Renault,CAPTUR,Renault,Captur,model_case
24778,Renault,CAPTUR,Renault,Captur,model_case
24779,Renault,CAPTUR,Renault,Captur,model_case
23615,Renault,DUSTER,Renault,Duster,model_case
24195,Renault,DUSTER,Renault,Duster,model_case
24196,Renault,DUSTER,Renault,Duster,model_case
24198,Renault,DUSTER,Renault,Duster,model_case
32753,Saturn,Astra,SATURN,Astra,brand_and_model_case
32763,Saturn,Astra,SATURN,Astra,brand_and_model_case
32740,Saturn,Aura,SATURN,Aura,brand_and_model_case
32741,Saturn,Aura,SATURN,Aura,brand_and_model_case
32744,Saturn,Aura,SATURN,Aura,brand_and_model_case
32754,Saturn,Aura,SATURN,Aura,brand_and_model_case
32756,Saturn,Aura,SATURN,Aura,brand_and_model_case
32757,Saturn,Aura,SATURN,Aura,brand_and_model_case
32764,Saturn,Aura,SATURN,Aura,brand_and_model_case
32765,Saturn,Aura,SATURN,Aura,brand_and_model_case
32729,Saturn,Ion,SATURN,Ion,brand_and_model_case
32734,Saturn,Ion,SATURN,Ion,brand_and_model_case
32735,Saturn,Ion,SATURN,Ion,brand_and_model_case
32736,Saturn,Ion,SATURN,Ion,brand_and_model_case
32742,Saturn,Ion,SATURN,Ion,brand_and_model_case
32743,Saturn,Ion,SATURN,Ion,brand_and_model_case
32745,Saturn,Ion,SATURN,Ion,brand_and_model_case
32730,Saturn,L300,SATURN,L300,brand_and_model_case
32746,Saturn,Outlook,SATURN,Outlook,brand_and_model_case
32755,Saturn,Outlook,SATURN,Outlook,brand_and_model_case
32766,Saturn,Outlook,SATURN,Outlook,brand_and_model_case
35475,Saturn,Outlook,SATURN,Outlook,brand_and_model_case
32731,Saturn,Relay,SATURN,Relay,brand_and_model_case
32737,Saturn,Relay,SATURN,Relay,brand_and_model_case
32747,Saturn,Relay,SATURN,Relay,brand_and_model_case
32748,Saturn,Sky,SATURN,Sky,brand_and_model_case
32749,Saturn,Sky,SATURN,Sky,brand_and_model_case
32758,Saturn,Sky,SATURN,Sky,brand_and_model_case
32759,Saturn,Sky,SATURN,Sky,brand_and_model_case
32767,Saturn,Sky,SATURN,Sky,brand_and_model_case
32768,Saturn,Sky,SATURN,Sky,brand_and_model_case
35476,Saturn,Sky,SATURN,Sky,brand_and_model_case
35477,Saturn,Sky,SATURN,Sky,brand_and_model_case
32732,Saturn,Vue,SATURN,Vue,brand_and_model_case
32733,Saturn,Vue,SATURN,Vue,brand_and_model_case
32738,Saturn,Vue,SATURN,Vue,brand_and_model_case
32739,Saturn,Vue,SATURN,Vue,brand_and_model_case
32750,Saturn,Vue,SATURN,Vue,brand_and_model_case
32751,Saturn,Vue,SATURN,Vue,brand_and_model_case
32752,Saturn,Vue,SATURN,Vue,brand_and_model_case
32760,Saturn,Vue,SATURN,Vue,brand_and_model_case
32761,Saturn,Vue,SATURN,Vue,brand_and_model_case
32762,Saturn,Vue,SATURN,Vue,brand_and_model_case
32769,Saturn,Vue,SATURN,Vue,brand_and_model_case
32770,Saturn,Vue,SATURN,Vue,brand_and_model_case
32771,Saturn,Vue,SATURN,Vue,brand_and_model_case
35478,Saturn,Vue,SATURN,Vue,brand_and_model_case
35479,Saturn,Vue,SATURN,Vue,brand_and_model_case
35480,Saturn,Vue,SATURN,Vue,brand_and_model_case
27678,Scion,FR-S,Scion,Fr-S,model_case
27684,Scion,FR-S,Scion,Fr-S,model_case
28973,Scion,FR-S,Scion,Fr-S,model_case
35494,Scion,FR-S,Scion,Fr-S,model_case
35499,Scion,FR-S,Scion,Fr-S,model_case
12906,Skoda,CITIGO,Skoda,Citigo,model_case
12908,Skoda,CITIGO,Skoda,Citigo,model_case
24679,Skoda,CITIGO,Skoda,Citigo,model_case
10449,Skoda,FABIA,Skoda,Fabia,model_case
18147,Skoda,FABIA,Skoda,Fabia,model_case
18148,Skoda,FABIA,Skoda,Fabia,model_case
18149,Skoda,FABIA,Skoda,Fabia,model_case
18150,Skoda,FABIA,Skoda,Fabia,model_case
18151,Skoda,FABIA,Skoda,Fabia,model_case
18152,Skoda,FABIA,Skoda,Fabia,model_case
18153,Skoda,FABIA,Skoda,Fabia,model_case
18154,Skoda,FABIA,Skoda,Fabia,model_case
18155,Skoda,FABIA,Skoda,Fabia,model_case
18156,Skoda,FABIA,Skoda,Fabia,model_case
18157,Skoda,FABIA,Skoda,Fabia,model_case
18158,Skoda,FABIA,Skoda,Fabia,model_case
18159,Skoda,FABIA,Skoda,Fabia,model_case
18160,Skoda,FABIA,Skoda,Fabia,model_case
18161,Skoda,FABIA,Skoda,Fabia,model_case
22261,Skoda,FABIA,Skoda,Fabia,model_case
22323,Skoda,FABIA,Skoda,Fabia,model_case
22326,Skoda,FABIA,Skoda,Fabia,model_case
22327,Skoda,FABIA,Skoda,Fabia,model_case
22566,Skoda,FABIA,Skoda,Fabia,model_case
22568,Skoda,FABIA,Skoda,Fabia,model_case
22569,Skoda,FABIA,Skoda,Fabia,model_case
22737,Skoda,FABIA,Skoda,Fabia,model_case
9971,Ssangyong,KORANDO,Ssangyong,Korando,model_case
19043,Ssangyong,KORANDO,Ssangyong,Korando,model_case
24215,Ssangyong,KORANDO,Ssangyong,Korando,model_case
9689,Ssangyong,KYRON,Ssangyong,Kyron,model_case
11883,Ssangyong,KYRON,Ssangyong,Kyron,model_case
11885,Ssangyong,KYRON,Ssangyong,Kyron,model_case
16234,Ssangyong,KYRON,Ssangyong,Kyron,model_case
17066,Ssangyong,KYRON,Ssangyong,Kyron,model_case
22578,Ssangyong,KYRON,Ssangyong,Kyron,model_case
11906,Ssangyong,RODIUS,Ssangyong,Rodius,model_case
11908,Ssangyong,RODIUS,Ssangyong,Rodius,model_case
11932,Ssangyong,RODIUS,Ssangyong,Rodius,model_case
15672,Ssangyong,RODIUS,Ssangyong,Rodius,model_case
17811,Ssangyong,STAVIC,Ssangyong,Stavic,model_case
20836,Ssangyong,STAVIC,Ssangyong,Stavic,model_case
20837,Ssangyong,STAVIC,Ssangyong,Stavic,model_case
23561,Subaru,BRZ,Subaru,Brz,model_case
27688,Subaru,BRZ,Subaru,Brz,model_case
27689,Subaru,BRZ,Subaru,Brz,model_case
27690,Subaru,BRZ,Subaru,Brz,model_case
27691,Subaru,BRZ,Subaru,Brz,model_case
28978,Subaru,BRZ,Subaru,Brz,model_case
28989,Subaru,BRZ,Subaru,Brz,model_case
35528,Subaru,BRZ,Subaru,Brz,model_case
35539,Subaru,BRZ,Subaru,Brz,model_case
39508,Subaru,BRZ,Subaru,Brz,model_case
39518,Subaru,BRZ,Subaru,Brz,model_case
39529,Subaru,BRZ,Subaru,Brz,model_case
39550,Subaru,BRZ,Subaru,Brz,model_case
39561,Subaru,BRZ,Subaru,Brz,model_case
39574,Subaru,BRZ,Subaru,Brz,model_case
39587,Subaru,BRZ,Subaru,Brz,model_case
10558,Subaru,TREZIA,Subaru,Trezia,model_case
10559,Subaru,TREZIA,Subaru,Trezia,model_case
10560,Subaru,TREZIA,Subaru,Trezia,model_case
9821,Subaru,XV,Subaru,Xv,model_case
19956,Subaru,XV,Subaru,Xv,model_case
19960,Subaru,XV,Subaru,Xv,model_case
20348,Subaru,XV,Subaru,Xv,model_case
27710,Subaru,XV,Subaru,Xv,model_case
35537,Subaru,XV,Subaru,Xv,model_case
35546,Subaru,XV,Subaru,Xv,model_case
26100,Suzuki,CELERIO,Suzuki,Celerio,model_case
26271,Suzuki,ERTIGA,Suzuki,Ertiga,model_case
9541,Suzuki,SPLASH,Suzuki,Splash,model_case
11497,Suzuki,SPLASH,Suzuki,Splash,model_case
11499,Suzuki,SPLASH,Suzuki,Splash,model_case
19755,Suzuki,SPLASH,Suzuki,Splash,model_case
19756,Suzuki,SPLASH,Suzuki,Splash,model_case
19757,Suzuki,SPLASH,Suzuki,Splash,model_case
19758,Suzuki,SPLASH,Suzuki,Splash,model_case
24246,Suzuki,SPLASH,Suzuki,Splash,model_case
26592,Suzuki,SPLASH,Suzuki,Splash,model_case
32837,Suzuki,SX4,Suzuki,Sx4,model_case
32842,Suzuki,SX4,Suzuki,Sx4,model_case
32848,Suzuki,SX4,Suzuki,Sx4,model_case
17588,Suzuki,WAGON R,Suzuki,Wagon R,model_case
17589,Suzuki,WAGON R,Suzuki,Wagon R,model_case
19704,Suzuki,WAGON R,Suzuki,Wagon R,model_case
32838,Suzuki,XL7,Suzuki,Xl7,model_case
32843,Suzuki,XL7,Suzuki,Xl7,model_case
32849,Suzuki,XL7,Suzuki,Xl7,model_case
32858,Toyota,ECHO,Toyota,Echo,model_case
27748,Toyota,RAV4,Toyota,Rav4,model_case
27749,Toyota,RAV4,Toyota,Rav4,model_case
27750,Toyota,RAV4,Toyota,Rav4,model_case
27751,Toyota,RAV4,Toyota,Rav4,model_case
27752,Toyota,RAV4,Toyota,Rav4,model_case
27753,Toyota,RAV4,Toyota,Rav4,model_case
29014,Toyota,RAV4,Toyota,Rav4,model_case
29041,Toyota,RAV4,Toyota,Rav4,model_case
32864,Toyota,RAV4,Toyota,Rav4,model_case
32884,Toyota,RAV4,Toyota,Rav4,model_case
32885,Toyota,RAV4,Toyota,Rav4,model_case
32905,Toyota,RAV4,Toyota,Rav4,model_case
32906,Toyota,RAV4,Toyota,Rav4,model_case
32928,Toyota,RAV4,Toyota,Rav4,model_case
32929,Toyota,RAV4,Toyota,Rav4,model_case
32954,Toyota,RAV4,Toyota,Rav4,model_case
32955,Toyota,RAV4,Toyota,Rav4,model_case
39620,Toyota,RAV4,Toyota,Rav4,model_case
39649,Toyota,RAV4,Toyota,Rav4,model_case
39678,Toyota,RAV4,Toyota,Rav4,model_case
39679,Toyota,RAV4,Toyota,Rav4,model_case
39680,Toyota,RAV4,Toyota,Rav4,model_case
39707,Toyota,RAV4,Toyota,Rav4,model_case
39708,Toyota,RAV4,Toyota,Rav4,model_case
39709,Toyota,RAV4,Toyota,Rav4,model_case
39744,Toyota,RAV4,Toyota,Rav4,model_case
39745,Toyota,RAV4,Toyota,Rav4,model_case
39746,Toyota,RAV4,Toyota,Rav4,model_case
39787,Toyota,RAV4,Toyota,Rav4,model_case
39788,Toyota,RAV4,Toyota,Rav4,model_case
39789,Toyota,RAV4,Toyota,Rav4,model_case
39830,Toyota,RAV4,Toyota,Rav4,model_case
39831,Toyota,RAV4,Toyota,Rav4,model_case
39832,Toyota,RAV4,Toyota,Rav4,model_case
17729,Vauxhall,ADAM,Vauxhall,Adam,model_case
23937,Vauxhall,ADAM,Vauxhall,Adam,model_case
23938,Vauxhall,ADAM,Vauxhall,Adam,model_case
23939,Vauxhall,ADAM,Vauxhall,Adam,model_case
25976,Vauxhall,ADAM,Vauxhall,Adam,model_case
26535,Vauxhall,ADAM,Vauxhall,Adam,model_case
10447,Vauxhall,AMPERA,Vauxhall,Ampera,model_case
10448,Vauxhall,AMPERA,Vauxhall,Ampera,model_case
10675,Vauxhall,INSIGNIA,Vauxhall,Insignia,model_case
10851,Vauxhall,INSIGNIA,Vauxhall,Insignia,model_case
10861,Vauxhall,INSIGNIA,Vauxhall,Insignia,model_case
11119,Vauxhall,INSIGNIA,Vauxhall,Insignia,model_case
11122,Vauxhall,INSIGNIA,Vauxhall,Insignia,model_case
11372,Vauxhall,INSIGNIA,Vauxhall,Insignia,model_case
11789,Vauxhall,INSIGNIA,Vauxhall,Insignia,model_case
19299,Vauxhall,INSIGNIA,Vauxhall,Insignia,model_case
20530,Vauxhall,INSIGNIA,Vauxhall,Insignia,model_case
20531,Vauxhall,INSIGNIA,Vauxhall,Insignia,model_case
20532,Vauxhall,INSIGNIA,Vauxhall,Insignia,model_case
20533,Vauxhall,INSIGNIA,Vauxhall,Insignia,model_case
20534,Vauxhall,INSIGNIA,Vauxhall,Insignia,model_case
20535,Vauxhall,INSIGNIA,Vauxhall,Insignia,model_case
21000,Vauxhall,INSIGNIA,Vauxhall,Insignia,model_case
22639,Vauxhall,INSIGNIA,Vauxhall,Insignia,model_case
23190,Vauxhall,INSIGNIA,Vauxhall,Insignia,model_case
23946,Vauxhall,INSIGNIA,Vauxhall,Insignia,model_case
24857,Vauxhall,INSIGNIA,Vauxhall,Insignia,model_case
24901,Vauxhall,INSIGNIA,Vauxhall,Insignia,model_case
25667,Vauxhall,INSIGNIA,Vauxhall,Insignia,model_case
26531,Vauxhall,INSIGNIA,Vauxhall,Insignia,model_case
23618,Vauxhall,MOKKA,Vauxhall,Mokka,model_case
23619,Vauxhall,MOKKA,Vauxhall,Mokka,model_case
23620,Vauxhall,MOKKA,Vauxhall,Mokka,model_case
25675,Vauxhall,MOKKA,Vauxhall,Mokka,model_case
26624,Vauxhall,MOKKA,Vauxhall,Mokka,model_case
19836,Vauxhall,MONARO,Vauxhall,Monaro,model_case
19837,Vauxhall,MONARO,Vauxhall,Monaro,model_case
19838,Vauxhall,MONARO,Vauxhall,Monaro,model_case
19839,Vauxhall,MONARO,Vauxhall,Monaro,model_case
19840,Vauxhall,MONARO,Vauxhall,Monaro,model_case
20335,Vauxhall,MONARO,Vauxhall,Monaro,model_case
11865,Vauxhall,SIGNUM,Vauxhall,Signum,model_case
14242,Vauxhall,SIGNUM,Vauxhall,Signum,model_case
14243,Vauxhall,SIGNUM,Vauxhall,Signum,model_case
14244,Vauxhall,SIGNUM,Vauxhall,Signum,model_case
14245,Vauxhall,SIGNUM,Vauxhall,Signum,model_case
14246,Vauxhall,SIGNUM,Vauxhall,Signum,model_case
14247,Vauxhall,SIGNUM,Vauxhall,Signum,model_case
15022,Vauxhall,SIGNUM,Vauxhall,Signum,model_case
15023,Vauxhall,SIGNUM,Vauxhall,Signum,model_case
16157,Vauxhall,SIGNUM,Vauxhall,Signum,model_case
16159,Vauxhall,SIGNUM,Vauxhall,Signum,model_case
19923,Vauxhall,SIGNUM,Vauxhall,Signum,model_case
19924,Vauxhall,SIGNUM,Vauxhall,Signum,model_case
25387,Vauxhall,SIGNUM,Vauxhall,Signum,model_case
8149,Vauxhall,Vx220,Vauxhall,VX220,model_case
8150,Vauxhall,Vx220,Vauxhall,VX220,model_case
25450,Volkswagen,GOLF SPORTSVAN,Volkswagen,Golf Sportsvan,model_case
25451,Volkswagen,GOLF SPORTSVAN,Volkswagen,Golf Sportsvan,model_case
25452,Volkswagen,GOLF SPORTSVAN,Volkswagen,Golf Sportsvan,model_case
25453,Volkswagen,GOLF SPORTSVAN,Volkswagen,Golf Sportsvan,model_case
25634,Volkswagen,GOLF SPORTSVAN,Volkswagen,Golf Sportsvan,model_case
25635,Volkswagen,GOLF SPORTSVAN,Volkswagen,Golf Sportsvan,model_case
25663,Volkswagen,GOLF SPORTSVAN,Volkswagen,Golf Sportsvan,model_case
25664,Volkswagen,GOLF SPORTSVAN,Volkswagen,Golf Sportsvan,model_case
25665,Volkswagen,GOLF SPORTSVAN,Volkswagen,Golf Sportsvan,model_case
25666,Volkswagen,GOLF SPORTSVAN,Volkswagen,Golf Sportsvan,model_case
25668,Volkswagen,GOLF SPORTSVAN,Volkswagen,Golf Sportsvan,model_case
11347,Volkswagen,ROUTAN,Volkswagen,Routan,model_case
11348,Volkswagen,ROUTAN,Volkswagen,Routan,model_case
12817,Volkswagen,ROUTAN,Volkswagen,Routan,model_case
11306,Volkswagen,UP,Volkswagen,Up,model_case
11307,Volkswagen,UP,Volkswagen,Up,model_case
24250,Volkswagen,UP,Volkswagen,Up,model_case
25213,Volkswagen,UP,Volkswagen,Up,model_case
25394,Volkswagen,UP,Volkswagen,Up,model_case
25395,Volkswagen,UP,Volkswagen,Up,model_case
10810,Volkswagen,VOYAGE,Volkswagen,Voyage,model_case
10811,Volkswagen,VOYAGE,Volkswagen,Voyage,model_case
10813,Volkswagen,VOYAGE,Volkswagen,Voyage,model_case
10814,Volkswagen,VOYAGE,Volkswagen,Voyage,model_case
9956,Volvo,XC60,Volvo,Xc60,model_case
10793,Volvo,XC60,Volvo,Xc60,model_case
10794,Volvo,XC60,Volvo,Xc60,model_case
20078,Volvo,XC60,Volvo,Xc60,model_case
20079,Volvo,XC60,Volvo,Xc60,model_case
20080,Volvo,XC60,Volvo,Xc60,model_case
20081,Volvo,XC60,Volvo,Xc60,model_case
21743,Volvo,XC60,Volvo,Xc60,model_case
21744,Volvo,XC60,Volvo,Xc60,model_case
21745,Volvo,XC60,Volvo,Xc60,model_case
22397,Volvo,XC60,Volvo,Xc60,model_case
22398,Volvo,XC60,Volvo,Xc60,model_case
22399,Volvo,XC60,Volvo,Xc60,model_case
22400,Volvo,XC60,Volvo,Xc60,model_case
22401,Volvo,XC60,Volvo,Xc60,model_case
24735,Volvo,XC60,Volvo,Xc60,model_case
25250,Volvo,XC60,Volvo,Xc60,model_case
25276,Volvo,XC60,Volvo,Xc60,model_case
25277,Volvo,XC60,Volvo,Xc60,model_case
25278,Volvo,XC60,Volvo,Xc60,model_case
25974,Volvo,XC60,Volvo,Xc60,model_case
25975,Volvo,XC60,Volvo,Xc60,model_case
26248,Volvo,XC60,Volvo,Xc60,model_case
27839,Volvo,XC60,Volvo,Xc60,model_case
27840,Volvo,XC60,Volvo,Xc60,model_case
27841,Volvo,XC60,Volvo,Xc60,model_case
27842,Volvo,XC60,Volvo,Xc60,model_case
27843,Volvo,XC60,Volvo,Xc60,model_case
27844,Volvo,XC60,Volvo,Xc60,model_case
27845,Volvo,XC60,Volvo,Xc60,model_case
27846,Volvo,XC60,Volvo,Xc60,model_case
27850,Volvo,XC60,Volvo,Xc60,model_case
29112,Volvo,XC60,Volvo,Xc60,model_case
29114,Volvo,XC60,Volvo,Xc60,model_case
29115,Volvo,XC60,Volvo,Xc60,model_case
29116,Volvo,XC60,Volvo,Xc60,model_case
29117,Volvo,XC60,Volvo,Xc60,model_case
29127,Volvo,XC60,Volvo,Xc60,model_case
39966,Volvo,XC60,Volvo,Xc60,model_case
39973,Volvo,XC60,Volvo,Xc60,model_case
39980,Volvo,XC60,Volvo,Xc60,model_case
39987,Volvo,XC60,Volvo,Xc60,model_case
40001,Volvo,XC60,Volvo,Xc60,model_case
40002,Volvo,XC60,Volvo,Xc60,model_case
40003,Volvo,XC60,Volvo,Xc60,model_case
40004,Volvo,XC60,Volvo,Xc60,model_case
40013,Volvo,XC60,Volvo,Xc60,model_case
40020,Volvo,XC60,Volvo,Xc60,model_case
40027,Volvo,XC60,Volvo,Xc60,model_case
27847,Volvo,XC70,Volvo,Xc70,model_case
27848,Volvo,XC70,Volvo,Xc70,model_case
27849,Volvo,XC70,Volvo,Xc70,model_case
27851,Volvo,XC70,Volvo,Xc70,model_case
29118,Volvo,XC70,Volvo,Xc70,model_case
29119,Volvo,XC70,Volvo,Xc70,model_case
33056,Volvo,XC70,Volvo,Xc70,model_case
33066,Volvo,XC70,Volvo,Xc70,model_case
33076,Volvo,XC70,Volvo,Xc70,model_case
33087,Volvo,XC70,Volvo,Xc70,model_case
33100,Volvo,XC70,Volvo,Xc70,model_case
29120,Volvo,XC90,Volvo,Xc90,model_case
29128,Volvo,XC90,Volvo,Xc90,model_case
33057,Volvo,XC90,Volvo,Xc90,model_case
33058,Volvo,XC90,Volvo,Xc90,model_case
33059,Volvo,XC90,Volvo,Xc90,model_case
33067,Volvo,XC90,Volvo,Xc90,model_case
33068,Volvo,XC90,Volvo,Xc90,model_case
33077,Volvo,XC90,Volvo,Xc90,model_case
33078,Volvo,XC90,Volvo,Xc90,model_case
33089,Volvo,XC90,Volvo,Xc90,model_case
33090,Volvo,XC90,Volvo,Xc90,model_case
33101,Volvo,XC90,Volvo,Xc90,model_case
33102,Volvo,XC90,Volvo,Xc90,model_case
39967,Volvo,XC90,Volvo,Xc90,model_case
39974,Volvo,XC90,Volvo,Xc90,model_case
39981,Volvo,XC90,Volvo,Xc90,model_case
39988,Volvo,XC90,Volvo,Xc90,model_case
40005,Volvo,XC90,Volvo,Xc90,model_case
40006,Volvo,XC90,Volvo,Xc90,model_case
40007,Volvo,XC90,Volvo,Xc90,model_case
40014,Volvo,XC90,Volvo,Xc90,model_case
40021,Volvo,XC90,Volvo,Xc90,model_case
40028,Volvo,XC90,Volvo,Xc90,model_case
