brand,model,production_start,production_end,years_span,variants
Chevrolet,ALERO,2001,2001,2001,2
Donkervoort,D8 Gt,,,None,1
Ford,Courier,,,None,2
Ford,Crow Victoria,,,None,4
Ford,E-Series,,,None,4
Ford,Endeavour,,,None,2
GWM,Hover,,,None,1
GWM,Hower,,,None,1
GWM,Steed,,,None,1
GWM,Wingle Pick-Up,,,None,1
Holden,Agila,,,None,2
Holden,Commodore Vz,,,None,1
Holden,Corsa,,,None,4
Holden,Lacetti,,,None,1
Holden,Signum,,,None,1
Isuzu,N Series,,,None,7
Lancia,K,,,None,2
Lancia,Z,,,None,1
Mahindra,Meagle,,,None,1
Mahindra,Pick-Up,,,None,1
Mahindra,Xylo,,,None,1
Maruti,Ritz,,,None,1
Mazda,Demio,,,None,4
Nissan,Interstar,,,None,4
Nissan,Kubistar,,,None,1
Renault,Logan Mcv,,,None,2
Renault,Logan Pick-Up,,,None,2
Renault,Mascott,,,None,6
Renault,Thalia,,,None,3
Rover,75,,,None,2
SATURN,Agila,,,None,2
SATURN,Commodore Vz,,,None,1
SATURN,Corsa,,,None,4
SATURN,Signum,,,None,1
SATURN,Zafira,,,None,2
Ssangyong,Actyon Sports,,,None,1
Subaru,Traviq,,,None,14
Suzuki,Fun,,,None,1
Vauxhall,Commodore Vz,,,None,1
