vehicle_variant_id,car_brand,car_model,car_year,old_engine_code,new_engine_code,status,note
12405,Ford,MONDEO III Saloon (B4Y),2000,SDBA,SDBA,engine_fuel_fixed,"engine_type '2.0 16V DI / TDDi / TDCi' + 90hp confirm DIESEL; engines.fuel for SDBA was wrongly 'Petrol' - engine row fixed, variant was right"
12464,Ford,MONDEO III (B5Y),2000,SDBA,SDBA,engine_fuel_fixed,"engine_type '2.0 16V DI / TDDi / TDCi' + 90hp confirm DIESEL; engines.fuel for SDBA was wrongly 'Petrol' - engine row fixed, variant was right"
12466,Ford,MONDEO III Estate (BWY),2000,SDBA,SDBA,engine_fuel_fixed,"engine_type '2.0 16V DI / TDDi / TDCi' + 90hp confirm DIESEL; engines.fuel for SDBA was wrongly 'Petrol' - engine row fixed, variant was right"
15477,Ford,FOCUS II Estate (DA_),2003,A16XER,A16XER,engine_fuel_fixed,"engine_type '1.6 TDCi' + 109hp confirm DIESEL; engines.fuel for A16XER was wrongly 'Petrol' - engine row fixed, variant was right"
14047,Opel,SIGNUM,2003,Y30DT,Y30DT,engine_fuel_fixed,"engine_type '3.0 V6 CDTI' + 177hp confirm DIESEL; engines.fuel for Y30DT was wrongly 'Petrol' - engine row fixed, variant was right"
14421,Opel,VECTRA C GTS,2003,Y30DT,Y30DT,engine_fuel_fixed,"engine_type '3.0 CDTI' + 177hp confirm DIESEL; engines.fuel for Y30DT was wrongly 'Petrol' - engine row fixed, variant was right"
14422,Opel,VECTRA C,2003,Y30DT,Y30DT,engine_fuel_fixed,"engine_type '3.0 CDTI' + 177hp confirm DIESEL; engines.fuel for Y30DT was wrongly 'Petrol' - engine row fixed, variant was right"
14458,Opel,VECTRA C Estate,2003,Y30DT,Y30DT,engine_fuel_fixed,"engine_type '3.0 V6 CDTI' + 177hp confirm DIESEL; engines.fuel for Y30DT was wrongly 'Petrol' - engine row fixed, variant was right"
18498,Peugeot,"308 (4A_, 4C_)",2006,X16SZR,X16SZR,engine_fuel_fixed,"engine_type '1.6 HDi' + 109hp confirm DIESEL; engines.fuel for X16SZR was wrongly 'Petrol' - engine row fixed, variant was right"
14246,Vauxhall,SIGNUM,2003,Y30DT,Y30DT,engine_fuel_fixed,"engine_type '3.0 CDTi' + 177hp confirm DIESEL; engines.fuel for Y30DT was wrongly 'Petrol' - engine row fixed, variant was right"
15061,Vauxhall,VECTRA Mk II (C) Estate,2003,Y30DT,Y30DT,engine_fuel_fixed,"engine_type '3.0 V6 CDTI' + 177hp confirm DIESEL; engines.fuel for Y30DT was wrongly 'Petrol' - engine row fixed, variant was right"
15062,Vauxhall,VECTRA Mk II (C),2003,Y30DT,Y30DT,engine_fuel_fixed,"engine_type '3.0 V6 CDTI' + 177hp confirm DIESEL; engines.fuel for Y30DT was wrongly 'Petrol' - engine row fixed, variant was right"
15064,Vauxhall,VECTRA Mk II (C) GTS,2003,Y30DT,Y30DT,engine_fuel_fixed,"engine_type '3.0 V6 CDTI' + 177hp confirm DIESEL; engines.fuel for Y30DT was wrongly 'Petrol' - engine row fixed, variant was right"
2801,Effedi,Gasolone,2009,1.5 16v,1.5 16v,fuel_label_fixed,engine 1.5 16v (1500cc 105hp Petrol) matches displacement+power; variant fuel label 'Diesel' was wrong -> Petrol
19921,Ssangyong,REXTON (GAB_),2005,C30SEJ,C30SEJ,fuel_label_fixed,engine C30SEJ (2656cc 175hp Petrol) matches displacement+power; variant fuel label 'Diesel' was wrong -> Petrol
10238,Volkswagen,TOUAREG (7P5),2009,CMTA,CMTA,fuel_label_fixed,engine CMTA (3600cc 245hp Diesel) matches displacement+power; variant fuel label 'Petrol' was wrong -> Diesel
14922,hernr_1513,NOVA,2002,E18NVR,,invalid_data,NOVA 19hp with '650' engine_type is not a known production car (650cc/19hp microvehicle?) - source row corrupt
19121,BMW,X3 (E83),2006,N47D20C,,pending,"no confident in-DB candidate (fuel=Diesel, power=177, disp=2000); needs web research"
21052,BMW,X3 (E83),2007,N47D20C,,pending,"no confident in-DB candidate (fuel=Diesel, power=177, disp=2000); needs web research"
24741,BMW,1 (E81),2010,C16NZ2,,pending,E81 '320 d (corr.)' 90hp: no BMW diesel makes 90hp - source power value corrupt; needs VIN
24981,BMW,5 (E60),2005,C16NZ2,,pending,"520i E60: 2003-03/2005 = M54B22 170hp, later 2.0 = 150hp; listed 156hp matches neither https://www.auto-abc.eu/bmw-5-serija/v3208-2003 - verify engine plate/VIN"
26636,BMW,2 Active Tourer (F45),2013,A16LET,,pending,218d (F45) 95hp: 218d is 143hp - source power value corrupt ('Forward-/Backflow' junk etype)
10908,Cadillac,CTS Sport Wagon,2007,C16NZ2,,pending,CTS Sport Wagon introduced 2010 (US 2009 MY); 2007 CTS engines LY7 258hp / LLT 304hp; listed 276hp matches neither https://en.wikipedia.org/wiki/Cadillac_CTS - needs VIN
26947,Chevrolet,Silverado,2015,LML,,pending,"LEMON source row without power/engine data (US truck, Duramax codes LML/LMM/LY on a petrol-labelled row) - verify VIN before mapping"
28118,Chevrolet,Silverado,2016,LML,,pending,"LEMON source row without power/engine data (US truck, Duramax codes LML/LMM/LY on a petrol-labelled row) - verify VIN before mapping"
31097,Chevrolet,Chevy,2007,LLY,,pending,"LEMON source row without power/engine data (US truck, Duramax codes LML/LMM/LY on a petrol-labelled row) - verify VIN before mapping"
31098,Chevrolet,Chevy,2007,LMM,,pending,"LEMON source row without power/engine data (US truck, Duramax codes LML/LMM/LY on a petrol-labelled row) - verify VIN before mapping"
33644,Chevrolet,Silverado,2010,LMM,,pending,"LEMON source row without power/engine data (US truck, Duramax codes LML/LMM/LY on a petrol-labelled row) - verify VIN before mapping"
18988,Chevrolet,Equinox,2002,E18NVR,,pending,Equinox introduced 2005; 2002 model-year invalid; closest LNJ 3.4 185hp (2005+) - needs verification
20193,Chrysler,300 C (LX),2004,1NZ-FE,,pending,"no confident in-DB candidate (fuel=Petrol, power=253, disp=3500); needs web research"
20196,Chrysler,PACIFICA,2005,A13DTE,,pending,"Pacifica CS 3.5/3.8: 4 in-DB candidates ['EGG', '3.5CSP', 'EEG', 'EGN'] - needs disambiguation"
20200,Chrysler,CHARGER,2004,C16NZ2,,pending,"no confident in-DB candidate (fuel=Petrol, power=431, disp=6100); needs web research"
21642,Citroën,C5 III (RD_),2008,DT20C,,pending,"no confident in-DB candidate (fuel=Diesel, power=241, disp=2100); needs web research"
21643,Citroën,C5 III Break (TD_),2008,DT20C,,pending,"no confident in-DB candidate (fuel=Diesel, power=241, disp=2100); needs web research"
26147,Citroën,BERLINGO Box (B9),2012,E18NVR,,pending,"Berlingo Electric 67hp - EV, needs EV data model"
10009,Dacia,LOGAN MCV (KS_),2009,K9K892,,pending,"no confident in-DB candidate (fuel=Diesel, power=75, disp=2000); needs web research"
17837,Daewoo,TOSCA,2005,A20DTH,,pending,"Tosca 2.0 143hp: 2 in-DB candidates ['N20XF', 'X20D1'] - needs disambiguation"
17869,Daewoo,WINSTORM,2005,A13DTE,,pending,"Winstorm/Captiva 2.4 140hp: 3 in-DB candidates ['Z24SED', 'X24XF', 'N24XF'] - needs disambiguation"
19568,Daewoo,TOSCA,2005,E18NVR,,pending,"no confident in-DB candidate (fuel=Petrol, power=122, disp=1800); needs web research"
15052,Daihatsu,"EXTOL Bus (S22_, S23_)",2000,E18NVR,,pending,"no confident in-DB candidate (fuel=Petrol, power=86, disp=1300); needs web research"
18188,Daihatsu,TANTO,2002,A17DTJ,,pending,"Tanto 64hp = 660 turbo KF-DET, not in DB (K3/KF-VE rows are NA) - needs new row"
14429,Ford,MONDEO III Saloon (B4Y),2003,CFBA,,pending,"no confident in-DB candidate (fuel=Petrol, power=130, disp=1800); needs web research"
27161,GMC,Sierra,2015,LML,,pending,"LEMON source row without power/engine data (US truck, Duramax codes LML/LMM/LY on a petrol-labelled row) - verify VIN before mapping"
28447,GMC,Sierra,2016,LML,,pending,"LEMON source row without power/engine data (US truck, Duramax codes LML/LMM/LY on a petrol-labelled row) - verify VIN before mapping"
34352,GMC,Sierra,2010,LMM,,pending,"LEMON source row without power/engine data (US truck, Duramax codes LML/LMM/LY on a petrol-labelled row) - verify VIN before mapping"
17699,Holden,COMBO Box (XC),2004,E18NVR,,pending,"no confident in-DB candidate (fuel=Petrol, power=90, disp=1400); needs web research"
20848,Holden,ASTRA (AH),2004,C16NZ2,,pending,"no confident in-DB candidate (fuel=Petrol, power=200, disp=2000); needs web research"
17686,Honda,CITY Saloon,2003,A13DTE,,pending,Honda City '1.5 FF' 95hp: no matching Honda 1.5 (L15A is 90/120hp) - needs research
10979,Hyundai,i40 CW (VF),2010,D4FD,,pending,"no confident in-DB candidate (fuel=Diesel, power=136, disp=3000); needs web research"
23747,Hyundai,i40 (VF),2011,D4FD,,pending,"no confident in-DB candidate (fuel=Diesel, power=136, disp=3000); needs web research"
10425,Jaguar,XK Coupe (_J43_),2010,508PS,,pending,"no confident in-DB candidate (fuel=Petrol, power=550, disp=1300); needs web research"
11145,Jaguar,XK Convertible (_J43_),2010,508PS,,pending,"no confident in-DB candidate (fuel=Petrol, power=550, disp=1300); needs web research"
21678,Kia,VENGA (YN),2009,D4FC,,pending,"no confident in-DB candidate (fuel=Diesel, power=90, disp=1900); needs web research"
23529,Kia,CEE'D,2011,D4FC,,pending,"no confident in-DB candidate (fuel=Diesel, power=90, disp=1900); needs web research"
10128,Mercedes,VITO / MIXTO Box (W639),2009,OM651.940,,pending,"no confident in-DB candidate (fuel=Diesel, power=136, disp=1200); needs web research"
10132,Mercedes,VITO Bus (W639),2009,OM651.940,,pending,"no confident in-DB candidate (fuel=Diesel, power=136, disp=1200); needs web research"
10840,Mercedes,E-CLASS Coupe (C207),2010,M276.957,,pending,Mercedes E-Coupe '2.0 Zi' 252hp: F4R874 (Renault Megane RS) is implausible for a C207; real engine likely M271 1.8 CGI - needs research
12188,Mercedes,SPRINTER 4-t Box (904),2000,A16XER,,pending,"no confident in-DB candidate (fuel=Diesel, power=129, disp=None); needs web research"
22202,Mercedes,E-CLASS (W212),2008,X16SZR,,pending,"no confident in-DB candidate (fuel=Diesel, power=231, disp=2500); needs web research"
9950,Mini,MINI COUNTRYMAN (R60),2009,N18B16A,,pending,"no confident in-DB candidate (fuel=Petrol, power=163, disp=6500); needs web research"
26377,Mini,MINI COUNTRYMAN (R60),2013,N18B16A,,pending,"no confident in-DB candidate (fuel=Petrol, power=122, disp=3300); needs web research"
26381,Mini,MINI PACEMAN (R61),2013,N18B16A,,pending,"no confident in-DB candidate (fuel=Petrol, power=122, disp=3300); needs web research"
19160,Mitsubishi,"DIAMANTE Saloon (F4_A, F3_A)",2003,A17DTJ,,pending,"Diamante 2.5 205hp: 6A13 is 160-170hp, 6G74 3.5 is 214hp - neither fits 205hp; needs research"
24811,Mitsubishi,"PAJERO SPORT II (KG_, KH_)",2007,C16NZ2,,pending,"no confident in-DB candidate (fuel=Petrol, power=208, disp=3500); needs web research"
10618,Saab,9-3X,2010,A20NFT,,pending,"no confident in-DB candidate (fuel=Petrol, power=220, disp=1200); needs web research"
23722,Toyota,"PREVIA III (ACR5_, GSR5_)",2011,C16NZ2,,pending,"no confident in-DB candidate (fuel=Hybrid, power=150, disp=2400); needs web research"
25180,Toyota,"DYNA Platform/Chassis (KD_, LY_, TRY2_, KDY2_, XZU4_, XZU3_,",2001,A16LET,,pending,"Dyna 2001 diesel ~110hp (2KD/1KZ/5L family): 3 in-DB candidates ['2KD-FTV', '1KZ-T', '1KZ-TE'] - needs disambiguation"
11221,Vauxhall,"CORSA Mk II (C) (W5L, F08)",2001,C30SEJ,,pending,"no confident in-DB candidate (fuel=Petrol, power=84, disp=1600); needs web research"
25164,Vauxhall,ZAFIRA Mk III (P12),2012,A17DTR,,pending,"Zafira Tourer C 1.6 Turbo 200PS: 2 in-DB candidates ['B16LER', 'A16SHT'] - needs disambiguation"
10814,Volkswagen,VOYAGE,2007,E18NVR,,pending,"no confident in-DB candidate (fuel=Petrol, power=76, disp=2000); needs web research"
14456,Volkswagen,GOLF V (1K1),2003,D24TIC,,pending,"Golf V 1.6 FSI 115hp (BAG/BLF/BLP family): 4 in-DB candidates ['BAG', 'BLF', 'BLP', 'CWVA'] - needs disambiguation"
20158,Volkswagen,PASSAT Variant (3B6),2001,A17DTR,,pending,"Passat 3B 1.8T 170hp: 19 in-DB candidates ['AJQ', 'APP', 'ARY', 'AUQ'] - needs disambiguation"
20761,Volkswagen,"TOUAREG (7LA, 7L6, 7L7)",2005,X16SZR,,pending,"Touareg 7L 3.0 V6 TDI 211PS: 18 in-DB candidates ['BKN', 'CLAB', 'CCWB', 'BNG'] - needs disambiguation"
26609,Volkswagen,GOLF ALLTRACK (BA5),2013,CUNA,,pending,"no confident in-DB candidate (fuel=Diesel, power=184, disp=2700); needs web research"
17414,hernr_1490,SEVEN (CF),2001,C20LET,,pending,hernr_1490 'SEVEN (CF)' 2.0 Turbo 204hp - brand identification needed (Step 3) before engine mapping
14923,hernr_1513,BE UP,2002,E18NVR,,pending,"no confident in-DB candidate (fuel=Petrol, power=19, disp=500); needs web research"
16239,hernr_1516,TS 250,2002,A13DTE,,pending,hernr_1516 TS 250 2.5 V6 180hp - brand identification needed (Step 3)
16240,hernr_1516,TS 500,2002,A13DTE,,pending,hernr_1516 TS 500 5.0 V8 320hp - brand identification needed (Step 3)
10437,hernr_1556,AMERICA,2009,A16XER,,pending,"EV variant - no combustion engine exists; needs EV data model and brand fix (e.g. Venturi Fetish/Astrolab, Piaggio Porter EV)"
10438,hernr_1556,ASTROLAB,2009,A16XER,,pending,"EV variant - no combustion engine exists; needs EV data model and brand fix (e.g. Venturi Fetish/Astrolab, Piaggio Porter EV)"
10439,hernr_1556,FETISH,2006,A16XER,,pending,"EV variant - no combustion engine exists; needs EV data model and brand fix (e.g. Venturi Fetish/Astrolab, Piaggio Porter EV)"
15260,hernr_178,INDIGO (4_V2),2002,E18NVR,,pending,"no confident in-DB candidate (fuel=Petrol, power=85, disp=1400); needs web research"
15262,hernr_178,INDIGO MARINA (4_V2),2002,E18NVR,,pending,"no confident in-DB candidate (fuel=Petrol, power=85, disp=1400); needs web research"
15264,hernr_178,SAFARI (42_FD),2003,E18NVR,,pending,"no confident in-DB candidate (fuel=Petrol, power=135, disp=2100); needs web research"
10454,hernr_181,PORTER Dumptruck,2010,A16XER,,pending,"EV variant - no combustion engine exists; needs EV data model and brand fix (e.g. Venturi Fetish/Astrolab, Piaggio Porter EV)"
10457,hernr_181,PORTER Platform/Chassis,2010,A16XER,,pending,"EV variant - no combustion engine exists; needs EV data model and brand fix (e.g. Venturi Fetish/Astrolab, Piaggio Porter EV)"
10463,hernr_181,PORTER Box,2010,A16XER,,pending,"EV variant - no combustion engine exists; needs EV data model and brand fix (e.g. Venturi Fetish/Astrolab, Piaggio Porter EV)"
10468,hernr_181,PORTER Bus,2010,A16XER,,pending,"EV variant - no combustion engine exists; needs EV data model and brand fix (e.g. Venturi Fetish/Astrolab, Piaggio Porter EV)"
10475,hernr_181,APE CALESSINO Convertible,2006,A16XER,,pending,"EV variant - no combustion engine exists; needs EV data model and brand fix (e.g. Venturi Fetish/Astrolab, Piaggio Porter EV)"
21361,hernr_2903,TENGYI C50 Saloon,2010,GW4G15T,,pending,hernr_2903 TENGYI C50 1.5 126hp - brand identification needed (Step 3)
22507,hernr_3208,QM5,2005,C16NZ2,,pending,"no confident in-DB candidate (fuel=Petrol, power=171, disp=2500); needs web research"
21252,hernr_3297,FALCON Saloon (BA),2003,C16NZ2,,pending,"no confident in-DB candidate (fuel=Petrol, power=394, disp=5400); needs web research"
18714,hernr_3514,CITY,2007,A14XER,,pending,"hernr_3514 CITY EV 41hp - EV, needs EV data model + brand fix"
13245,hernr_701,MURCIÉLAGO,2001,E18NVR,,pending,"no confident in-DB candidate (fuel=Petrol, power=579, disp=6200); needs web research"
12939,hernr_788,VEYRON EB 16.4,2003,E18NVR,,pending,"no confident in-DB candidate (fuel=Petrol, power=1001, disp=8000); needs web research"
15518,hernr_788,VEYRON Grand Sport EB 16.4,2008,E18NVR,,pending,"no confident in-DB candidate (fuel=Petrol, power=1001, disp=8000); needs web research"
11099,hernr_802,EXIGE (SCC_),2005,2ZZ-GE,,pending,"no confident in-DB candidate (fuel=Petrol, power=275, disp=800); needs web research"
20036,hernr_803,AEROMAX Coupe,2006,A13DTE,,pending,Morgan Aeromax 4.4 333hp: M62B44 is 282hp; Aero 8 4.4 rated 286-333 depending on source - needs research
12569,Alfa Romeo,147 (937),2001,A13DTE,AR37203,remapped,"internal match: 1598cc 105hp Petrol, same brand/family (Alfa Romeo), score 9"
14293,Alfa Romeo,147 (937),2003,A16XER,1.9 JTD 8v,remapped,"internal match: 1900cc 103hp Diesel, same brand/family (Alfa Romeo), score 8"
19283,Alfa Romeo,GIULIETTA (940),2012,1MZ-FE,940 A1.000,remapped,Giulietta QV 1750 TBi 235PS = 940A1000 https://www.auto-data.net/en/alfa-romeo-giulietta-type-940-1.750-tb-235hp-16765
9979,Alpina,D5 Touring (F11),2010,A16LET,N57D30B,remapped,Alpina D5 Touring (F11) 350PS = Alpina N57D30 https://en.wikipedia.org/wiki/Alpina_B5_(F10) + https://www.automobile-catalog.com/car/2012/1762115/alpina_d5_biturbo.html
10853,Alpina,D5 (F10),2010,A16LET,N57D30B,remapped,Alpina D5 (F10) 350PS = Alpina N57D30 https://en.wikipedia.org/wiki/Alpina_B5_(F10) + https://www.automobile-catalog.com/car/2012/1762115/alpina_d5_biturbo.html
12066,Alpina,B3 Estate (E46),2000,A13DTE,M54B30,remapped,"internal match: 3300cc 276hp Petrol, same brand/family (Alpina), score 7"
12860,Alpina,B3 Convertible (E46),2000,A13DTE,M54B30,remapped,"internal match: 3300cc 276hp Petrol, same brand/family (Alpina), score 7"
13615,Alpina,B10 (E39),2002,A13DTE,M62B48,remapped,Alpina B10 V8S (E39) 375hp = M62B48 4837cc (Alpina code F5) https://www.bmwblog.com/2020/05/02/the-rare-bmw-alpina-roadster-v8-limited-edition/ + https://x.com/candvbmw/status/1981716043945930989
14416,Alpina,B3 (E46),2002,A13DTE,S54327S7,remapped,"internal match: 3346cc 300hp Petrol, same brand/family (Alpina), score 7"
14417,Alpina,B3 Estate (E46),2002,A13DTE,S54327S7,remapped,"internal match: 3346cc 300hp Petrol, same brand/family (Alpina), score 7"
14418,Alpina,B3 Coupe (E46),2002,A13DTE,S54327S7,remapped,"internal match: 3346cc 300hp Petrol, same brand/family (Alpina), score 7"
14419,Alpina,B3 Convertible (E46),2002,A13DTE,S54327S7,remapped,"internal match: 3346cc 300hp Petrol, same brand/family (Alpina), score 7"
14420,Alpina,B10 Estate (E39),2002,A13DTE,M62B48,remapped,Alpina B10 V8S Estate 375hp = M62B48 https://www.bmwblog.com/2020/05/02/the-rare-bmw-alpina-roadster-v8-limited-edition/ + https://x.com/candvbmw/status/1981716043945930989
14911,Alpina,B7 (E65),2003,A13DTE,N62B44A19,remapped,"internal match: 4398cc 500hp Petrol, same brand/family (Alpina), score 9"
15504,Alpina,B5 (E60),2004,A13DTE,N62B44A19,remapped,"internal match: 4398cc 500hp Petrol, same brand/family (Alpina), score 8"
15506,Alpina,B5 Estate (E61),2004,A13DTE,N62B44A19,remapped,"internal match: 4398cc 500hp Petrol, same brand/family (Alpina), score 8"
25533,Alpina,XD3 (F25),2012,A16LET,N57D30B,remapped,Alpina XD3 (F25) 350PS = Alpina-tuned N57D30 biturbo 2993cc https://en.wikipedia.org/wiki/Alpina_B5_(F10) + https://www.automobile-catalog.com/car/2012/1762115/alpina_d5_biturbo.html
25534,Alpina,D3 (F30),2012,A16LET,N57D30B,remapped,Alpina D3 (F30) 350PS = Alpina N57D30 biturbo https://en.wikipedia.org/wiki/Alpina_B5_(F10) + https://www.automobile-catalog.com/car/2012/1762115/alpina_d5_biturbo.html
25535,Alpina,D3 Estate (F31),2012,A16LET,N57D30B,remapped,Alpina D3 Estate (F31) 350PS = Alpina N57D30 https://en.wikipedia.org/wiki/Alpina_B5_(F10) + https://www.automobile-catalog.com/car/2012/1762115/alpina_d5_biturbo.html
26212,Alpina,D4 Coupe (F32),2012,A16LET,N57D30B,remapped,Alpina D4 Coupe (F32) 350PS = Alpina N57D30 https://en.wikipedia.org/wiki/Alpina_B5_(F10) + https://www.automobile-catalog.com/car/2012/1762115/alpina_d5_biturbo.html
26213,Alpina,D4 Convertible (F33),2012,A16LET,N57D30B,remapped,Alpina D4 Convertible (F33) 350PS = Alpina N57D30 https://en.wikipedia.org/wiki/Alpina_B5_(F10) + https://www.automobile-catalog.com/car/2012/1762115/alpina_d5_biturbo.html
13951,Audi,"A4 (8E2, B6)",2002,DW12BTED4,BEX,remapped,"internal match: 1800cc 188hp Petrol, same brand/family (Audi), score 8"
13984,Audi,A3 (8P1),2003,CCSA,CAYC,remapped,1.6 TDI 102-105hp = CAYC (CCSA is a Vivid-internal code) https://www.auto-data.net/en/volkswagen-golf-vi-variant-1.6-tdi-105hp-16799 + https://www.tmbbooks.com/en/autom_Vwrep24.html
14936,Audi,A3 Sportback (8PA),2003,CCSA,CAYC,remapped,1.6 TDI 102-105hp = CAYC (CCSA is a Vivid-internal code) https://www.auto-data.net/en/volkswagen-golf-vi-variant-1.6-tdi-105hp-16799 + https://www.tmbbooks.com/en/autom_Vwrep24.html
15364,Audi,"A6 (4F2, C6)",2004,X16SZR,BDW,remapped,"internal match: 2393cc 177hp Petrol, same brand/family (Audi), score 9"
18339,Audi,"A6 Avant (4F5, C6)",2006,X16SZR,BDX,remapped,"internal match: 2773cc 210hp Petrol, same brand/family (Audi), score 8"
20733,Audi,"A6 (4F2, C6)",2007,X16SZR,CAJA,remapped,"internal match: 2995cc 290hp Petrol, same brand/family (Audi), score 9"
21619,Audi,Q5 (8R),2007,A14NET,BNG,remapped,"internal match: 3000cc 208hp Diesel, same brand/family (Audi), score 8"
21972,Audi,A3 Sportback (8PA),2005,A14XER,BUY,remapped,"internal match: 1968cc 163hp Diesel, same brand/family (Audi), score 8"
26288,Audi,TT Roadster (FV9),2013,C30SEJ,CUWA,remapped,"internal match: 1968cc 184hp Diesel, same brand/family (Audi), score 8"
9785,BMW,1 (F20),2011,N47D16A,M47TU2D20,remapped,"internal match: 1573cc 121hp Diesel, same brand/family (Bmw), score 7"
10963,BMW,X3 (E83),2007,N47D20C,M47D20TU2,remapped,"internal match: 1995cc 163hp Diesel, same brand/family (Bmw), score 8"
14598,BMW,5 Touring (E61),2003,A14XER,M54B25,remapped,525i E61 192hp = M54B25 https://www.auto-data.net/en/bmw-5-series-e60-525i-192hp-9597
14601,BMW,5 Touring (E61),2003,A16XER,N62B44A,remapped,"internal match: 4398cc 333hp Petrol, same brand/family (BMW), score 8"
15147,BMW,5 (E60),2003,A14NET,S85B50A,remapped,M5 E60 507hp = S85B50A https://www.auto-data.net/en/bmw-m5-e60-5.0-v10-507hp-smg-9871
15399,BMW,3 (E90),2004,C20LET,M47D20TU2,remapped,E90 320d 163hp = M47D20TU2 https://www.auto-abc.eu/BMW-3-serija/v2196-2005 + https://www.ultimatespecs.com/car-specs/BMW/51256/BMW-E90-3-Series-320d-Auto.html
15765,BMW,3 Touring (E91),2004,X16SZR,N52B30,remapped,330i E91 258hp = N52B30A https://www.auto-data.net/en/bmw-3-series-sedan-e90-330i-258hp-9933
21073,BMW,3 (E90),2007,X16SZR,N53B30,remapped,330i E90 LCI 272hp = N53B30A https://www.auto-data.net/en/bmw-3-series-sedan-e90-330i-272hp-9934
23294,BMW,3 Coupe (E92),2005,C20LET,N53B30A,remapped,"E92 325i 211hp = N53B30A (exact power match in DB, 2996cc)"
23304,BMW,3 Coupe (E92),2006,A17DTR,N53B30A,remapped,E92 325i 211hp = N53B30A
23355,BMW,3 Gran Turismo (F34),2012,C20LET,N47D20C,remapped,3 GT (F34) 320d ED 163hp = N47D20C https://www.auto-data.net/en/bmw-3-series-sedan-f30-320d-163hp-efficientdynamics-edition-17213
23356,BMW,3 Gran Turismo (F34),2012,A17DTJ,N47D20C,remapped,3 GT (F34) 320d ED 163hp = N47D20C https://www.auto-data.net/en/bmw-3-series-sedan-f30-320d-163hp-efficientdynamics-edition-17213
23368,BMW,3 Coupe (E92),2006,A17DTJ,M47D20TU2,remapped,E92 320d 163hp = M47D20TU2 https://www.auto-abc.eu/BMW-3-serija/v2196-2005 + https://www.ultimatespecs.com/car-specs/BMW/51256/BMW-E90-3-Series-320d-Auto.html
24451,BMW,1 (F21),2010,N47D16A,B37D15A,remapped,"internal match: 1496cc 116hp Diesel, same brand/family (BMW), score 7"
25730,BMW,6 Coupe (F13),2010,E18NVR,N63B44,remapped,650i F13 407hp = N63B44A https://www.auto-data.net/en/bmw-6-series-coupe-f13-650i-407hp-steptronic-17291
26206,BMW,i3,2012,IB1P25B,IB1P25B,remapped,"BMW i3 94Ah REX 170hp: same electric motor family (IB1P25B); engine row's 102hp is the 60Ah version - power spread is model-year, not wrong mapping"
26802,BMW,535d,2015,N57D30A,N57D30A,remapped,BMW 535d is by definition the N57 3.0d six; variant fuel label 'Petrol' was wrong -> Diesel (name-verified)
26857,BMW,X5,2015,N57D30A,N57D30A,remapped,X5 with N57 = 30d/40d diesel; variant fuel label 'Petrol' was wrong -> Diesel (name-verified)
27968,BMW,X5,2016,N57D30T,N57D30T,remapped,"X5 2016 diesel = N57D30T family (row displacement 2613cc is parse junk, real 2993cc)"
11804,Chevrolet,CRUZE (J300),2011,LUD,A17DTS,remapped,"internal match: 1700cc 127hp Diesel, same brand/family (Chevrolet), score 7"
11811,Chevrolet,CRUZE Hatchback (J305),2011,LUD,A17DTS,remapped,"internal match: 1700cc 127hp Diesel, same brand/family (Chevrolet), score 7"
13559,Chevrolet,ALERO,2001,E18NVR,Z22SE,remapped,"internal match: 2200cc 145hp Petrol, same brand/family (Chevrolet), score 7"
17711,Chevrolet,CRUZE,2000,E18NVR,A12XER,remapped,"internal match: 1200cc 84hp Petrol, same brand/family (Chevrolet), score 6"
19172,Chevrolet,AVALANCHE,2000,E18NVR,L18,remapped,"internal match: 8128cc 345hp Petrol, same brand/family (Chevrolet), score 8"
19558,Chevrolet,TAHOE (B2W),2000,A17DTR,LR4,remapped,"internal match: 4806cc 280hp Petrol, same brand/family (Chevrolet), score 9"
23057,Chevrolet,AVALANCHE 2500 Crew Cab Pickup,2001,E18NVR,L18,remapped,"internal match: 8128cc 345hp Petrol, same brand/family (Chevrolet), score 8"
23074,Chevrolet,SILVERADO 2500 Cab & Chassis,2000,E18NVR,L18,remapped,"internal match: 8128cc 345hp Petrol, same brand/family (Chevrolet), score 8"
23079,Chevrolet,SILVERADO 2500 HD Crew Cab Pickup,2000,E18NVR,L18,remapped,"internal match: 8128cc 345hp Petrol, same brand/family (Chevrolet), score 8"
23092,Chevrolet,SUBURBAN 1500 Closed Off-Road Vehicle,2000,E18NVR,L18,remapped,"internal match: 8128cc 345hp Petrol, same brand/family (Chevrolet), score 8"
23816,Chevrolet,CRUZE Station Wagon (J308),2011,LUD,A17DTS,remapped,"internal match: 1700cc 127hp Diesel, same brand/family (Chevrolet), score 7"
24085,Chevrolet,TRAX,2011,LUD,A17DTS,remapped,"internal match: 1700cc 127hp Diesel, same brand/family (Chevrolet), score 7"
17713,Chevrolet,Cruze,2003,E18NVR,M15A,remapped,Chevrolet Cruze (Japan) = Suzuki Ignis 1.5 M15A 99PS https://en.wikipedia.org/wiki/Suzuki_Ignis
18672,Chrysler,"VOYAGER IV (RG, RS)",2004,X16SZR,ENC,remapped,"internal match: 2499cc 141hp Diesel, same brand/family (Chrysler), score 7"
18954,Chrysler,PACIFICA,2003,C16NZ2,EGN,remapped,"internal match: 3518cc 253hp Petrol, same brand/family (Chrysler), score 9"
20669,Chrysler,"RAM 1500 Pickup (D1, DC, DH, DM, DR)",2001,C16NZ2,EGH,remapped,"internal match: 3778cc 218hp Petrol, same brand/family (Chrysler), score 7"
20672,Chrysler,"RAM 1500 Pickup (D1, DC, DH, DM, DR)",2001,C16NZ2,EVC,remapped,"internal match: 4701cc 238hp Petrol, same brand/family (Chrysler), score 8"
20674,Chrysler,"RAM 1500 Pickup (D1, DC, DH, DM, DR)",2001,C16NZ2,EML,remapped,"internal match: 5889cc 250hp Petrol, same brand/family (Chrysler), score 7"
23599,Chrysler,YPSILON,2010,C16NZ2,A13DTE,remapped,Chrysler/Lancia Ypsilon '1.2' diesel 95hp = 1.3 MultiJet A13DTE 94hp (displacement label wrong)
13643,Citroën,JUMPER Box (244),2002,X16SZR,4HV (P22DTE),remapped,"internal match: 2200cc 99hp Diesel, same brand/family (Citroen), score 8"
21552,Citroën,C4 Grand Picasso I (UA_),2008,X16SZR,2.0 HDI,remapped,"internal match: 2000cc 148hp Diesel, same brand/family (Citroen), score 8"
23328,Citroën,C4 Picasso II,2012,X16SZR,AHX(DW10FD),remapped,"internal match: 1997cc 150hp Diesel, same brand/family (Citroën), score 9"
23331,Citroën,C4 Grand Picasso II,2012,X16SZR,2.0 HDI,remapped,"internal match: 2000cc 148hp Diesel, same brand/family (Citroen), score 8"
25593,Citroën,"C8 (EA_, EB_)",2002,C20LET,RHM (DW10ATED4),remapped,"internal match: 2000cc 109hp Diesel, same brand/family (Citroen), score 8"
26479,Citroën,DS5,2012,X16SZR,2.0 HDI,remapped,"internal match: 2000cc 148hp Diesel, same brand/family (Citroen), score 8"
17651,Daewoo,AVEO,2002,A13DTE,A15SMS,remapped,"internal match: 1498cc 84hp Petrol, same brand/family (Daewoo), score 9"
17724,Daewoo,GENTRA Saloon,2002,A13DTE,A15SMS,remapped,"internal match: 1498cc 84hp Petrol, same brand/family (Daewoo), score 8"
17658,Daihatsu,BEGO,2004,A17DTJ,K3-VE,remapped,"BE-GO 1.3 86hp = K3-VE (92hp row, Toyota/Daihatsu family)"
19230,Daihatsu,MOVE,2002,A13DTE,EF-VE,remapped,MOVE 0.7 58hp = EF-VE (sibling 58hp; engine row lists conservative 48hp)
19232,Daihatsu,MOVE,2002,A13DTE,EF-DET,remapped,"internal match: 659cc 64hp Petrol, same brand/family (Daihatsu), score 6"
22893,Daihatsu,COPEN,2003,C16NZ2,EF-DET,remapped,"internal match: 659cc 64hp Petrol, same brand/family (Daihatsu), score 6"
16660,Ferrari,599 GTB/GTO,2005,A14XER,F140C,remapped,599 GTB Fiorano 620PS = F140C https://en.wikipedia.org/wiki/Ferrari_599
21329,Ferrari,599 GTB/GTO,2005,A14XER,F140C,remapped,599 GTB Fiorano 612hp = F140C 620PS https://en.wikipedia.org/wiki/Ferrari_599
25992,Ferrari,599 SA,2009,A14XER,F140C,remapped,'599 SA' listed 620hp matches GTB F140C; SA Aperta is 661hp F140CE https://en.wikipedia.org/wiki/Ferrari_599 - FLAGGED
12557,Fiat,BRAVO I (182),2000,D24TIC,182 B2.000,remapped,"internal match: 1200cc 80hp Petrol, same brand/family (Fiat), score 8"
14680,Fiat,IDEA,2003,C30SEJ,182 B2.000,remapped,"internal match: 1200cc 80hp Petrol, same brand/family (Fiat), score 8"
16382,Fiat,BRAVA (182),2000,B230FB,182 B4.000,remapped,"internal match: 1900cc 103hp Diesel, same brand/family (Fiat), score 8"
12011,Ford,"TRANSIT Bus (FD_ _, FB_ _, FS_ _, FZ_ _, FC_ _)",2000,D4FA,2.4 DI,remapped,"internal match: 2400cc 118hp Diesel, same brand/family (Ford), score 8"
12018,Ford,TRANSIT Box (FA_ _),2000,D4FA,2.4 DI,remapped,"internal match: 2400cc 118hp Diesel, same brand/family (Ford), score 8"
12022,Ford,"TRANSIT Platform/Chassis (FM_ _, FN_ _)",2000,D4FA,2.4 DI,remapped,"internal match: 2400cc 118hp Diesel, same brand/family (Ford), score 8"
12633,Ford,"TRANSIT Bus (FD_ _, FB_ _, FS_ _, FZ_ _, FC_ _)",2000,D3FA,F3FA,remapped,"internal match: 1998cc 86hp Diesel, same brand/family (Ford), score 7"
12635,Ford,TRANSIT Box (FA_ _),2000,D3FA,1.8 TDCi Duratorq,remapped,"internal match: 1800cc 74hp Diesel, same brand/family (Ford), score 6"
12637,Ford,"TRANSIT Platform/Chassis (FM_ _, FN_ _)",2000,D3FA,1.8 TDCi Duratorq,remapped,"internal match: 1800cc 74hp Diesel, same brand/family (Ford), score 6"
13909,Ford,STREET KA (RL2),2003,CDRA,CDRB,remapped,"internal match: 1599cc 95hp Petrol, same brand/family (Ford), score 9"
14427,Ford,MONDEO III (B5Y),2003,CFBA,QQDD,remapped,"internal match: 1798cc 131hp Petrol, same brand/family (Ford), score 8"
14428,Ford,MONDEO III Estate (BWY),2003,CFBA,QQDD,remapped,"internal match: 1798cc 131hp Petrol, same brand/family (Ford), score 8"
14448,Ford,FOCUS C-MAX,2003,G6DB,G6DC,remapped,"internal match: 1997cc 133hp Diesel, same brand/family (Ford), score 9"
15306,Ford,FOCUS II (DA_),2003,G6DB,2.0 TDCI,remapped,"internal match: 2000cc 134hp Diesel, same brand/family (Ford), score 8"
15479,Ford,FOCUS II Estate (DA_),2003,G6DB,G6DE,remapped,"internal match: 1997cc 133hp Diesel, same brand/family (Ford), score 9"
15965,Ford,FOCUS II Saloon (DA_),2004,G6DB,2.0 TDCI,remapped,"internal match: 2000cc 134hp Diesel, same brand/family (Ford), score 8"
16654,Ford,FOCUS II Convertible,2005,G6DB,2.0 TDCI,remapped,"internal match: 2000cc 134hp Diesel, same brand/family (Ford), score 8"
16731,Ford,TRANSIT Platform/Chassis,2005,C20LET,H9FA,remapped,"internal match: 2402cc 137hp Diesel, same brand/family (Ford), score 9"
17543,Ford,FOCUS II Saloon (DA_),2004,CFBA,QQDD,remapped,"internal match: 1798cc 131hp Petrol, same brand/family (Ford), score 8"
17980,Ford,C-MAX (DM2),2006,G6DB,2.0 TDCI,remapped,"internal match: 2000cc 134hp Diesel, same brand/family (Ford), score 8"
21568,Ford,"TRANSIT Bus (VH, VJ)",2000,D4FA,2.4 DI,remapped,"internal match: 2400cc 118hp Diesel, same brand/family (Ford), score 8"
21571,Ford,"TRANSIT Platform/Chassis (VH, VJ)",2000,D4FA,2.4 DI,remapped,"internal match: 2400cc 118hp Diesel, same brand/family (Ford), score 8"
25602,Ford,TRANSIT Box,2012,C16NZ2,CVF5,remapped,"internal match: 2198cc 155hp Diesel, same brand/family (Ford), score 6"
25605,Ford,TRANSIT Box,2012,C16NZ2,CY14,remapped,"internal match: 2198cc 125hp Diesel, same brand/family (Ford), score 6"
12002,Holden,STATESMAN Saloon (WH),2001,A13DTE,L67,remapped,"internal match: 3791cc 232hp Petrol, same brand/family (Holden), score 9"
19576,Holden,ASTRA TWINTOP (AH),2007,Z19DTH,Z22SE,remapped,"Astra TwinTop 2.2 150hp = Z22SE 145hp (GM family, 3%)"
21262,Holden,STATESMAN Saloon (WK),2003,C16NZ2,LS1,remapped,Statesman WK LS1 5.7 https://www.autoblog.com/features/gm-ls1-engine-specs-common-issues
21264,Holden,STATESMAN Saloon (WL),2005,C16NZ2,LS1,remapped,Statesman WL 354hp LS1 260kW https://www.autoblog.com/features/gm-ls1-engine-specs-common-issues
21309,Holden,COMMODORE Pickup (VU),2000,C16NZ2,L36,remapped,"internal match: 3791cc 207hp Petrol, same brand/family (Holden), score 8"
21312,Holden,COMMODORE Pickup (VY),2002,C16NZ2,LS1,remapped,Commodore Ute VY SS LS1 235kW=315hp https://en.wikipedia.org/wiki/Holden_Commodore_(VY)
21315,Holden,COMMODORE Pickup (VZ),2003,C16NZ2,HB,remapped,"internal match: 3565cc 238hp Petrol, same brand/family (Holden), score 8"
21318,Holden,COMMODORE Pickup (VU),2000,C16NZ2,LS1,remapped,Commodore Ute VU SS LS1 235kW https://en.wikipedia.org/wiki/Holden_Commodore_(VY)
21320,Holden,COMMODORE Pickup (VY),2002,C16NZ2,LS1,remapped,Commodore Ute VY LS1 235kW https://en.wikipedia.org/wiki/Holden_Commodore_(VY)
21322,Holden,COMMODORE Pickup (VY),2002,C16NZ2,LS1,remapped,Commodore Ute VY SII 245kW=329hp High Output LS1 https://en.wikipedia.org/wiki/Holden_Commodore_(VY)
21324,Holden,COMMODORE Saloon (VE),2005,C16NZ2,LS2,remapped,Commodore VE SS 6.0 LS2 270kW=362hp https://en.wikipedia.org/wiki/Holden_Commodore_(VZ)
21345,Holden,COMMODORE Saloon (VE),2005,C16NZ2,H7,remapped,"internal match: 3565cc 265hp Petrol, same brand/family (Holden), score 8"
25911,Holden,CALAIS Saloon (VX),2000,A13DTE,L67,remapped,"internal match: 3791cc 232hp Petrol, same brand/family (Holden), score 8"
25915,Holden,CALAIS Saloon (VX),2000,C16NZ2,L36,remapped,"internal match: 3791cc 207hp Petrol, same brand/family (Holden), score 8"
25922,Holden,CALAIS Saloon (VZ),2003,C16NZ2,LS1,remapped,Calais VZ 5.7 LS1 235kW=315hp https://en.wikipedia.org/wiki/Holden_Commodore_(VZ)
10036,Honda,CR-V IV (RE),2011,A13DTE,R20A4,remapped,"Honda CR-V IV (RE) 2.0 i-VTEC 150hp = R20A family (R20A4 in this DB, 4 existing variants) https://en.wikipedia.org/wiki/Honda_CR-V"
13480,Honda,INTEGRA (DC5),2002,E18NVR,K20Z1,remapped,"internal match: 1998cc 220hp Petrol, same brand/family (Honda), score 9"
14109,Honda,ACCORD VII Tourer (CM),2002,C20LET,K20A1,remapped,"internal match: 1998cc 156hp Petrol, same brand/family (Honda), score 8"
15541,Honda,INTEGRA (DC5),2002,E18NVR,K20A3,remapped,"internal match: 1998cc 160hp Petrol, same brand/family (Honda), score 8"
17629,Honda,AIRWAVE,2003,A13DTE,L15A2,remapped,"internal match: 1497cc 110hp Petrol, same brand/family (Honda), score 9"
17676,Honda,CITY Saloon,2000,A13DTE,L15A4,remapped,"internal match: 1497cc 88hp Petrol, same brand/family (Honda), score 9"
17678,Honda,CITY Saloon,2003,A13DTE,L12A2,remapped,"internal match: 1243cc 79hp Petrol, same brand/family (Honda), score 9"
17680,Honda,CITY Saloon,2004,A13DTE,L12A3,remapped,"internal match: 1243cc 83hp Petrol, same brand/family (Honda), score 9"
17682,Honda,CITY Saloon,2004,A13DTE,L12A2,remapped,"internal match: 1243cc 79hp Petrol, same brand/family (Honda), score 9"
17684,Honda,CITY Saloon,2003,A13DTE,L12A3,remapped,"internal match: 1243cc 83hp Petrol, same brand/family (Honda), score 9"
17688,Honda,CITY Saloon,2004,A13DTE,D16V1,remapped,"internal match: 1590cc 110hp Petrol, same brand/family (Honda), score 8"
17746,Honda,LAGREAT,2002,A13DTE,F23A,remapped,"internal match: 2254cc 150hp Petrol, same brand/family (Honda), score 9"
17748,Honda,LAGREAT,2002,A13DTE,J35A,remapped,"internal match: 3471cc 233hp Petrol, same brand/family (Honda), score 9"
17750,Honda,LAGREAT,2004,A13DTE,J35A8,remapped,Lagreat (JDM Odyssey) 3.5 248hp = J35A8 (sibling 2004 248hp exact)
17752,Honda,LAGREAT,2003,A13DTE,J35A5,remapped,"internal match: 3471cc 256hp Petrol, same brand/family (Honda), score 9"
17754,Honda,LIFE,2001,A13DTE,E07Z,remapped,"internal match: 656cc 52hp Petrol, same brand/family (Honda), score 7"
17756,Honda,LIFE,2001,A13DTE,E07ZT,remapped,"internal match: 656cc 64hp Petrol, same brand/family (Honda), score 7"
17758,Honda,LIFE,2003,A13DTE,E07Z,remapped,"internal match: 656cc 52hp Petrol, same brand/family (Honda), score 7"
17760,Honda,LIFE,2003,A13DTE,E07ZT,remapped,"internal match: 656cc 64hp Petrol, same brand/family (Honda), score 7"
17825,Honda,THATS,2001,A13DTE,E07Z,remapped,"internal match: 656cc 52hp Petrol, same brand/family (Honda), score 6"
17827,Honda,THATS,2001,A13DTE,E07ZT,remapped,"internal match: 656cc 64hp Petrol, same brand/family (Honda), score 6"
17829,Honda,THATS,2003,A13DTE,E07Z,remapped,"internal match: 656cc 52hp Petrol, same brand/family (Honda), score 6"
17831,Honda,THATS,2003,A13DTE,E07ZT,remapped,"internal match: 656cc 64hp Petrol, same brand/family (Honda), score 6"
18117,Honda,STEPWGN,2000,A13DTE,K20A3,remapped,"internal match: 1998cc 160hp Petrol, same brand/family (Honda), score 8"
18119,Honda,STEPWGN,2000,A13DTE,K24A1,remapped,"internal match: 2354cc 160hp Petrol, same brand/family (Honda), score 8"
18139,Honda,STEPWGN,2004,A13DTE,K24A1,remapped,"internal match: 2354cc 160hp Petrol, same brand/family (Honda), score 8"
18198,Honda,STEPWGN,2004,A13DTE,K20A1,remapped,"internal match: 1998cc 156hp Petrol, same brand/family (Honda), score 8"
21371,Honda,CITY Saloon (GM),2007,A13DTE,D16V1,remapped,"internal match: 1590cc 110hp Petrol, same brand/family (Honda), score 8"
23605,Honda,CR-V IV (RE),2011,C16NZ2,K24Z6,remapped,"internal match: 2354cc 180hp Petrol, same brand/family (Honda), score 9"
25203,Honda,MOBILIO,2001,A13DTE,D16V1,remapped,"internal match: 1590cc 110hp Petrol, same brand/family (Honda), score 8"
3987,Hyundai,Grandeur,2011,G6DG,G6DG (Hyundai),remapped,Grandeur HG 3.0 GDI 266hp = G6DG 270PS https://en.wikipedia.org/wiki/Hyundai_Lambda_engine + https://www.allcarpartsonline.com.au/kia-grand-carnival-engine-3.8-petrol-g6da-vq-01-06
4130,Hyundai,Ix35,2010,G4HD,G4KD,remapped,"Hyundai/Kia 2.0 GDI Theta II 161-165hp = G4KD (exact power match in DB, 19 variants)"
4131,Hyundai,Ix35,2010,G4HD,G4KD,remapped,"Hyundai/Kia 2.0 GDI Theta II 161-165hp = G4KD (exact power match in DB, 19 variants)"
4132,Hyundai,Ix35,2010,G4HD,G4KD,remapped,"Hyundai/Kia 2.0 GDI Theta II 161-165hp = G4KD (exact power match in DB, 19 variants)"
4133,Hyundai,Ix35,2010,G4HD,G4KD,remapped,"Hyundai/Kia 2.0 GDI Theta II 161-165hp = G4KD (exact power match in DB, 19 variants)"
4370,Hyundai,Tucson,2011,G4HD,G4KD,remapped,"Hyundai/Kia 2.0 GDI Theta II 161-165hp = G4KD (exact power match in DB, 19 variants)"
4372,Hyundai,Tucson,2011,G4HD,G4KD,remapped,"Hyundai/Kia 2.0 GDI Theta II 161-165hp = G4KD (exact power match in DB, 19 variants)"
4392,Hyundai,Tucson Ix,2009,G4HD,G4KD,remapped,"Hyundai/Kia 2.0 GDI Theta II 161-165hp = G4KD (exact power match in DB, 19 variants)"
10107,Hyundai,GENESIS Coupe,2007,G6DA,G6DA (Hyundai),remapped,Genesis Coupe 3.8 MPi 303hp = G6DA (306PS pre-GDI 2008-2010) https://en.wikipedia.org/wiki/Hyundai_Lambda_engine + https://www.allcarpartsonline.com.au/kia-grand-carnival-engine-3.8-petrol-g6da-vq-01-06
10315,Hyundai,GRAND SANTA FÉ,2012,B207L,2.2 16v CRDi 2WD,remapped,"internal match: 2200cc 197hp Diesel, same brand/family (Hyundai), score 8"
17617,Hyundai,GRANDEUR (TG),2004,G6DA,G6DA (Hyundai),remapped,Grandeur TG 3.8 265hp = G6DA (GRANDEUR 2006-2011 3.8 G6DA TG) https://en.wikipedia.org/wiki/Hyundai_Lambda_engine + https://www.allcarpartsonline.com.au/kia-grand-carnival-engine-3.8-petrol-g6da-vq-01-06
23781,Hyundai,H100 Platform/Chassis,2003,A13DTE,D4BF,remapped,"internal match: 2476cc 80hp Diesel, same brand/family (Hyundai), score 8"
26673,Hyundai,H-1 Cargo (TQ),2007,A16LET,D4CB-W,remapped,"internal match: 2497cc 136hp Diesel, same brand/family (Hyundai), score 7"
24265,Iveco,DAILY IV Box Body / Estate,2005,C16NZ2,F1CE3481L,remapped,Iveco Daily IV 150hp = F1CE 3.0 146hp (2.7%)
12596,Jaguar,X-TYPE (CF1),2001,A20DTH,AJ25,remapped,"internal match: 2500cc 197hp Petrol, same brand/family (Jaguar), score 8"
14723,Jaguar,X-TYPE Estate,2003,A20DTH,AJ25,remapped,"internal match: 2500cc 197hp Petrol, same brand/family (Jaguar), score 8"
21303,Jaguar,"XF (_J05_, CC9)",2008,X16SZR,3.0 V6 D S,remapped,"Jaguar XF 3.0D S 275PS = Lion AJ-V6D; DB row '3.0 V6 D S' 271hp is the closest (description-code, flagged for code cleanup)"
11527,Kia,CARNIVAL / GRAND CARNIVAL III (VQ),2009,G6DA,G6DA (Hyundai),remapped,Grand Carnival VQ 3.8 petrol = G6DA (confirmed by parts listings) https://en.wikipedia.org/wiki/Hyundai_Lambda_engine + https://www.allcarpartsonline.com.au/kia-grand-carnival-engine-3.8-petrol-g6da-vq-01-06
14907,Kia,PICANTO (BA),2003,A13DTE,G4HG,remapped,Picanto 1.1 65hp = G4HG 66hp (Hyundai/Kia family)
16260,Kia,MAGENTIS (MG),2005,C30SEJ,D-D4EA-F,remapped,"internal match: 2000cc 138hp Diesel, same brand/family (Kia), score 8"
18221,Kia,OPIRUS (GH),2005,G6DA,G6DA (Hyundai),remapped,Opirus/Amanti GH 3.8 267hp = G6DA 267PS https://en.wikipedia.org/wiki/Hyundai_Lambda_engine + https://www.allcarpartsonline.com.au/kia-grand-carnival-engine-3.8-petrol-g6da-vq-01-06
22496,Kia,OPTIMA,2011,D4FD-L,J-J3-CR,remapped,"internal match: 2900cc 142hp Diesel, same brand/family (Kia), score 7"
22497,Kia,OPTIMA,2011,A17DTR,J-J3-CR,remapped,"internal match: 2900cc 142hp Diesel, same brand/family (Kia), score 7"
23803,Kia,CADENZA,2009,G6DG,G6DG (Hyundai),remapped,Cadenza VG 3.0 GDI 271hp = G6DG 270PS https://en.wikipedia.org/wiki/Hyundai_Lambda_engine + https://www.allcarpartsonline.com.au/kia-grand-carnival-engine-3.8-petrol-g6da-vq-01-06
23805,Kia,CADENZA,2009,G6DC,G6DH,remapped,Cadenza '3.5 (est.)' 290hp = 3.3 GDI G6DH 290-294PS (mislabeled displacement) https://en.wikipedia.org/wiki/Hyundai_Lambda_engine + https://www.allcarpartsonline.com.au/kia-grand-carnival-engine-3.8-petrol-g6da-vq-01-06
24579,Kia,CARENS IV,2012,D4FD-L,J-J3-CR,remapped,"internal match: 2900cc 142hp Diesel, same brand/family (Kia), score 7"
10410,Land Rover,DISCOVERY IV (LA),2012,CGQB,AJ126,remapped,"Discovery IV 3.0 SC 340PS = AJ126 (335hp row, same brand Land Rover)"
24770,Land Rover,RANGE ROVER SPORT (LW),2012,CGQB,AJ126,remapped,Range Rover Sport 3.0 SC 340PS = AJ126
25160,Land Rover,RANGE ROVER IV (LG),2012,CGQB,AJ126,remapped,Range Rover IV 3.0 SC 340PS = AJ126
10907,Lexus,"ES (GSV4_, ACV4_)",2005,C16NZ2,2GR-FE,remapped,"internal match: 3500cc 272hp Petrol, same brand/family (Lexus), score 7"
14198,Lexus,"RX (MHU3_, GSU3_, MCU3_)",2003,1MZ-FE,3MZ-FE,remapped,RX330 (MCU3_) 3.3 = 3MZ-FE https://en.wikipedia.org/wiki/Toyota_Highlander + https://en.wikipedia.org/wiki/Toyota_MZ_engine (204hp vs 211 within tolerance)
10574,Lexus,GX (URJ15_),2008,C16NZ2,1UR-FE,remapped,"GX460 (URJ150) 4.6 V8 = 1UR-FE 301hp https://autopadre.com/horsepower-and-torque/lexus-gx-460; note: GX460 launched 2010, listed year 2008 is off"
10577,MG,MG 6 Hatchback,2009,C16NZ2,18K4G,remapped,"internal match: 1795cc 160hp Petrol, same brand/family (MG), score 9"
10579,MG,MG 6 Hatchback,2009,C16NZ2,18K4C,remapped,"internal match: 1795cc 133hp Petrol, same brand/family (MG), score 9"
14726,Maserati,QUATTROPORTE V,2003,A13DTE,M139A,remapped,"internal match: 4244cc 400hp Petrol, same brand/family (Maserati), score 9"
15158,Maserati,MC 12,2003,A13DTE,F140B,remapped,Maserati MC12 632PS = Enzo-derived F140 V12 (detuned); F140B = Enzo 650PS https://fastestlaps.com/models/maserati-mc12 (F140 Enzo chassis/engine)
15611,Maserati,SPYDER Coupe,2004,A13DTE,M138P,remapped,"internal match: 4244cc 400hp Petrol, same brand/family (Maserati), score 9"
15613,Maserati,SPYDER Coupe,2004,A14XER,M138P,remapped,"internal match: 4244cc 400hp Petrol, same brand/family (Maserati), score 9"
17732,Maserati,GRANSPORT Convertible,2003,A13DTE,4.2 V8 Automatic,remapped,"internal match: 4200cc 400hp Petrol, same brand/family (Maserati), score 8"
17734,Maserati,GRANSPORT Convertible,2003,A14XER,4.2 V8 Automatic,remapped,"internal match: 4200cc 400hp Petrol, same brand/family (Maserati), score 8"
21333,Maserati,GRAN TURISMO,2007,A14XER,4.2 V8 Automatica,remapped,"internal match: 4200cc 396hp Petrol, same brand/family (Maserati), score 8"
12750,Mazda,MX-5 II (NB),2000,BPD,BP-ZE,remapped,"internal match: 1840cc 146hp Petrol, same brand/family (Mazda), score 9"
12751,Mazda,MX-5 II (NB),2000,BPD,BP-ZE,remapped,"internal match: 1840cc 146hp Petrol, same brand/family (Mazda), score 8"
13572,Mazda,6 Hatchback (GG),2002,C20LET,L3C1,remapped,"internal match: 2261cc 166hp Petrol, same brand/family (Mazda), score 9"
17412,Mazda,PREMACY (CP),2004,C20LET,2.3 16v MZR,remapped,"internal match: 2300cc 164hp Petrol, same brand/family (Mazda), score 8"
17553,Mazda,3 (BM),2012,C20LET,SHY1,remapped,"internal match: 2191cc 150hp Diesel, same brand/family (Mazda), score 9"
17560,Mazda,3 Saloon (BM),2012,C20LET,2.2 MZR-CD,remapped,"internal match: 2200cc 148hp Diesel, same brand/family (Mazda), score 8"
20662,Mazda,5 (CR19),2004,C20LET,2.3 16v MZR,remapped,"internal match: 2300cc 164hp Petrol, same brand/family (Mazda), score 8"
24286,Mazda,"6 Estate (GJ, GH)",2011,LFX,LF-DE,remapped,"internal match: 1999cc 155hp Petrol, same brand/family (Mazda), score 8"
24983,Mazda,"6 Estate (GJ, GH)",2011,C20LET,2.2 MZR-CD,remapped,"internal match: 2200cc 148hp Diesel, same brand/family (Mazda), score 8"
25490,Mazda,3 (BM),2012,LFX,LF-DE,remapped,"internal match: 1999cc 155hp Petrol, same brand/family (Mazda), score 8"
25491,Mazda,3 Saloon (BM),2012,LFX,LF-DE,remapped,"internal match: 1999cc 155hp Petrol, same brand/family (Mazda), score 8"
11095,Mercedes,"S-CLASS (W222, V222, X222)",2012,1TR-FE,M157.985,remapped,S63 AMG W222 585hp = M157.985 https://www.auto-data.net/en/mercedes-benz-s-class-w222-amg-s-63-585hp-speedshift-18886
11097,Mercedes,"S-CLASS (W222, V222, X222)",2012,2KD-FTV,M157.985,remapped,"internal match: 5461cc 585hp Petrol, same brand/family (Mercedes), score 6"
12087,Mercedes,"SPRINTER 2-t Bus (901, 902)",2000,A14XER,OM612.981,remapped,Sprinter 216/316/416/616 CDI 156hp = OM612.981 (5-cyl 2685cc) https://www.autoparts-24.com/engine/code/om-612-981/14447/ + https://fair-motors.com/shop/engine-om612-981-om612981-mercedes-benz-sprinter-3-t-b903-2-t-b901-b902-4-t-b904-5-t-b905-316-cdi-4x4-216-416-616-156hp/
12092,Mercedes,SPRINTER 3-t Bus (903),2000,A16XER,OM612.981,remapped,Sprinter 216/316/416/616 CDI 156hp = OM612.981 (5-cyl 2685cc) https://www.autoparts-24.com/engine/code/om-612-981/14447/ + https://fair-motors.com/shop/engine-om612-981-om612981-mercedes-benz-sprinter-3-t-b903-2-t-b901-b902-4-t-b904-5-t-b905-316-cdi-4x4-216-416-616-156hp/
12186,Mercedes,SPRINTER 4-t Box (904),2000,A16XER,OM611.981,remapped,Sprinter 211/411 CDI 109hp = OM611.981 (4-cyl 2148cc); same engine family as the 82hp OM611.987
13603,Mercedes,C-CLASS T-Model (S203),2002,B230FT,M271E18ML,remapped,C200 Kompressor S203 163hp = M271E18ML 161hp (1.2%)
14236,Mercedes,C-CLASS (W203),2003,D24TIC,M112.912,remapped,"internal match: 2597cc 170hp Petrol, same brand/family (Mercedes), score 6"
14342,Mercedes,E-CLASS T-Model (S211),2003,D24TIC,M113E50,remapped,E 500 T 4-matic (211.283) 306hp = M113E50 302hp (pre-facelift W211 5.0 V8)
15618,Mercedes,E-CLASS (W211),2004,D24TIC,OM648.961,remapped,E320 CDI W211 (211.022) = OM648.961 204hp https://www.classic.com/m/mercedes-benz/e/w211/sedan/e-320-cdi/; variant 224hp matches the later OM642 V6 (2005+) - verify VIN
16923,Mercedes,CLK (C209),2005,A17DTJ,M156.985,remapped,CLK 63 AMG 481hp = M156 family (CLK63 Black Series 481-507PS; row 487hp)
16924,Mercedes,CLK Convertible (A209),2005,A17DTJ,M156.985,remapped,CLK 63 AMG Cabrio 481hp = M156.985
16926,Mercedes,E-CLASS (W211),2005,B230FB,OM646.820,remapped,"internal match: 2148cc 136hp Diesel, same brand/family (Mercedes), score 6"
16943,Mercedes,E-CLASS T-Model (S211),2005,D24TIC,M273.962,remapped,"internal match: 5461cc 388hp Petrol, same brand/family (Mercedes), score 6"
17550,Mercedes,GLK-CLASS (X204),2012,A20DTH,M274.920,remapped,"internal match: 1991cc 211hp Petrol, same brand/family (Mercedes), score 6"
18296,Mercedes,CLK Convertible (A209),2005,A17DTJ,M273.967,remapped,"internal match: 5461cc 388hp Petrol, same brand/family (Mercedes), score 6"
19621,Mercedes,"SPRINTER CLASSIC 3,5-t Box (909)",2012,A16XER,OM611.981,remapped,Sprinter Classic 109hp = OM611.981 (109hp exact)
19625,Mercedes,"SPRINTER CLASSIC 4,6-t Bus (909)",2012,A16XER,OM611.981,remapped,Sprinter Classic 109hp = OM611.981
19690,Mercedes,"S-CLASS (W222, V222, X222)",2012,2AD-FHV,M278.929,remapped,"internal match: 4663cc 455hp Petrol, same brand/family (Mercedes), score 9"
25027,Mercedes,C-CLASS T-Model (S204),2006,C16NZ2,OM651.921,remapped,"internal match: 2143cc 163hp Diesel, same brand/family (Mercedes), score 6"
25229,Mercedes,CITAN Combi (415),2012,E18NVR,M200.711,remapped,"internal match: 1192cc 114hp Petrol, same brand/family (Mercedes), score 8"
25401,Mercedes,"S-CLASS (W222, V222, X222)",2012,OM651.921,OM651.921,remapped,S 300 h: combined 231PS = OM651 diesel 204hp + e-motor; OM651.921 is the combustion part
25552,Mercedes,S-CLASS Coupe (C217),2012,E18NVR,M278.929,remapped,"internal match: 4663cc 455hp Petrol, same brand/family (Mercedes), score 8"
25586,Mercedes,S-CLASS Coupe (C217),2012,E18NVR,M157.985,remapped,S63 AMG Coupe C217 585hp = M157.985 https://www.auto-data.net/en/mercedes-benz-s-class-w222-amg-s-63-585hp-speedshift-18886
25980,Mercedes,C-CLASS T-Model (S205),2012,OM626.951,OM646.811,remapped,"internal match: 2148cc 136hp Diesel, same brand/family (Mercedes), score 8"
26139,Mercedes,CLA Coupe (C117),2012,C16NZ2,OM646.821,remapped,"internal match: 2148cc 163hp Diesel, same brand/family (Mercedes), score 8"
26195,Mercedes,C-CLASS T-Model (S205),2013,C16NZ2,OM651.912,remapped,"internal match: 2143cc 204hp Diesel, same brand/family (Mercedes), score 8"
13486,Mini,"MINI (R50, R53)",2002,A13DTE,N14B16A,remapped,"internal match: 1598cc 163hp Petrol, same brand/family (Mini), score 6"
25333,Mini,MINI (F56),2012,A17DTJ,B38A15A,remapped,"internal match: 1499cc 136hp Petrol, same brand/family (Mini), score 6"
25336,Mini,MINI (F56),2012,A17DTJ,B46A20A,remapped,"internal match: 1998cc 192hp Petrol, same brand/family (Mini), score 6"
10583,Mitsubishi,i (HA_),2009,C16NZ2,3B20T,remapped,"internal match: 659cc 64hp Petrol, same brand/family (Mitsubishi), score 7"
20467,Mitsubishi,VERADA Saloon (KL),2003,C16NZ2,6G74,remapped,Verada 3.5 V6 = 6G74 203-208PS https://en.mitsubishiclub.cz/engine_detail.php?id=52
22305,Mitsubishi,"L 300 Box (P0_W, P1_W)",2005,A17DTJ,4G64(SOHC16V),remapped,"L300 2.4 114hp = 4G64 SOHC (sibling 114hp exact; description-code, flagged)"
24321,Mitsubishi,"PAJERO SPORT II (KG_, KH_)",2009,C16NZ2,3.5 V6 Flex,remapped,"internal match: 3500cc 197hp Petrol, same brand/family (Mitsubishi), score 7"
24809,Mitsubishi,"PAJERO SPORT II (KG_, KH_)",2007,C16NZ2,6G75,remapped,Pajero Sport 3.8 = 6G75 3828cc https://en.wikipedia.org/wiki/Mitsubishi_6G7_engine (220hp RU-market rating)
25363,Mitsubishi,VERADA Saloon (KW),2003,C16NZ2,6G74,remapped,Verada 3.5 V6 = 6G74 203-208PS https://en.mitsubishiclub.cz/engine_detail.php?id=52
19008,Nissan,BLUEBIRD SYLPHY,2002,DW12BTED4,MR20DD,remapped,"internal match: 1997cc 147hp Petrol, same brand/family (Nissan), score 8"
19015,Nissan,LATIO Saloon,2006,A20DTH,GA16DE,remapped,"internal match: 1597cc 113hp Petrol, same brand/family (Nissan), score 8"
20679,Nissan,SENTRA,2002,A13DTE,QR25DE,remapped,Sentra 2.5 175hp = QR25DE 171hp (Renault row = Nissan family)
20681,Nissan,SENTRA,2000,A13DTE,HR18DE,remapped,"internal match: 1769cc 125hp Petrol, same brand/family (Nissan), score 8"
20683,Nissan,SENTRA,2000,A13DTE,QG18DE,remapped,Sentra 1.8 120hp = QG18DE 125hp (4%)
20690,Nissan,URVAN Bus (V2_),2000,A13DTE,K20DE,remapped,"internal match: 1998cc 120hp Petrol, same brand/family (Nissan), score 9"
20692,Nissan,URVAN Bus (V2_),2001,A13DTE,KA24DE,remapped,"internal match: 2400cc 141hp Petrol, same brand/family (Nissan), score 8"
25062,Nissan,URVAN NV350 / CARAVAN (E26),2012,A16LET,YD25DDTi,remapped,Urvan NV350 2.5 dCi 129hp = YD25DDTi low tune (family 126-190PS; row is 188hp top tune)
26571,Nissan,MURANO (Z51),2009,A13DTE,VQ35DE,remapped,Murano Z51 3.5 249hp = VQ35DE (sibling variants 249hp exact)
12342,Opel,MOVANO Box (F9),2000,A14XER,G9T 720,remapped,"internal match: 2200cc 89hp Diesel, same brand/family (Opel), score 8"
13102,Opel,COMBO Box Body / Estate,2001,A17DTS,Y16YNG,remapped,"Combo B 1.6 8v/16v 84-87hp -> unique in-DB candidate Y16YNG (95hp 1600cc, Opel)"
19903,Opel,"CORSA C Box (F08, W5L)",2003,A13DTE,Z14XEP,remapped,"internal match: 1400cc 89hp Petrol, same brand/family (Opel), score 8"
11270,Peugeot,508 SW,2010,RHH (DW10CTED4),RHC(DW10CTED4),remapped,508/3008 Hybrid4: combined 200PS = DW10CTED4 163hp diesel + 37hp e-motor; RHC row in DB carries exactly these 200hp
19652,Peugeot,PARTNER Box (5),2002,A17DTR,KFW (TU3JP),remapped,"internal match: 1400cc 74hp Petrol, same brand/family (Peugeot), score 8"
23311,Peugeot,3008,2010,RHH (DW10CTED4),RHC(DW10CTED4),remapped,508/3008 Hybrid4: combined 200PS = DW10CTED4 163hp diesel + 37hp e-motor; RHC row in DB carries exactly these 200hp
15228,Proton,IMPIAN,2001,E18NVR,4G18P,remapped,"internal match: 1584cc 102hp Petrol, same brand/family (Proton), score 9"
15230,Proton,WIRA,2000,C20LET,4G15,remapped,"internal match: 1468cc 86hp Petrol, same brand/family (Proton), score 9"
15232,Proton,WIRA,2000,C20LET,4G13,remapped,"internal match: 1298cc 74hp Petrol, same brand/family (Proton), score 9"
15236,Proton,SATRIA (C9_M),2000,E18NVR,4G15,remapped,"internal match: 1468cc 86hp Petrol, same brand/family (Proton), score 8"
16197,Proton,JUMBUCK Pickup,2002,E18NVR,4G15,remapped,"internal match: 1468cc 86hp Petrol, same brand/family (Proton), score 8"
9682,Renault,KANGOO Express (FC0/1_),2004,A13DTE,K4M850,remapped,Kangoo 1.6 16V bivalent (LPG) = K4M850 (exact engine_type + power match in DB)
15102,Renault,MEGANE II Saloon (LM0/1_),2003,B230FB,1.9 8v dCI,remapped,"internal match: 1900cc 89hp Diesel, same brand/family (Renault), score 8"
15214,Renault,MODUS / GRAND MODUS (F/JP0_),2003,C20LET,D4F740,remapped,"internal match: 1149cc 75hp Petrol, same brand/family (Renault), score 9"
15671,Renault,LAGUNA II Grandtour (KG0/1_),2004,DW12BTED4,K4M,remapped,"internal match: 1600cc 109hp Petrol, same brand/family (Renault), score 8"
16054,Renault,KANGOO (KC0/1_),2004,A13DTE,K4M850,remapped,Kangoo 1.6 16V bivalent (LPG) = K4M850 (exact engine_type + power match in DB)
19894,Renault,SCÉNIC I (JA0/1_),2000,B230FT,F4P720,remapped,"internal match: 1783cc 115hp Petrol, same brand/family (Renault), score 6"
23615,Renault,DUSTER,2011,C16NZ2,F4R712,remapped,"internal match: 1998cc 135hp Petrol, same brand/family (Renault), score 8"
24559,Renault,LAGUNA II Grandtour (KG0/1_),2003,C16NZ2,F4R712,remapped,"internal match: 1998cc 135hp Petrol, same brand/family (Renault), score 8"
25872,Renault,THALIA III,2012,C20LET,D4F702,remapped,"internal match: 1149cc 75hp Petrol, same brand/family (Renault), score 8"
26680,Renault,LOGAN II,2012,A13DTE,1.6 16v BiFuel,remapped,"internal match: 1600cc 80hp Petrol, same brand/family (Renault), score 8"
10633,Saab,9-3 (YS3F),2010,A20NFT,LP9,remapped,"internal match: 2792cc 230hp Petrol, same brand/family (Saab), score 8"
16457,Saab,9-5 (YS3E),2005,X16SZR,A19DTR,remapped,"internal match: 1910cc 160hp Diesel, same brand/family (Saab), score 7"
14746,Seat,ALTEA (5P1),2003,CCSA,CAYC,remapped,1.6 TDI 102-105hp = CAYC (CCSA is a Vivid-internal code) https://www.auto-data.net/en/volkswagen-golf-vi-variant-1.6-tdi-105hp-16799 + https://www.tmbbooks.com/en/autom_Vwrep24.html
15311,Seat,TOLEDO III (5P2),2003,CCSA,CAYC,remapped,1.6 TDI 102-105hp = CAYC (CCSA is a Vivid-internal code) https://www.auto-data.net/en/volkswagen-golf-vi-variant-1.6-tdi-105hp-16799 + https://www.tmbbooks.com/en/autom_Vwrep24.html
15776,Seat,LEON (1P1),2004,CCSA,CAYC,remapped,1.6 TDI 102-105hp = CAYC (CCSA is a Vivid-internal code) https://www.auto-data.net/en/volkswagen-golf-vi-variant-1.6-tdi-105hp-16799 + https://www.tmbbooks.com/en/autom_Vwrep24.html
17920,Seat,"ALTEA XL (5P5, 5P8)",2005,CCSA,CAYC,remapped,1.6 TDI 102-105hp = CAYC (CCSA is a Vivid-internal code) https://www.auto-data.net/en/volkswagen-golf-vi-variant-1.6-tdi-105hp-16799 + https://www.tmbbooks.com/en/autom_Vwrep24.html
14834,Skoda,OCTAVIA (1Z3),2003,CCSA,CAYC,remapped,1.6 TDI 102-105hp = CAYC (CCSA is a Vivid-internal code) https://www.auto-data.net/en/volkswagen-golf-vi-variant-1.6-tdi-105hp-16799 + https://www.tmbbooks.com/en/autom_Vwrep24.html
15134,Skoda,OCTAVIA Combi (1Z5),2003,CCSA,CAYC,remapped,1.6 TDI 102-105hp = CAYC (CCSA is a Vivid-internal code) https://www.auto-data.net/en/volkswagen-golf-vi-variant-1.6-tdi-105hp-16799 + https://www.tmbbooks.com/en/autom_Vwrep24.html
19438,Skoda,OCTAVIA (1Z3),2005,X16SZR,CFGB,remapped,"Octavia 2.0 TDI 170PS = CFGB (168hp row, VAG family)"
20801,Skoda,OCTAVIA (1Z3),2007,CCSA,CAYC,remapped,1.6 TDI 102-105hp = CAYC (CCSA is a Vivid-internal code) https://www.auto-data.net/en/volkswagen-golf-vi-variant-1.6-tdi-105hp-16799 + https://www.tmbbooks.com/en/autom_Vwrep24.html
20803,Skoda,OCTAVIA Combi (1Z5),2007,CCSA,CAYC,remapped,1.6 TDI 102-105hp = CAYC (CCSA is a Vivid-internal code) https://www.auto-data.net/en/volkswagen-golf-vi-variant-1.6-tdi-105hp-16799 + https://www.tmbbooks.com/en/autom_Vwrep24.html
23100,Skoda,RAPID Spaceback (NH1),2011,A20DTH,CMXA,remapped,"Rapid Spaceback 1.2 TSI 105hp = CMXA 103hp (VAG family, 2%)"
23272,Skoda,RAPID Spaceback (NH1),2011,A20DTH,CFBA,remapped,"internal match: 1400cc 129hp Petrol, same brand/family (Skoda), score 7"
9821,Subaru,XV,2011,A16LET,EE20Z,remapped,"Subaru XV 2.0D 109hp = EE20 boxer diesel, early EU tune 110PS (row is the 148PS 2011+ tune; same engine, service data identical)"
19272,Subaru,"IMPREZA Hatchback (GR, GH, G3)",2010,A16LET,EE20Z,remapped,Subaru Impreza 2.0D 109hp = EE20 early EU tune (see XV)
14502,Suzuki,IGNIS II,2003,A20DTH,1.5 VVT,remapped,"internal match: 1500cc 98hp Petrol, same brand/family (Suzuki), score 8"
17391,Suzuki,JIMNY (FJ),2000,A13DTE,K6A-T,remapped,"internal match: 658cc 64hp Petrol, same brand/family (Suzuki), score 7"
17449,Suzuki,WAGON R+ (MM),2000,A13DTE,660 Turbo,remapped,"internal match: 660cc 63hp Petrol, same brand/family (Suzuki), score 6"
26300,Suzuki,SPACIA,2012,A13DTE,660 Turbo,remapped,"internal match: 660cc 63hp Petrol, same brand/family (Suzuki), score 6"
10990,Toyota,"DYNA Platform/Chassis (KD_, LY_, TRY2_, KDY2_, XZU4_, XZU3_,",2005,A17DTJ,1TR-FE,remapped,"internal match: 1998cc 133hp Petrol, same brand/family (Toyota), score 9"
10992,Toyota,"DYNA Platform/Chassis (KD_, LY_, TRY2_, KDY2_, XZU4_, XZU3_,",2005,A17DTJ,1TR-FPE,remapped,"internal match: 1998cc 116hp Petrol, same brand/family (Toyota), score 6"
18201,Toyota,"CAMRY SOLARA Coupe (MCV3_, ACV3_)",2003,A17DTR,1MZ-FE,remapped,Camry Solara 3.0 186hp = 1MZ-FE (186-192hp depending on year)
18203,Toyota,"CAMRY SOLARA Coupe (MCV3_, ACV3_)",2003,A17DTR,3MZ-FE,remapped,"internal match: 3311cc 211hp Petrol, same brand/family (Toyota), score 7"
18208,Toyota,"CAMRY SOLARA Convertible (MCV3_, ACV3_)",2003,A17DTR,3MZ-FE,remapped,"internal match: 3311cc 211hp Petrol, same brand/family (Toyota), score 7"
19266,Toyota,"HARRIER (MCU3_, MHU3_, ACU3_, GSU3_)",2003,1MZ-FE,3MZ-FE,remapped,Harrier 2nd gen 3.3 = 3MZ-FE https://en.wikipedia.org/wiki/Toyota_Highlander + https://en.wikipedia.org/wiki/Toyota_MZ_engine
19274,Toyota,"KLUGER (_MCU2_, _ACU2_)",2003,1MZ-FE,1MZ-FE,remapped,Kluger XU20 2001-2003 = 1MZ-FE (2004+ 3MZ-FE) https://en.wikipedia.org/wiki/Toyota_Highlander + https://en.wikipedia.org/wiki/Toyota_MZ_engine
22499,Toyota,"KLUGER (_MHU4_, _GSU4_, _ASU4_)",2006,A13DTE,3MZ-FE,remapped,"Kluger 2006 273hp = 3.3 Hybrid system power (3MZ-FE + e-motor, 268-272PS)"
24781,Toyota,"COASTER Bus (TRB5_, XZB5_, RZB4_, HZB5_, BZB5_, BB4_)",2003,A16LET,14B,remapped,"internal match: 3661cc 101hp Diesel, same brand/family (Toyota), score 9"
24783,Toyota,"COASTER Bus (TRB5_, XZB5_, RZB4_, HZB5_, BZB5_, BB4_)",2003,A16LET,W04D-TR,remapped,"internal match: 4009cc 130hp Diesel, same brand/family (Toyota), score 8"
25170,Toyota,"FORTUNER Closed Off-Road Vehicle (TGN6_, KUN6_, GGN6_, TGN5_",2008,A16LET,1KD-FTV,remapped,"internal match: 3000cc 162hp Diesel, same brand/family (Toyota), score 7"
25176,Toyota,"DYNA Bus (XZU3_, XZU4_, WU4_, WU3_, LY2_, KDY2_)",2005,A16LET,W04D-TP,remapped,"internal match: 4009cc 110hp Diesel, same brand/family (Toyota), score 6"
25178,Toyota,"DYNA Bus (XZU3_, XZU4_, WU4_, WU3_, LY2_, KDY2_)",2005,A16LET,W04D-TR,remapped,"internal match: 4009cc 130hp Diesel, same brand/family (Toyota), score 6"
25182,Toyota,"DYNA Platform/Chassis (KD_, LY_, TRY2_, KDY2_, XZU4_, XZU3_,",2005,A16LET,S05C,remapped,"internal match: 4613cc 131hp Diesel, same brand/family (Toyota), score 6"
25242,Toyota,"TUV Platform/Chassis (YF_, RZF_, LF_, KF_)",2003,A16LET,5L,remapped,"internal match: 2986cc 91hp Diesel, same brand/family (Toyota), score 8"
13422,Vauxhall,COMBO Mk II (C) Box Body / Estate (F25),2001,A17DTS,Y16YNG,remapped,"Combo Mk II 1.6 87hp -> unique in-DB candidate Y16YNG (95hp 1600cc, Opel)"
20310,Vauxhall,CORSAVAN Mk II (C),2003,A13DTE,A14FP,remapped,"internal match: 1368cc 95hp Petrol, same brand/family (Vauxhall), score 7"
20312,Vauxhall,COMBO Mk II (C) Box Body / Estate (F25),2001,A17DTS,Y16YNG,remapped,"Combo Mk II 1.6 84hp -> unique in-DB candidate Y16YNG (95hp 1600cc, Opel)"
25890,Vauxhall,MERIVA Mk II (B),2012,C16NZ2,A17DTI,remapped,"internal match: 1686cc 110hp Diesel, same brand/family (Vauxhall), score 6"
9212,Volkswagen,Touareg,2003,BAA,AZZ,remapped,Touareg 7L 3.2 V6 220PS: codes AZZ/BAA/BKJ/BMV/BMX/BRJ - AZZ chosen (largest existing group) https://www.autodoc.parts/spares/vw/touareg/touareg-7la-7l6-7l7/16819-3-2-v6 + https://www.auto-data.net/en/volkswagen-touareg-i-7l-3.2i-v6-24v-220hp-4motion-8515
9724,Volkswagen,GOLF VI (5K1),2007,CCSA,CAYC,remapped,1.6 TDI 102-105hp = CAYC (CCSA is a Vivid-internal code) https://www.auto-data.net/en/volkswagen-golf-vi-variant-1.6-tdi-105hp-16799 + https://www.tmbbooks.com/en/autom_Vwrep24.html
11115,Volkswagen,"CADDY III Box (2KA, 2KH, 2CA, 2CH)",2009,CFHE,AJT,remapped,"internal match: 2500cc 87hp Diesel, same brand/family (Volkswagen), score 6"
12370,Volkswagen,PASSAT (3B3),2000,B230FT,AZX,remapped,"internal match: 2300cc 168hp Petrol, same brand/family (Volkswagen), score 8"
13677,Volkswagen,"TOUAREG (7LA, 7L6, 7L7)",2002,BAA,AZZ,remapped,Touareg 7L 3.2 V6 220PS: codes AZZ/BAA/BKJ/BMV/BMX/BRJ - AZZ chosen (largest existing group) https://www.autodoc.parts/spares/vw/touareg/touareg-7la-7l6-7l7/16819-3-2-v6 + https://www.auto-data.net/en/volkswagen-touareg-i-7l-3.2i-v6-24v-220hp-4motion-8515
15644,Volkswagen,JETTA III (1K2),2004,CCSA,CAYC,remapped,1.6 TDI 102-105hp = CAYC (CCSA is a Vivid-internal code) https://www.auto-data.net/en/volkswagen-golf-vi-variant-1.6-tdi-105hp-16799 + https://www.tmbbooks.com/en/autom_Vwrep24.html
15911,Volkswagen,"GOLF PLUS (5M1, 521)",2004,CCSA,CAYC,remapped,1.6 TDI 102-105hp = CAYC (CCSA is a Vivid-internal code) https://www.auto-data.net/en/volkswagen-golf-vi-variant-1.6-tdi-105hp-16799 + https://www.tmbbooks.com/en/autom_Vwrep24.html
16760,Volkswagen,PASSAT (3C2),2004,D24TIC,CJKB,remapped,"internal match: 1984cc 150hp Petrol, same brand/family (Volkswagen), score 8"
17354,Volkswagen,"TRANSPORTER V Box (7HA, 7HH, 7EA, 7EH)",2003,A17DTR,AYT,remapped,"internal match: 3200cc 237hp Petrol, same brand/family (Volkswagen), score 8"
18014,Volkswagen,GOLF V Variant (1K5),2006,CCSA,CAYC,remapped,1.6 TDI 102-105hp = CAYC (CCSA is a Vivid-internal code) https://www.auto-data.net/en/volkswagen-golf-vi-variant-1.6-tdi-105hp-16799 + https://www.tmbbooks.com/en/autom_Vwrep24.html
19419,Volkswagen,PASSAT CC (357),2007,X16SZR,CNNA,remapped,"internal match: 3597cc 280hp Petrol, same brand/family (Volkswagen), score 8"
20715,Volkswagen,"GOLF PLUS (5M1, 521)",2006,CCSA,CAYC,remapped,1.6 TDI 102-105hp = CAYC (CCSA is a Vivid-internal code) https://www.auto-data.net/en/volkswagen-golf-vi-variant-1.6-tdi-105hp-16799 + https://www.tmbbooks.com/en/autom_Vwrep24.html
21925,Volkswagen,GOLF VI Variant (AJ5),2008,CCSA,CAYC,remapped,1.6 TDI 102-105hp = CAYC (CCSA is a Vivid-internal code) https://www.auto-data.net/en/volkswagen-golf-vi-variant-1.6-tdi-105hp-16799 + https://www.tmbbooks.com/en/autom_Vwrep24.html
22198,Volkswagen,GOLF V (1K1),2006,CCSA,CAYC,remapped,1.6 TDI 102-105hp = CAYC (CCSA is a Vivid-internal code) https://www.auto-data.net/en/volkswagen-golf-vi-variant-1.6-tdi-105hp-16799 + https://www.tmbbooks.com/en/autom_Vwrep24.html
22199,Volkswagen,JETTA III (1K2),2007,CCSA,CAYC,remapped,1.6 TDI 102-105hp = CAYC (CCSA is a Vivid-internal code) https://www.auto-data.net/en/volkswagen-golf-vi-variant-1.6-tdi-105hp-16799 + https://www.tmbbooks.com/en/autom_Vwrep24.html
25395,Volkswagen,UP,2012,E18NVR,CWRA,remapped,"internal match: 1000cc 74hp Petrol, same brand/family (Volkswagen), score 9"
12256,Volvo,S60 I,2000,DW12BTED4,B5244S2,remapped,"internal match: 2400cc 138hp Petrol, same brand/family (Volvo), score 8"
12258,Volvo,S60 I,2000,DW12BTED4,B5244S,remapped,"internal match: 2400cc 168hp Petrol, same brand/family (Volvo), score 8"
14875,Volvo,S60 I,2003,B230FT,B5254T2,remapped,"internal match: 2521cc 209hp Petrol, same brand/family (Volvo), score 8"
15001,Volvo,V50 (MW),2003,B230FT,B4184S11,remapped,"internal match: 1798cc 125hp Petrol, same brand/family (Volvo), score 8"
17515,Volvo,S40 II (MS),2005,A17DTS,D5244T12,remapped,"internal match: 2400cc 178hp Diesel, same brand/family (Volvo), score 8"
22730,hernr_1138,FORTWO Cabrio (451),2009,M132.930,M135.930,remapped,"internal match: 1332cc 95hp Petrol, same brand/family (hernr_1138), score 7"
11722,hernr_1139,SLAVUTA (1103),2001,E18NVR,MEMZ-310,remapped,"internal match: 1254cc 60hp Petrol, same brand/family (hernr_1139), score 9"
15840,hernr_1506,HUMMER H2  SUT,2003,E18NVR,LQ4,remapped,"internal match: 5967cc 322hp Petrol, same brand/family (hernr_1506), score 9"
10718,hernr_1553,PATRIOT,2003,C16NZ2,ZMZ-409.10,remapped,"internal match: 2693cc 128hp Petrol, same brand/family (hernr_1553), score 9"
10720,hernr_1553,PATRIOT,2003,C16NZ2,ZMZ-409.10,remapped,"internal match: 2693cc 128hp Petrol, same brand/family (hernr_1553), score 7"
10722,hernr_1553,PICKUP (2360),2003,C16NZ2,ZMZ-409.10,remapped,"internal match: 2693cc 128hp Petrol, same brand/family (hernr_1553), score 8"
10724,hernr_1553,HUNTER (3151),2003,C16NZ2,ZMZ-409.10,remapped,"internal match: 2693cc 128hp Petrol, same brand/family (hernr_1553), score 8"
13655,hernr_2164,MAYBACH (240_),2002,A13DTE,M285.950,remapped,"internal match: 5513cc 551hp Petrol, same brand/family (hernr_2164), score 9"
15996,hernr_2164,MAYBACH (240_),2004,A13DTE,M285.980,remapped,"internal match: 5980cc 641hp Petrol, same brand/family (hernr_2164), score 8"
15972,hernr_2589,LANDWIND,2004,E18NVR,4G63S4M,remapped,"internal match: 1997cc 115hp Petrol, same brand/family (hernr_2589), score 9"
16109,hernr_2590,BL Coupe,2004,E18NVR,MR479Q,remapped,"internal match: 1342cc 86hp Petrol, same brand/family (hernr_2590), score 9"
16111,hernr_2590,BL Coupe,2004,E18NVR,MR479QA,remapped,"internal match: 1498cc 94hp Petrol, same brand/family (hernr_2590), score 9"
16113,hernr_2590,CK Saloon,2004,E18NVR,MR479Q,remapped,"internal match: 1342cc 86hp Petrol, same brand/family (hernr_2590), score 8"
16115,hernr_2590,CK Saloon,2004,E18NVR,MR479QA,remapped,"internal match: 1498cc 94hp Petrol, same brand/family (hernr_2590), score 8"
16117,hernr_2590,CK Saloon,2004,E18NVR,MR481QA,remapped,"internal match: 1587cc 107hp Petrol, same brand/family (hernr_2590), score 9"
16119,hernr_2590,HQ Hatchback,2004,E18NVR,JL376QE,remapped,"internal match: 993cc 52hp Petrol, same brand/family (hernr_2590), score 9"
16121,hernr_2590,HQ Hatchback,2004,E18NVR,MR479Q,remapped,"internal match: 1342cc 86hp Petrol, same brand/family (hernr_2590), score 8"
16123,hernr_2590,HQ Sedan,2004,E18NVR,JL378QE,remapped,"internal match: 1046cc 54hp Petrol, same brand/family (hernr_2590), score 9"
16125,hernr_2590,HQ Sedan,2004,E18NVR,MR479Q,remapped,"internal match: 1342cc 86hp Petrol, same brand/family (hernr_2590), score 8"
16127,hernr_2590,HQ SRV,2004,E18NVR,JL376QE,remapped,"internal match: 993cc 52hp Petrol, same brand/family (hernr_2590), score 8"
16129,hernr_2590,HQ SRV,2004,E18NVR,JL378QE,remapped,"internal match: 1046cc 54hp Petrol, same brand/family (hernr_2590), score 8"
16131,hernr_2590,HQ SRV,2004,E18NVR,MR479Q,remapped,"internal match: 1342cc 86hp Petrol, same brand/family (hernr_2590), score 8"
16133,hernr_2590,MR Hatchback,2004,E18NVR,MR479Q,remapped,"internal match: 1342cc 86hp Petrol, same brand/family (hernr_2590), score 8"
16135,hernr_2590,MR Hatchback,2004,E18NVR,MR479QA,remapped,"internal match: 1498cc 94hp Petrol, same brand/family (hernr_2590), score 8"
16137,hernr_2590,MR Sedan,2004,E18NVR,JL376QE,remapped,"internal match: 993cc 52hp Petrol, same brand/family (hernr_2590), score 8"
16139,hernr_2590,MR Sedan,2004,E18NVR,JL378QE,remapped,"internal match: 1046cc 54hp Petrol, same brand/family (hernr_2590), score 8"
16141,hernr_2590,MR Sedan,2004,E18NVR,MR479Q,remapped,"internal match: 1342cc 86hp Petrol, same brand/family (hernr_2590), score 8"
16143,hernr_2590,MR Sedan,2004,E18NVR,MR479QA,remapped,"internal match: 1498cc 94hp Petrol, same brand/family (hernr_2590), score 8"
16145,hernr_2590,PU,2004,E18NVR,JL376QE,remapped,"internal match: 993cc 52hp Petrol, same brand/family (hernr_2590), score 8"
16147,hernr_2590,PU,2004,E18NVR,JL378QE,remapped,"internal match: 1046cc 54hp Petrol, same brand/family (hernr_2590), score 8"
16149,hernr_2590,PU,2004,E18NVR,MR479Q,remapped,"internal match: 1342cc 86hp Petrol, same brand/family (hernr_2590), score 8"
23860,hernr_2590,MK Hatchback,2011,E18NVR,MR479QA,remapped,"internal match: 1498cc 94hp Petrol, same brand/family (hernr_2590), score 8"
22542,hernr_3035,TIGUAN,2009,C16NZ2,CCZA,remapped,Tiguan 2.0 TSI 200hp = CAWB/CCZA https://www.mytiguan.com/threads/volkswagen-2-0-tsi-tfsi-ea888-gen-1-2-3-engine-review.50534/ + https://www.auto-data.net/en/volkswagen-tiguan-i-2.0-tsi-200hp-4motion-8382
22539,hernr_3122,G3,2008,C16NZ2,483QA,remapped,"internal match: 1839cc 122hp Petrol, same brand/family (hernr_3122), score 9"
25212,hernr_3141,TEANA (J32),2012,QR25DE,VQ25DE,remapped,"internal match: 2496cc 185hp Petrol, same brand/family (hernr_3141), score 9"
20972,hernr_3276,CLUBSPORT Saloon (VX),2000,C16NZ2,LS1,remapped,HSV Clubsport VX LS1 255kW https://www.autoblog.com/features/gm-ls1-engine-specs-common-issues
20974,hernr_3276,CLUBSPORT Saloon (VY),2002,C16NZ2,LS1,remapped,HSV Clubsport VY LS1 260kW https://www.autoblog.com/features/gm-ls1-engine-specs-common-issues
20976,hernr_3276,CLUBSPORT Saloon (VY),2003,C16NZ2,LS1,remapped,HSV Clubsport VY R8 LS1 C4B 285kW https://www.autoblog.com/features/gm-ls1-engine-specs-common-issues
20978,hernr_3276,CLUBSPORT Saloon (VZ),2003,C16NZ2,LS2,remapped,HSV Clubsport VZ LS2 297kW=398hp https://www.hsv.com.au/classics/see/vz/clubsport/
21352,hernr_3276,GRANGE Saloon (WH),2000,C16NZ2,LS1,remapped,HSV Grange WH LS1 250kW https://www.autoblog.com/features/gm-ls1-engine-specs-common-issues
21353,hernr_3276,GRANGE Saloon (WK),2003,C16NZ2,LS1,remapped,HSV Grange WK LS1 285kW https://www.autoblog.com/features/gm-ls1-engine-specs-common-issues
21355,hernr_3276,GRANGE Saloon (WL),2003,C16NZ2,LS2,remapped,HSV Grange WL LS2 297kW https://www.hsv.com.au/classics/see/vz/clubsport/
21251,hernr_3297,FALCON Saloon (BA),2003,C16NZ2,BOSS260,remapped,Falcon BA XR8 Boss 260 260kW=350hp https://www.netcarshow.com/ford/2002-ba_falcon_xr8/ + https://grokipedia.com/page/Ford_Falcon_(BA)
21253,hernr_3297,FALCON Pickup (BA),2003,C16NZ2,BOSS290,remapped,Falcon BA (FPV/XR8 ute) Boss 290 290kW=389hp https://www.netcarshow.com/ford/2002-ba_falcon_xr8/ + https://grokipedia.com/page/Ford_Falcon_(BA)
21254,hernr_3297,FALCON Pickup (BF),2004,C16NZ2,BOSS260,remapped,Falcon BF XR8 Boss 260 https://www.netcarshow.com/ford/2002-ba_falcon_xr8/ + https://grokipedia.com/page/Ford_Falcon_(BA)
21255,hernr_3297,FALCON Pickup (BF),2004,C16NZ2,BOSS290,remapped,Falcon BF Boss 290 290kW=394hp https://www.netcarshow.com/ford/2002-ba_falcon_xr8/ + https://grokipedia.com/page/Ford_Falcon_(BA)
14156,hernr_701,GALLARDO,2003,E18NVR,L510,remapped,"internal match: 4961cc 500hp Petrol, same brand/family (hernr_701), score 9"
15148,hernr_701,MURCIÉLAGO Roadster,2003,A13DTE,6.2 V12 E-Gear,remapped,"Murcielago 6.2 V12 579hp -> unique in-DB candidate 6.2 V12 E-Gear (571hp 6200cc, Lamborghini)"
15987,hernr_701,GALLARDO,2004,E18NVR,L510,remapped,"internal match: 4961cc 500hp Petrol, same brand/family (hernr_701), score 8"
16460,hernr_701,GALLARDO SPYDER,2004,E18NVR,L510,remapped,"internal match: 4961cc 500hp Petrol, same brand/family (hernr_701), score 7"
14190,hernr_705,PHANTOM,2002,A13DTE,N73B68A,remapped,"internal match: 6749cc 460hp Petrol, same brand/family (hernr_705), score 6"
25384,hernr_705,PARK WARD,2000,A13DTE,M73B54,remapped,Rolls-Royce Park Ward 5.4 326hp = BMW M73B54 5379cc https://www.carsart.net/en/cars/rolls-royce/silver-seraph/silver-seraph/5400cc-i-v12-326hp
12068,hernr_803,AERO 8,2000,A13DTE,M62448S2,remapped,"internal match: 4398cc 286hp Petrol, same brand/family (hernr_803), score 9"
14785,hernr_803,AERO 8,2003,A13DTE,M62448S2,remapped,"internal match: 4398cc 286hp Petrol, same brand/family (hernr_803), score 7"
13492,hernr_815,ARNAGE,2002,A13DTE,L410M1T3,remapped,"internal match: 6747cc 426hp Petrol, same brand/family (hernr_815), score 8"
14671,hernr_815,CONTINENTAL Coupe,2003,E18NVR,MTBHT,remapped,"internal match: 5998cc 575hp Petrol, same brand/family (hernr_815), score 8"
15578,hernr_815,CONTINENTAL FLYING SPUR,2004,E18NVR,MTBHT,remapped,"internal match: 5998cc 575hp Petrol, same brand/family (hernr_815), score 7"
16741,hernr_815,AZURE II,2005,A13DTE,L410M1T3,remapped,"internal match: 6747cc 426hp Petrol, same brand/family (hernr_815), score 7"
