engine_code,new_displacement_cc,new_engine_type,why,citation_note
QR25DE,2488,2.5 16v DOHC,was 1600cc/1.6 16v - QR25DE is Nissan 2.5 2488cc https://www.engine-specs.net/nissan/qr25de.html (2488cc),
M57D30,2993,,was 2353cc - M57 3.0d = 2993cc https://specsnode.com/engine-detail.php?id=177 (M57 2993cc),
CMXA,1598,1.6 8v MultiFuel,was 1200cc/1.2 8v TSI - CMXA = VW Golf 1.6 MultiFuel 1598cc 102hp https://www.proxyparts.com/car-parts-stock/information/engine-code/cmxa/part/engine/partid/11428466/ (1598cc 75kW) + https://www.mecatechnic.com/en-GB/b-volkswagen/m-golf-6/motorizations (1.6 BSE/BSF/CCSA/CHGA/CMXA 102hp),
B38B15M0,1499,1.5 Turbo 3-cyl,was 1005cc - B38 1.5 = 1499cc BMW B38 1.5 3-cyl Turbo = 1499cc (well-established OEM data),
E18NVR,,3.0 V6 SIDI VVT,engine_type was junk 'ECONOVAN Bus'; row data (2997cc/276hp/Cadillac CTS) = LF1-type 3.0 V6 https://www.caranddriver.com/cadillac/cts/specs/2010/cadillac_cts_cadillac-cts-sedan_2010 (CTS 3.0 = LF1 270hp) + https://reman-engine.com/remanufactured-engines/cadillac/cts/2010/3.0l-vin-g-8th-digit-opt-lf1-awd,
ETJ,6690,6.7 I6 Cummins Turbo Diesel,"was '3.6 FSI 4motion' 6691cc - RAM 2500 349-350hp = 6.7 Cummins ETJ 6.7 Cummins 6690cc 350hp / ETH-ETC 5.9 Cummins (ETH high-output 325hp, ETC standard 235hp) - RAM 2500 factory packages",
ETH,5923,5.9 I6 Cummins HO Turbo Diesel,"was '2.5 TDiC AWD' 5883cc - 5.9 Cummins = 5923cc (360 cid) ETJ 6.7 Cummins 6690cc 350hp / ETH-ETC 5.9 Cummins (ETH high-output 325hp, ETC standard 235hp) - RAM 2500 factory packages",
ETC,5923,5.9 I6 Cummins 24V Turbo Diesel,"was '2.2 Vtec (corr.)' 5886cc - 5.9 Cummins = 5923cc ETJ 6.7 Cummins 6690cc 350hp / ETH-ETC 5.9 Cummins (ETH high-output 325hp, ETC standard 235hp) - RAM 2500 factory packages",
CCRA,1598,1.6 8v TotalFlex,was 1000cc/1.0 with 99hp (internally inconsistent); VW Fox 1.6 TotalFlex = 98-103PS https://en.wikipedia.org/wiki/Volkswagen_Fox (1.6 8v TotalFlex 98-103PS),
L96,,6.0 V8 Vortec,"engine_type was junk '1.3 VVTi'; L96 = 6.0 Vortec V8 360hp, 5967cc correct https://www.dieselhub.com/gas/gm-6.0-vortec-l96.html (6.0 V8 360hp)",
LC9,,5.3 V8 Vortec FlexFuel,engine_type was junk '2.2 S2 (corr.)'; LC9 = 5.3 Vortec FlexFuel 5328cc correct,
L76,,6.0 V8 Vortec MAX,engine_type was junk '6 (est.)',
L20,,4.8 V8 Vortec,engine_type was junk '1.0 DVVT',
LM7,,5.3 V8 Vortec,"engine_type was '5.3' (kept), displacement 5327cc correct",
CKMA,,1.4 TSI Twincharger,engine_type was junk '6.7 Turbo R'; CKMA = 1.4 TSI 160hp 1390cc correct,
F1CE0481HA,,3.0 HPI TurboDiesel,engine_type was junk '1.6 e (EA0F)'; F1CE = Iveco 3.0 2998cc,
F1CE0481FA,,3.0 HPI TurboDiesel,engine_type was junk '1.6 e (corr.)',
F1CE0481B,,3.0 HPI TurboDiesel,engine_type was junk '1.6 e (corr.)',
4HH(P22DTE),,2.2 16v HDi TurboDiesel,engine_type was junk '1.0 1020'; 4HH/P22DTE = 2.2 HDi 2198cc,
variant#10811,,,E18NVR wrong attachment quarantined,Volkswagen Voyage 101hp
variant#12861,,,E18NVR wrong attachment quarantined,Alpina B3 Convertible (E46) 280hp
variant#13246,,,E18NVR wrong attachment quarantined,Alpina B3 (E46) 280hp
variant#13247,,,E18NVR wrong attachment quarantined,Alpina B3 Estate (E46) 280hp
variant#15974,,,E18NVR wrong attachment quarantined,hernr_2589 LANDWIND 125hp
variant#15995,,,E18NVR wrong attachment quarantined,hernr_1506 HUMMER H3 220hp
variant#18987,,,E18NVR wrong attachment quarantined,Chevrolet Colorado 223hp
variant#18991,,,E18NVR wrong attachment quarantined,Chevrolet Suburban 284hp
variant#18993,,,E18NVR wrong attachment quarantined,Chevrolet Suburban 345hp
variant#18995,,,E18NVR wrong attachment quarantined,Chevrolet Uplander 203hp
variant#19170,,,E18NVR wrong attachment quarantined,Chevrolet Avalanche 299hp
variant#19174,,,E18NVR wrong attachment quarantined,Chevrolet Colorado 189hp
variant#19176,,,E18NVR wrong attachment quarantined,Chevrolet Colorado 246hp
variant#19804,,,E18NVR wrong attachment quarantined,Chevrolet Avalanche 309hp
