old_brand,new_brand,variants_moved,evidence
hernr_124,Zastava,3,"Koral = TU1JP/128A.064 (kmotorshop ZASTAVA KORAL 1.1); ""10 (188)"" = Zastava 10 (Fiat Punto 188 clone)"
hernr_171,Santana,3,PS10/ANIBAL = Santana Anibal w/ Iveco 8140.43; 300/350 = Santana 350 w/ DV6ATED4
hernr_178,Tata,9,INDICA/INDIGO/SAFARI/XENON/ARIA are Tata models
hernr_181,Piaggio,18,PORTER/APE/QUARGO/M500 = Piaggio commercial vehicles
hernr_609,AC,2,COBRA Mk IV (291N) 2008 LS3/LS9 = AC Cars
hernr_694,Renault Trucks,15,MASCOTT = Renault Trucks Mascott
hernr_701,Lamborghini,11,GALLARDO/MURCIÉLAGO/AVENTADOR
hernr_705,Rolls-Royce,9,PHANTOM/GHOST/WRAITH/PARK WARD/CORNICHE
hernr_774,Pontiac,1,SOLSTICE = Pontiac Solstice
hernr_775,Daewoo,10,LANOS Hatchback/Saloon = Daewoo Lanos
hernr_788,Bugatti,2,VEYRON EB 16.4
hernr_802,Lotus,25,ELISE/EXIGE/EVORA/EUROPA/2-ELEVEN
hernr_803,Morgan,15,AERO 8/PLUS FOUR/ROADSTER
hernr_815,Bentley,15,CONTINENTAL/ARNAGE/MULSANNE/AZURE
hernr_907,Westfield,9,"SEVEN with Ford FYDA/Vauxhall Z16LER engines + XTR with Audi TT 1.8T AMU 224hp = Westfield XTR4 (diseno-art.com, wikipedia Westfield XTR2)"
hernr_1138,Smart,63,FORTWO/FORFOUR/CABRIO 450/CROSSBLADE
hernr_1139,ZAZ,11,SLAVUTA/FORZA/VIDA/LANOS PICK-UP = ZAZ (Zaporozhia)
hernr_1280,Mahindra,8,BOLERO/SCORPIO/MAXX/QUADRO
hernr_1480,Aixam,1,A.751 0.5D 14hp Z482 = Aixam A.751 quadricycle (smallcarsclub.com)
hernr_1490,Caterham,1,"SEVEN (CF) 2.0T 204hp - (CF) is Caterham chassis code in TecDoc catalogs (autodoc.co.uk ""Caterham Seven (CF)"")"
hernr_1505,Acura,20,MDX/TL/RL/RSX/CL/RDX
hernr_1506,Hummer,8,HUMMER H2/H3
hernr_1513,Ligier,4,BE UP + NOVA with Lombardini LDW502 = Ligier microcars (Wikipedia Ligier)
hernr_1516,Marcos,2,TS250 2.5 V6 180hp + TS500 5.0 V8 320hp = Marcos TS250/TS500 (carthrottle.com)
hernr_1518,McLaren,4,MP4/650S
hernr_1520,Metrocab,1,TAXI 2.4TD 2L-T 90hp 2001 = MCW Metrocab TTT (Wikipedia MCW Metrocab: Toyota 2L-T 2446cc 90PS)
hernr_1526,Infiniti,37,G/M/EX/FX/QX
hernr_1533,Perodua,15,KANCIL/KELISA/MYVI/VIVA/AXIA/ALZA/KENARI
hernr_1553,UAZ,9,HUNTER (3151)/PATRIOT/PICKUP (2360)/2206
hernr_1556,Venturi,3,FETISH/ASTROLAB/AMERICA
hernr_1558,Wiesmann,12,GT MF3/MF4/MF5 Roadsters/Coupes
hernr_2164,Maybach,5,MAYBACH (240_) 57/62
hernr_2242,LDV,1,"FORA 2.5D VM40C 120hp = Fargo Fora, the Turkish-market LDV Maxus (Wikipedia LDV Maxus)"
hernr_2589,Landwind,5,LANDWIND SUV = Jiangling Landwind
hernr_2590,Geely,54,BL/CK/HQ/MR/PU/MK/PANDA/VISION/URBAN NANNY = Geely; HISOON/MARINDO = Shanghai Maple (Geely sub-brand) (automobile.fandom.com Geely)
hernr_2755,Spyker,4,C8/C12
hernr_2760,KTM,2,X-BOW
hernr_2852,Chana,2,"CV6 = Chana Era CV6/Benni 1.3 86hp JL474Q2 + STAR pickup (auta5p.eu, enginedesk.net)"
hernr_2855,Soueast,1,"DELICIA Bus 2.0 4G63S4M/4G64/EQ491i = Soueast Delica (ebay part listing ""DONGNAN SOUEAST DELICIA BUS 4G63-S4M, 4G64-S4M, EQ491i"")"
hernr_2857,Eunos,1,"800 Saloon (E65, TA) 2.5 V6 2497cc 163hp = EUNOS 800 (JDM Mazda Xedos 9) - exact TecDoc listing (kmotorshop.com)"
hernr_2863,Dongfeng Fengxing,3,"FUTURE MPV 4G63/4G64/EQ491i 2001 = Dongfeng Fengxing Lingzhi, ""also known as Future"" (Wikipedia Dongfeng Liuzhou Motor)"
hernr_2864,Ford,15,FALCON/EVEREST/LASER/LYNX/I-MAX = Ford AU/TW models
hernr_2866,Hafei,1,SAIBAO 3 Saloon = Hafei Saibao
hernr_2867,Foton,32,ALPHA/AUMARK/FORLAND/SEA LION/T-SERIE/SUP = Foton commercial
hernr_2887,Chery,58,A1/A3/A5/TIGGO/E5/EASTAR/CRISTAL/FORWIN = Chery
hernr_2888,Jinbei,1,HAISE VI Bus = Jinbei Haise VI (Hiace clone)
hernr_2901,Dadi,17,"CITY COURSER/ELEGANTEST/PICK UP w/ 491QE,4G64S4M,4GZ4,4JB1 = Dadi (diycarserviceparts.com, autopartner.pl)"
hernr_2902,Gonow,6,"COXSWAIN/JETSTAR/KYLIN/TROY/VICTOR w/ JM491QME,GA491QE,4G64S4M,4JB1 = Gonow GA1020 platform (auto-che.com Gonow GA1020; karakorammotors.com Troy/Victor)"
hernr_2903,GWM,28,HOVER/COOLBEAR/DEER/FENGJUN/SAILING/SING/STEED/TENGYI (Voleex) = Great Wall Motor; consolidated with existing GWM brand
hernr_2904,Mitsuoka,16,GALUE/HIMIKO/NOUERA/OROCHI/RAY/RYOGA/VIEWT/LA SEYDE = Mitsuoka
hernr_2906,Baolong,3,"PEGASUS MPV 4G63/4G64/EQ491 = Guangzhou Baolong Pegasus, licensed Delica Space Gear (tractors.fandom.com Baolong Pegasus)"
hernr_3035,Volkswagen,2,TIGUAN CGM/CCZA 2.0 TSI = Chinese-market VW Tiguan (5N)
hernr_3047,Lti Vehicles,2,TX 2.5TD VM R425 DOHC 102hp + TX 2.4 4G69 152hp petrol = TX4 (Wikipedia TX4: VM R425 + China-market 4G69 152PS)
hernr_3070,Naza,6,CITRA/FORZA/RIA/SURIA/SUTERA = Naza (Malaysian Kia rebadges)
hernr_3071,BAW,2,"HAICE Bus 491QME 2.2 + YC4F9021 2.7D = BAW Haice minibus (cinaautoparts.com ""BAW haice bus"" 491QME/YC4F90-21)"
hernr_3076,Brilliance,2,"BS6 4G63 122hp/4G64 129hp = Brilliance BS6 (Zunchi/M1/""Galena"") (grokipedia Brilliance BS6)"
hernr_3086,Lifan,9,320/520/620/X60/FENGSHUN = Lifan
hernr_3122,BYD,21,F0/F3/F6/FLYER/G3/G6/M6 = BYD
hernr_3124,BMW,1,"5 SERIES (E60) 2.5 192hp, engine ""M54256S5"" = garbled BMW M54B25"
hernr_3127,Saipa,4,"PRIDE Hatchback/Saloon 1.4 97hp 2004 = Saipa Pride, Iranian Kia Pride continuation (autocade.net SAIPA Pride)"
hernr_3129,Honda,3,ODYSSEY MPV F23B/K24A6/K24Z2 = Chinese-market Honda Odyssey (Guangqi)
hernr_3130,Toyota,4,FJ CRUISER 1GR-FE + HIGHLANDER 1AR-FE/2GR-FE/3AR-FE = Chinese-market Toyota
hernr_3133,MG,1,7 2.5 V6 177hp 2497cc = MG7 2.5 V6 130kW (automobile-catalog.com MG MG7 2.5)
hernr_3137,Toyota,3,LAND CRUISER 200 1GR/2UZ + PRADO 1GR-FE = Chinese-market Toyota
hernr_3141,Nissan,13,TEANA (J31/J32)/TIIDA = Chinese-market Nissan
hernr_3156,Shuanghuan,1,SCEO Closed Off-Road Vehicle = Shuanghuan SCEO
hernr_3158,Golden Dragon,3,"XML bus w/ YC4F9023, 491QME, XC4G24 = Golden Dragon (金旅 XML6xxx, cn.auto-che.com)"
hernr_3208,Renault Samsung,3,QM5 = Renault Samsung QM5
hernr_3276,HSV,24,CLUBSPORT/AVALANCHE (VY/VZ/VE/VF) = Holden Special Vehicles
hernr_3297,Ford,5,FALCON Pickup/Saloon (BA/BF) = Ford Australia
hernr_3300,LDV,4,V80 Box/Bus = LDV Maxus V80
hernr_3332,Geely,6,EC 7 Saloon/RV = Geely Emgrand EC7
hernr_3495,Artega,1,GT 3.6 BWS 300hp = Artega GT (VW 3.6 VR6)
hernr_3497,Dr Motor,6,DR 1/DR 2/DR 5 = DR Automobiles (existing Dr Motor brand)
hernr_3514,Smart,1,"CITY EV 41hp 2007 + smart option text = smart fortwo electric drive 2007 London trial (41 hp magnetic motor, mbusa.com)"
hernr_3652,Huanghai,1,"PLUTUS 3.2D CA4DC2-10E3 = Huanghai Plutus pickup, FAW-Dachai 3.2 (Wikipedia Huanghai Plutus)"
hernr_3677,Inokom,2,LORIMAS 2.6D D4BB + HD 5000 3.9D D4DC = Inokom-assembled Hyundai trucks (paultan.org: Lorimas AU26)
hernr_3697,Geely,2,GX2 1.3/1.5 MR479Q/QN = Geely GX2 (Gleagle)
hernr_3742,Luxgen,1,"7 Closed Off-Road Vehicle 2.2T G22T 178hp = Luxgen 7 SUV (纳智捷大7 SUV G22T, haicj.com)"
hernr_3762,Besturn,1,B70 1.8 CA4GD5 139hp = FAW Besturn B70 1.8 (wikiwand Besturn B70)
hernr_3913,Haima,1,V10 1.0 75hp HMAGM10-VF = Haima mini (autohome.com.cn HMAGM10-VF)
hernr_4176,Higer,2,H5C 2.4 4RB2 + 2.5D DK4B1 = Higer H5C light bus (chinabuses.org)
hernr_4260,Renault Samsung,5,QM3/QM5/SM7 = Renault Samsung
Citroën,Citroen,486,mis-brand rename
Saic Mg,MG,4,mis-brand rename
SATURN,Saturn,79,mis-brand rename
SHELBY,Shelby,15,mis-brand rename
Jmc,JMC,1,mis-brand rename
Volga,GAZ,1,mis-brand rename
