variant_id,brand,model,year,old_engine_code,new_engine_code,fuel_fix,evidence
32850,Toyota,4Runner,2005,LEMON_TOYOTA_4RUNNER_4000CC_2005,1GR-FE,,4Runner 4.0 236-270hp [DB family]
32851,Toyota,4Runner,2005,LEMON_TOYOTA_4RUNNER_4700CC_2005,2UZ-FE,,4Runner 4.7 V8 [DB family]
32872,Toyota,4Runner,2006,LEMON_TOYOTA_4RUNNER_4000CC_2006,1GR-FE,,4Runner 4.0 236-270hp [DB family]
32873,Toyota,4Runner,2006,LEMON_TOYOTA_4RUNNER_4700CC_2006,2UZ-FE,,4Runner 4.7 V8 [DB family]
32892,Toyota,4Runner,2007,LEMON_TOYOTA_4RUNNER_4700CC_2007,2UZ-FE,,4Runner 4.7 V8 [DB family]
32893,Toyota,4Runner,2007,LEMON_TOYOTA_4RUNNER_4000CC_2007,1GR-FE,,4Runner 4.0 236-270hp [DB family]
32915,Toyota,4Runner,2008,LEMON_TOYOTA_4RUNNER_4000CC_2008,1GR-FE,,4Runner 4.0 236-270hp [DB family]
32916,Toyota,4Runner,2008,LEMON_TOYOTA_4RUNNER_4700CC_2008,2UZ-FE,,4Runner 4.7 V8 [DB family]
32939,Toyota,4Runner,2009,LEMON_TOYOTA_4RUNNER_4700CC_2009,2UZ-FE,,4Runner 4.7 V8 [DB family]
32940,Toyota,4Runner,2009,LEMON_TOYOTA_4RUNNER_4000CC_2009,1GR-FE,,4Runner 4.0 236-270hp [DB family]
27712,Toyota,4Runner,2015,LEMON_TOYOTA_4RUNNER_2015_4RUNNERLIMIT,1GR-FE,,4Runner trims 4.0 [DB family]
27713,Toyota,4Runner,2015,LEMON_TOYOTA_4RUNNER_2015_4RUNNERSR54W,1GR-FE,,4Runner trims 4.0 [DB family]
27715,Toyota,4Runner,2015,LEMON_TOYOTA_4RUNNER_2015_4RUNNERTRDPR,1GR-FE,,4Runner trims 4.0 [DB family]
27716,Toyota,4Runner,2015,LEMON_TOYOTA_4RUNNER_2015_4RUNNERSR5RW,1GR-FE,,4Runner trims 4.0 [DB family]
27717,Toyota,4Runner,2015,LEMON_TOYOTA_4RUNNER_2015_4RUNNERTRAIL,1GR-FE,,4Runner trims 4.0 [DB family]
29001,Toyota,4Runner,2016,LEMON_TOYOTA_4RUNNER_2016,1GR-FE,,4Runner 4.0 only (5th gen) [DB family]
29027,Toyota,4Runner,2017,LEMON_TOYOTA_4RUNNER_2017,1GR-FE,,4Runner 4.0 only (5th gen) [DB family]
39605,Toyota,4Runner,2018,LEMON_TOYOTA_4RUNNER_2018,1GR-FE,,4Runner 4.0 only (5th gen) [DB family]
39632,Toyota,4Runner,2019,LEMON_TOYOTA_4RUNNER_2019,1GR-FE,,4Runner 4.0 only (5th gen) [DB family]
39660,Toyota,4Runner,2020,LEMON_TOYOTA_4RUNNER_2020,1GR-FE,,4Runner 4.0 only (5th gen) [DB family]
39689,Toyota,4Runner,2022,LEMON_TOYOTA_4RUNNER_2022,1GR-FE,,4Runner 4.0 only (5th gen) [DB family]
39724,Toyota,4Runner,2023,LEMON_TOYOTA_4RUNNER_2023,1GR-FE,,4Runner 4.0 only (5th gen) [DB family]
39762,Toyota,4Runner,2024,LEMON_TOYOTA_4RUNNER_2024,1GR-FE,,4Runner 4.0 only (5th gen) [DB family]
39807,Toyota,4Runner,2025,LEMON_TOYOTA_4RUNNER_2400CC_VINA_2025,T24A-FTS,,2025 4Runner (new gen) 2.4T i-FORCE 278hp (VIN A/B; MAX hybrid shares engine) [NEW]
39808,Toyota,4Runner,2025,LEMON_TOYOTA_4RUNNER_2025,T24A-FTS,,2025 4Runner 2.4T only (i-FORCE / MAX hybrid share engine) [NEW]
39809,Toyota,4Runner,2025,LEMON_TOYOTA_4RUNNER_2400CC_VINB_2025,T24A-FTS,,2025 4Runner (new gen) 2.4T i-FORCE 278hp (VIN A/B; MAX hybrid shares engine) [NEW]
29028,Toyota,86,2017,LEMON_TOYOTA_86_2017,FA20,,86 2.0 boxer 200/205hp [DB family]
39606,Toyota,86,2018,LEMON_TOYOTA_86_2018,FA20,,86 2.0 boxer 200/205hp [DB family]
39633,Toyota,86,2019,LEMON_TOYOTA_86_2019,FA20,,86 2.0 boxer 200/205hp [DB family]
39661,Toyota,86,2020,LEMON_TOYOTA_86_2020,FA20,,86 2.0 boxer 200/205hp [DB family]
32852,Toyota,Avalon,2005,LEMON_TOYOTA_AVALON_2005,2GR-FE,,Avalon 3.5 only (XX30) [DB family]
32874,Toyota,Avalon,2006,LEMON_TOYOTA_AVALON_2006,2GR-FE,,Avalon 3.5 only (XX30) [DB family]
32894,Toyota,Avalon,2007,LEMON_TOYOTA_AVALON_2007,2GR-FE,,Avalon 3.5 only (XX30) [DB family]
32917,Toyota,Avalon,2008,LEMON_TOYOTA_AVALON_2008,2GR-FE,,Avalon 3.5 only (XX30) [DB family]
32941,Toyota,Avalon,2009,LEMON_TOYOTA_AVALON_2009,2GR-FE,,Avalon 3.5 only (XX30) [DB family]
27714,Toyota,Avalon,2015,LEMON_TOYOTA_AVALON_2500CC_2015,2ZR-FXE,Hybrid,Avalon Hybrid 2.5 (system 200hp) [DB family]
27718,Toyota,Avalon,2015,LEMON_TOYOTA_AVALON_3500CC_2015,2GR-FE,,Avalon 3.5 268hp [DB family]
29002,Toyota,Avalon,2016,LEMON_TOYOTA_AVALON_2500CC_2016,2ZR-FXE,Hybrid,Avalon Hybrid 2.5 (system 200hp) [DB family]
29003,Toyota,Avalon,2016,LEMON_TOYOTA_AVALON_3500CC_2016,2GR-FE,,Avalon 3.5 268hp [DB family]
29029,Toyota,Avalon,2017,LEMON_TOYOTA_AVALON_3500CC_2017,2GR-FE,,Avalon 3.5 268hp [DB family]
29030,Toyota,Avalon,2017,LEMON_TOYOTA_AVALON_2500CC_2017,2ZR-FXE,Hybrid,Avalon Hybrid 2.5 (system 200hp) [DB family]
39607,Toyota,Avalon,2018,LEMON_TOYOTA_AVALON_2500CC_2018,2ZR-FXE,Hybrid,Avalon Hybrid 2.5 (system 200hp) [DB family]
39608,Toyota,Avalon,2018,LEMON_TOYOTA_AVALON_3500CC_2018,2GR-FE,,Avalon 3.5 268hp [DB family]
39634,Toyota,Avalon,2019,LEMON_TOYOTA_AVALON_2500CC_2019,A25A-FXS,Hybrid,Avalon Hybrid (system 215hp) [DB family]
39635,Toyota,Avalon,2019,LEMON_TOYOTA_AVALON_3500CC_2019,2GR-FKS,,Avalon 3.5 301hp [NEW 2GR-FKS]
39662,Toyota,Avalon,2020,LEMON_TOYOTA_AVALON_2500CC_2020,A25A-FXS,Hybrid,Avalon Hybrid (system 215hp) [DB family]
39663,Toyota,Avalon,2020,LEMON_TOYOTA_AVALON_3500CC_2020,2GR-FKS,,Avalon 3.5 301hp [NEW 2GR-FKS]
39690,Toyota,Avalon,2022,LEMON_TOYOTA_AVALON_2500CC_2022,A25A-FXS,Hybrid,Avalon Hybrid (system 215hp) [DB family]
39691,Toyota,Avalon,2022,LEMON_TOYOTA_AVALON_3500CC_2022,2GR-FKS,,Avalon 3.5 301hp [NEW 2GR-FKS]
39609,Toyota,C-HR,2018,LEMON_TOYOTA_C_HR_2018,3ZR-FE,,C-HR 2.0 144hp US [DB family]
39636,Toyota,C-HR,2019,LEMON_TOYOTA_C_HR_2019,3ZR-FE,,C-HR 2.0 144hp US [DB family]
39664,Toyota,C-HR,2020,LEMON_TOYOTA_C_HR_2020,3ZR-FE,,C-HR 2.0 144hp US [DB family]
39692,Toyota,C-HR,2022,LEMON_TOYOTA_C_HR_2022,3ZR-FE,,C-HR 2.0 144hp US [DB family]
32853,Toyota,Camry,2005,LEMON_TOYOTA_CAMRY_2400CC_2005,2AZ-FE,,Camry 2.4 [DB family]
32854,Toyota,Camry,2005,LEMON_TOYOTA_CAMRY_3000CC_2005,1MZ-FE,,Camry 3.0 V6 (late 1MZ) [DB family]
32855,Toyota,Camry,2005,LEMON_TOYOTA_CAMRY_3300CC_2005,3MZ-FE,,Camry 3.3 V6 210hp [DB family]
32875,Toyota,Camry,2006,LEMON_TOYOTA_CAMRY_2400CC_2006,2AZ-FE,,Camry 2.4 [DB family]
32876,Toyota,Camry,2006,LEMON_TOYOTA_CAMRY_3000CC_2006,1MZ-FE,,Camry 3.0 V6 (late 1MZ) [DB family]
32877,Toyota,Camry,2006,LEMON_TOYOTA_CAMRY_3300CC_2006,3MZ-FE,,Camry 3.3 V6 210hp [DB family]
32895,Toyota,Camry,2007,LEMON_TOYOTA_CAMRY_2400CC_2007,2AZ-FE,,Camry 2.4 [DB family]
32896,Toyota,Camry,2007,LEMON_TOYOTA_CAMRY_3500CC_2007,2GR-FE,,Camry 3.5 268hp [DB family]
32897,Toyota,Camry,2007,LEMON_TOYOTA_CAMRY_3300CC_2007,3MZ-FE,,Camry 3.3 V6 210hp [DB family]
32918,Toyota,Camry,2008,LEMON_TOYOTA_CAMRY_2400CC_2008,2AZ-FE,,Camry 2.4 [DB family]
32919,Toyota,Camry,2008,LEMON_TOYOTA_CAMRY_3500CC_2008,2GR-FE,,Camry 3.5 268hp [DB family]
32920,Toyota,Camry,2008,LEMON_TOYOTA_CAMRY_3300CC_2008,3MZ-FE,,Camry 3.3 V6 210hp [DB family]
32942,Toyota,Camry,2009,LEMON_TOYOTA_CAMRY_2400CC_2009,2AZ-FE,,Camry 2.4 [DB family]
32943,Toyota,Camry,2009,LEMON_TOYOTA_CAMRY_3500CC_2009,2GR-FE,,Camry 3.5 268hp [DB family]
27721,Toyota,Camry,2015,LEMON_TOYOTA_CAMRY_3500CC_VINK_2015,2GR-FE,,Camry 3.5 (VIN K) [DB family]
29006,Toyota,Camry,2016,LEMON_TOYOTA_CAMRY_3500CC_VINK_2016,2GR-FE,,Camry 3.5 (VIN K) [DB family]
29033,Toyota,Camry,2017,LEMON_TOYOTA_CAMRY_3500CC_VINK_2017,2GR-FE,,Camry 3.5 (VIN K) [DB family]
39612,Toyota,Camry,2018,LEMON_TOYOTA_CAMRY_3500CC_VINZ_2018,2GR-FKS,,Camry 3.5 301hp (VIN Z) [NEW 2GR-FKS]
39637,Toyota,Camry,2019,LEMON_TOYOTA_CAMRY_2500CC_2019,A25A-FXS,Hybrid,Camry Hybrid (system 208hp) [DB family]
39638,Toyota,Camry,2019,LEMON_TOYOTA_CAMRY_2500CC_VIN1_2019,A25A-FXS,Hybrid,Camry Hybrid (system 208hp) [DB family]
39640,Toyota,Camry,2019,LEMON_TOYOTA_CAMRY_2500CC_VIN6_2019,A25A-FXS,Hybrid,Camry Hybrid (system 208hp) [DB family]
39641,Toyota,Camry,2019,LEMON_TOYOTA_CAMRY_3500CC_VINZ_2019,2GR-FKS,,Camry 3.5 301hp (VIN Z) [NEW 2GR-FKS]
39665,Toyota,Camry,2020,LEMON_TOYOTA_CAMRY_2500CC_2020,A25A-FXS,Hybrid,Camry Hybrid (system 208hp) [DB family]
39666,Toyota,Camry,2020,LEMON_TOYOTA_CAMRY_3500CC_2020,2GR-FKS,,Camry 3.5 301hp (VIN Z) [NEW 2GR-FKS]
39667,Toyota,Camry,2020,LEMON_TOYOTA_CAMRY_2500CC_VIN1_2020,A25A-FXS,Hybrid,Camry Hybrid (system 208hp) [DB family]
39668,Toyota,Camry,2020,LEMON_TOYOTA_CAMRY_3500CC_VINZ_2020,2GR-FKS,,Camry 3.5 301hp (VIN Z) [NEW 2GR-FKS]
39669,Toyota,Camry,2020,LEMON_TOYOTA_CAMRY_2500CC_VIN6_2020,A25A-FXS,Hybrid,Camry Hybrid (system 208hp) [DB family]
39693,Toyota,Camry,2022,LEMON_TOYOTA_CAMRY_2500CC_2022,A25A-FXS,Hybrid,Camry Hybrid (system 208hp) [DB family]
39694,Toyota,Camry,2022,LEMON_TOYOTA_CAMRY_3500CC_2022,2GR-FKS,,Camry 3.5 301hp (VIN Z) [NEW 2GR-FKS]
39695,Toyota,Camry,2022,LEMON_TOYOTA_CAMRY_2500CC_VIN1_2022,A25A-FXS,Hybrid,Camry Hybrid (system 208hp) [DB family]
39696,Toyota,Camry,2022,LEMON_TOYOTA_CAMRY_3500CC_VINZ_2022,2GR-FKS,,Camry 3.5 301hp (VIN Z) [NEW 2GR-FKS]
39697,Toyota,Camry,2022,LEMON_TOYOTA_CAMRY_2500CC_VIN6_2022,A25A-FXS,Hybrid,Camry Hybrid (system 208hp) [DB family]
39725,Toyota,Camry,2023,LEMON_TOYOTA_CAMRY_2500CC_2023,A25A-FXS,Hybrid,Camry Hybrid (system 208hp) [DB family]
39726,Toyota,Camry,2023,LEMON_TOYOTA_CAMRY_3500CC_2023,2GR-FKS,,Camry 3.5 301hp (VIN Z) [NEW 2GR-FKS]
39727,Toyota,Camry,2023,LEMON_TOYOTA_CAMRY_2500CC_VIN1_2023,A25A-FXS,Hybrid,Camry Hybrid (system 208hp) [DB family]
39728,Toyota,Camry,2023,LEMON_TOYOTA_CAMRY_3500CC_VINZ_2023,2GR-FKS,,Camry 3.5 301hp (VIN Z) [NEW 2GR-FKS]
39729,Toyota,Camry,2023,LEMON_TOYOTA_CAMRY_2500CC_VIN6_2023,A25A-FXS,Hybrid,Camry Hybrid (system 208hp) [DB family]
39763,Toyota,Camry,2024,LEMON_TOYOTA_CAMRY_2500CC_2024,A25A-FXS,Hybrid,Camry Hybrid (system 208hp) [DB family]
39764,Toyota,Camry,2024,LEMON_TOYOTA_CAMRY_3500CC_2024,2GR-FKS,,Camry 3.5 301hp (VIN Z) [NEW 2GR-FKS]
39765,Toyota,Camry,2024,LEMON_TOYOTA_CAMRY_2500CC_VIN1_2024,A25A-FXS,Hybrid,Camry Hybrid (system 208hp) [DB family]
39766,Toyota,Camry,2024,LEMON_TOYOTA_CAMRY_3500CC_VINZ_2024,2GR-FKS,,Camry 3.5 301hp (VIN Z) [NEW 2GR-FKS]
39767,Toyota,Camry,2024,LEMON_TOYOTA_CAMRY_2500CC_VIN6_2024,A25A-FXS,Hybrid,Camry Hybrid (system 208hp) [DB family]
39810,Toyota,Camry,2025,LEMON_TOYOTA_CAMRY_2500CC_VINA_2025,A25A-FXS,Hybrid,2025 Camry all-hybrid 225/232hp (VIN A/B) [CAMRY2025]
39811,Toyota,Camry,2025,LEMON_TOYOTA_CAMRY_2500CC_VINB_2025,A25A-FXS,Hybrid,2025 Camry all-hybrid 225/232hp (VIN A/B) [CAMRY2025]
32856,Toyota,Celica,2005,LEMON_TOYOTA_CELICA_2005,2ZZ-GE,,Celica GTS 1.8 180hp (last year) [DB family]
32857,Toyota,Corolla,2005,LEMON_TOYOTA_COROLLA_2005,1ZZ-FE,,Corolla 1.8 130hp [DB family]
32878,Toyota,Corolla,2006,LEMON_TOYOTA_COROLLA_2006,1ZZ-FE,,Corolla 1.8 130hp [DB family]
32898,Toyota,Corolla,2007,LEMON_TOYOTA_COROLLA_2007,1ZZ-FE,,Corolla 1.8 130hp [DB family]
32921,Toyota,Corolla,2008,LEMON_TOYOTA_COROLLA_2008,1ZZ-FE,,Corolla 1.8 130hp [DB family]
32944,Toyota,Corolla,2009,LEMON_TOYOTA_COROLLA_1800CC_2009,2ZR-FE,,Corolla 1.8 132hp [DB family]
32945,Toyota,Corolla,2009,LEMON_TOYOTA_COROLLA_2400CC_2009,2AZ-FE,,Corolla XRS 2.4 158hp [DB family]
27722,Toyota,Corolla,2015,LEMON_TOYOTA_COROLLA_2015_COROLLALAUTO,2ZR-FE,,Corolla 1.8 trims [DB family]
27723,Toyota,Corolla,2015,LEMON_TOYOTA_COROLLA_2015_COROLLALSTAN,2ZR-FE,,Corolla 1.8 trims [DB family]
27724,Toyota,Corolla,2015,LEMON_TOYOTA_COROLLA_2015_COROLLALE,2ZR-FE,,Corolla 1.8 trims [DB family]
27725,Toyota,Corolla,2015,LEMON_TOYOTA_COROLLA_2015_COROLLALEECO,2ZR-FE,,Corolla 1.8 trims [DB family]
27726,Toyota,Corolla,2015,LEMON_TOYOTA_COROLLA_2015_COROLLASSTAN,2ZR-FE,,Corolla 1.8 trims [DB family]
27728,Toyota,Corolla,2015,LEMON_TOYOTA_COROLLA_2015_COROLLASAUTO,2ZR-FE,,Corolla 1.8 trims [DB family]
29007,Toyota,Corolla,2016,LEMON_TOYOTA_COROLLA_2016,2ZR-FE,,Corolla 1.8 [DB family]
29034,Toyota,Corolla,2017,LEMON_TOYOTA_COROLLA_2017,2ZR-FE,,Corolla 1.8 [DB family]
39613,Toyota,Corolla,2018,LEMON_TOYOTA_COROLLA_2018,2ZR-FE,,Corolla 1.8 [DB family]
39639,Toyota,Corolla,2019,LEMON_TOYOTA_COROLLA_1800CC_2019,2ZR-FE,,Corolla 1.8 139hp [DB family]
39642,Toyota,Corolla,2019,LEMON_TOYOTA_COROLLA_2000CC_2019,M20A-FKS,,Corolla hatch 2.0 168hp [NEW M20A-FKS]
39670,Toyota,Corolla,2020,LEMON_TOYOTA_COROLLA_1800CC_2020,2ZR-FE,,Corolla 1.8 139hp [DB family]
39671,Toyota,Corolla,2020,LEMON_TOYOTA_COROLLA_2000CC_2020,M20A-FKS,,Corolla hatch 2.0 168hp [NEW M20A-FKS]
39698,Toyota,Corolla,2022,LEMON_TOYOTA_COROLLA_1800CC_2022,2ZR-FE,,Corolla 1.8 139hp [DB family]
39699,Toyota,Corolla,2022,LEMON_TOYOTA_COROLLA_2000CC_2022,M20A-FKS,,Corolla hatch 2.0 168hp [NEW M20A-FKS]
39700,Toyota,Corolla,2022,LEMON_TOYOTA_COROLLA_2022,2ZR-FE,,Corolla 1.8 sedan [DB family]
39730,Toyota,Corolla,2023,LEMON_TOYOTA_COROLLA_1800CC_VINC_2023,2ZR-FE,,Corolla 1.8 139hp [DB family]
39731,Toyota,Corolla,2023,LEMON_TOYOTA_COROLLA_1800CC_VIND_2023,2ZR-FE,,Corolla 1.8 139hp [DB family]
39732,Toyota,Corolla,2023,LEMON_TOYOTA_COROLLA_1800CC_2023,2ZR-FE,,Corolla 1.8 139hp [DB family]
39733,Toyota,Corolla,2023,LEMON_TOYOTA_COROLLA_2000CC_2023,M20A-FKS,,Corolla hatch 2.0 168hp [NEW M20A-FKS]
39734,Toyota,Corolla,2023,LEMON_TOYOTA_COROLLA_2023,2ZR-FE,,Corolla 1.8 sedan [DB family]
39768,Toyota,Corolla,2024,LEMON_TOYOTA_COROLLA_1800CC_VINC_2024,2ZR-FE,,Corolla 1.8 139hp [DB family]
39769,Toyota,Corolla,2024,LEMON_TOYOTA_COROLLA_1800CC_VIND_2024,2ZR-FE,,Corolla 1.8 139hp [DB family]
39770,Toyota,Corolla,2024,LEMON_TOYOTA_COROLLA_2000CC_2024,M20A-FKS,,Corolla hatch 2.0 168hp [NEW M20A-FKS]
39771,Toyota,Corolla,2024,LEMON_TOYOTA_COROLLA_1800CC_2024,2ZR-FE,,Corolla 1.8 139hp [DB family]
39772,Toyota,Corolla,2024,LEMON_TOYOTA_COROLLA_2024,2ZR-FE,,Corolla 1.8 sedan [DB family]
39812,Toyota,Corolla,2025,LEMON_TOYOTA_COROLLA_2000CC_2025,M20A-FKS,,Corolla hatch 2.0 168hp [NEW M20A-FKS]
39813,Toyota,Corolla,2025,LEMON_TOYOTA_COROLLA_1800CC_VIND_2025,2ZR-FE,,Corolla 1.8 139hp [DB family]
39814,Toyota,Corolla,2025,LEMON_TOYOTA_COROLLA_1800CC_VINC_2025,2ZR-FE,,Corolla 1.8 139hp [DB family]
39815,Toyota,Corolla,2025,LEMON_TOYOTA_COROLLA_1800CC_2025,2ZR-FE,,Corolla 1.8 139hp [DB family]
39816,Toyota,Corolla,2025,LEMON_TOYOTA_COROLLA_2025,2ZR-FE,,Corolla 1.8 sedan [DB family]
39735,Toyota,Crown,2023,LEMON_TOYOTA_CROWN_2500CC_2023,A25A-FXS,Hybrid,Crown XLE/Limited 2.5 hybrid 236hp [CROWN]
39736,Toyota,Crown,2023,LEMON_TOYOTA_CROWN_2400CC_2023,T24A-FTS,Hybrid,Crown Platinum 2.4T MAX hybrid 340hp [CROWN]
39773,Toyota,Crown,2024,LEMON_TOYOTA_CROWN_2400CC_2024,T24A-FTS,Hybrid,Crown Platinum 2.4T MAX hybrid 340hp [CROWN]
39774,Toyota,Crown,2024,LEMON_TOYOTA_CROWN_2500CC_2024,A25A-FXS,Hybrid,Crown XLE/Limited 2.5 hybrid 236hp [CROWN]
39817,Toyota,Crown,2025,LEMON_TOYOTA_CROWN_2500CC_2025,A25A-FXS,Hybrid,Crown XLE/Limited 2.5 hybrid 236hp [CROWN]
39818,Toyota,Crown,2025,LEMON_TOYOTA_CROWN_2400CC_2025,T24A-FTS,Hybrid,Crown Platinum 2.4T MAX hybrid 340hp [CROWN]
32858,Toyota,Echo,2005,LEMON_TOYOTA_ECHO_2005,1NZ-FE,,Echo 1.5 108hp (last year) [DB family]
32899,Toyota,FJ,2007,LEMON_TOYOTA_FJ_2007,1GR-FE,,FJ Cruiser 4.0 239hp [DB family]
32922,Toyota,FJ,2008,LEMON_TOYOTA_FJ_2008,1GR-FE,,FJ Cruiser 4.0 239hp [DB family]
32946,Toyota,FJ,2009,LEMON_TOYOTA_FJ_2009,1GR-FE,,FJ Cruiser 4.0 239hp [DB family]
39737,Toyota,GR,2023,LEMON_TOYOTA_GR_2023,G16E-GTS,,GR Corolla 1.6T 300hp [GRH][NEW]
39775,Toyota,GR,2024,LEMON_TOYOTA_GR_2024,G16E-GTS,,GR Corolla 1.6T 300hp [GRH][NEW]
39820,Toyota,GR,2025,LEMON_TOYOTA_GR_2025,G16E-GTS,,GR Corolla 1.6T 300hp [GRH][NEW]
39701,Toyota,GR86,2022,LEMON_TOYOTA_GR86_2022,FA24,,GR86 2.4 228hp [GRH][NEW]
39738,Toyota,GR86,2023,LEMON_TOYOTA_GR86_2023,FA24,,GR86 2.4 228hp [GRH][NEW]
39776,Toyota,GR86,2024,LEMON_TOYOTA_GR86_2024,FA24,,GR86 2.4 228hp [GRH][NEW]
39821,Toyota,GR86,2025,LEMON_TOYOTA_GR86_2025,FA24,,GR86 2.4 228hp [GRH][NEW]
39777,Toyota,Grand,2024,LEMON_TOYOTA_GRAND_2500CC_2024,A25A-FXS,Hybrid,Grand Highlander Hybrid 2.5 245hp (VIN B/C) [DB family]
39778,Toyota,Grand,2024,LEMON_TOYOTA_GRAND_2400CC_2024,T24A-FTS,Hybrid,Grand Highlander Hybrid MAX 2.4T 362hp [CROWN family]
39779,Toyota,Grand,2024,LEMON_TOYOTA_GRAND_2500CC_VINB_2024,A25A-FXS,Hybrid,Grand Highlander Hybrid 2.5 245hp (VIN B/C) [DB family]
39780,Toyota,Grand,2024,LEMON_TOYOTA_GRAND_2500CC_VINC_2024,A25A-FXS,Hybrid,Grand Highlander Hybrid 2.5 245hp (VIN B/C) [DB family]
39822,Toyota,Grand,2025,LEMON_TOYOTA_GRAND_2500CC_2025,A25A-FXS,Hybrid,Grand Highlander Hybrid 2.5 245hp (VIN B/C) [DB family]
39823,Toyota,Grand,2025,LEMON_TOYOTA_GRAND_2400CC_2025,T24A-FTS,Hybrid,Grand Highlander Hybrid MAX 2.4T 362hp [CROWN family]
39824,Toyota,Grand,2025,LEMON_TOYOTA_GRAND_2500CC_VINB_2025,A25A-FXS,Hybrid,Grand Highlander Hybrid 2.5 245hp (VIN B/C) [DB family]
39825,Toyota,Grand,2025,LEMON_TOYOTA_GRAND_2500CC_VINC_2025,A25A-FXS,Hybrid,Grand Highlander Hybrid 2.5 245hp (VIN B/C) [DB family]
32859,Toyota,Highlander,2005,LEMON_TOYOTA_HIGHLANDER_2400CC_2005,2AZ-FE,,Highlander 2.4 base [DB family]
32860,Toyota,Highlander,2005,LEMON_TOYOTA_HIGHLANDER_3300CC_2005,3MZ-FE,,Highlander 3.3 [DB family]
32879,Toyota,Highlander,2006,LEMON_TOYOTA_HIGHLANDER_2400CC_2006,2AZ-FE,,Highlander 2.4 base [DB family]
32880,Toyota,Highlander,2006,LEMON_TOYOTA_HIGHLANDER_3300CC_2006,3MZ-FE,,Highlander 3.3 [DB family]
32900,Toyota,Highlander,2007,LEMON_TOYOTA_HIGHLANDER_2400CC_2007,2AZ-FE,,Highlander 2.4 base [DB family]
32901,Toyota,Highlander,2007,LEMON_TOYOTA_HIGHLANDER_3300CC_2007,3MZ-FE,,Highlander 3.3 [DB family]
32923,Toyota,Highlander,2008,LEMON_TOYOTA_HIGHLANDER_3500CC_2008,2GR-FE,,Highlander 3.5 270hp [DB family]
32924,Toyota,Highlander,2008,LEMON_TOYOTA_HIGHLANDER_3300CC_2008,3MZ-FE,,Highlander 3.3 (last year) [DB family]
32947,Toyota,Highlander,2009,LEMON_TOYOTA_HIGHLANDER_2700CC_2009,1AR-FE,,Highlander 2.7 187hp (VIN A) [DB family]
32948,Toyota,Highlander,2009,LEMON_TOYOTA_HIGHLANDER_3500CC_2009,2GR-FE,,Highlander 3.5 270hp [DB family]
32949,Toyota,Highlander,2009,LEMON_TOYOTA_HIGHLANDER_3300CC_2009,3MZ-FE,,Highlander 3.3 (last year) [DB family]
27727,Toyota,Highlander,2015,LEMON_TOYOTA_HIGHLANDER_3500CC_2015,2GR-FE,,Highlander 3.5 (VIN K) [DB family]
27729,Toyota,Highlander,2015,LEMON_TOYOTA_HIGHLANDER_2700CC_VINA_2015,1AR-FE,,Highlander 2.7 187hp (VIN A) [DB family]
27730,Toyota,Highlander,2015,LEMON_TOYOTA_HIGHLANDER_3500CC_VINK_2015,2GR-FE,,Highlander 3.5 (VIN K) [DB family]
29008,Toyota,Highlander,2016,LEMON_TOYOTA_HIGHLANDER_3500CC_2016,2GR-FE,,Highlander 3.5 (VIN K) [DB family]
29009,Toyota,Highlander,2016,LEMON_TOYOTA_HIGHLANDER_3500CC_VINK_2016,2GR-FE,,Highlander 3.5 (VIN K) [DB family]
29010,Toyota,Highlander,2016,LEMON_TOYOTA_HIGHLANDER_2700CC_VINA_2016,1AR-FE,,Highlander 2.7 187hp (VIN A) [DB family]
29035,Toyota,Highlander,2017,LEMON_TOYOTA_HIGHLANDER_3500CC_2017,2GR-FKS,,Highlander 3.5 295hp (VIN Z) [NEW 2GR-FKS]
29036,Toyota,Highlander,2017,LEMON_TOYOTA_HIGHLANDER_3500CC_VINZ_2017,2GR-FKS,,Highlander 3.5 295hp (VIN Z) [NEW 2GR-FKS]
29037,Toyota,Highlander,2017,LEMON_TOYOTA_HIGHLANDER_2700CC_VINA_2017,1AR-FE,,Highlander 2.7 187hp (VIN A) [DB family]
39614,Toyota,Highlander,2018,LEMON_TOYOTA_HIGHLANDER_3500CC_2018,2GR-FKS,,Highlander 3.5 295hp (VIN Z) [NEW 2GR-FKS]
39615,Toyota,Highlander,2018,LEMON_TOYOTA_HIGHLANDER_2700CC_VINA_2018,1AR-FE,,Highlander 2.7 187hp (VIN A) [DB family]
39616,Toyota,Highlander,2018,LEMON_TOYOTA_HIGHLANDER_3500CC_VINZ_2018,2GR-FKS,,Highlander 3.5 295hp (VIN Z) [NEW 2GR-FKS]
39643,Toyota,Highlander,2019,LEMON_TOYOTA_HIGHLANDER_3500CC_2019,2GR-FKS,,Highlander 3.5 295hp (VIN Z) [NEW 2GR-FKS]
39644,Toyota,Highlander,2019,LEMON_TOYOTA_HIGHLANDER_2700CC_VINA_2019,1AR-FE,,Highlander 2.7 187hp (VIN A) [DB family]
39645,Toyota,Highlander,2019,LEMON_TOYOTA_HIGHLANDER_3500CC_VINZ_2019,2GR-FKS,,Highlander 3.5 295hp (VIN Z) [NEW 2GR-FKS]
39672,Toyota,Highlander,2020,LEMON_TOYOTA_HIGHLANDER_2500CC_VINA_2020,A25A-FXS,Hybrid,Highlander Hybrid 2.5 243hp (VIN A/B) [DB family]
39673,Toyota,Highlander,2020,LEMON_TOYOTA_HIGHLANDER_2500CC_VINB_2020,A25A-FXS,Hybrid,Highlander Hybrid 2.5 243hp (VIN A/B) [DB family]
39674,Toyota,Highlander,2020,LEMON_TOYOTA_HIGHLANDER_3500CC_2020,2GR-FKS,,Highlander 3.5 [NEW 2GR-FKS]
39702,Toyota,Highlander,2022,LEMON_TOYOTA_HIGHLANDER_2500CC_VINA_2022,A25A-FXS,Hybrid,Highlander Hybrid 2.5 243hp (VIN A/B) [DB family]
39703,Toyota,Highlander,2022,LEMON_TOYOTA_HIGHLANDER_2500CC_VINB_2022,A25A-FXS,Hybrid,Highlander Hybrid 2.5 243hp (VIN A/B) [DB family]
39704,Toyota,Highlander,2022,LEMON_TOYOTA_HIGHLANDER_3500CC_2022,2GR-FKS,,Highlander 3.5 [NEW 2GR-FKS]
39739,Toyota,Highlander,2023,LEMON_TOYOTA_HIGHLANDER_2500CC_VINB_2023,A25A-FXS,Hybrid,Highlander Hybrid 2.5 243hp (VIN A/B) [DB family]
39740,Toyota,Highlander,2023,LEMON_TOYOTA_HIGHLANDER_2500CC_VINA_2023,A25A-FXS,Hybrid,Highlander Hybrid 2.5 243hp (VIN A/B) [DB family]
39741,Toyota,Highlander,2023,LEMON_TOYOTA_HIGHLANDER_2400CC_2023,T24A-FTS,,Highlander 2.4T 265hp gas [NEW]
39781,Toyota,Highlander,2024,LEMON_TOYOTA_HIGHLANDER_2500CC_VINA_2024,A25A-FXS,Hybrid,Highlander Hybrid 2.5 243hp (VIN A/B) [DB family]
39782,Toyota,Highlander,2024,LEMON_TOYOTA_HIGHLANDER_2500CC_VINB_2024,A25A-FXS,Hybrid,Highlander Hybrid 2.5 243hp (VIN A/B) [DB family]
39783,Toyota,Highlander,2024,LEMON_TOYOTA_HIGHLANDER_2400CC_2024,T24A-FTS,,Highlander 2.4T 265hp gas [NEW]
39826,Toyota,Highlander,2025,LEMON_TOYOTA_HIGHLANDER_2500CC_2025,A25A-FXS,Hybrid,Highlander Hybrid 2.5 243hp (VIN A/B) [DB family]
39827,Toyota,Highlander,2025,LEMON_TOYOTA_HIGHLANDER_2400CC_2025,T24A-FTS,,Highlander 2.4T 265hp gas [NEW]
32861,Toyota,Land Cruiser,2005,LEMON_TOYOTA_LAND_CRUISER_2005,2UZ-FE,,LC 100 series 4.7 [DB family]
32881,Toyota,Land Cruiser,2006,LEMON_TOYOTA_LAND_CRUISER_2006,2UZ-FE,,LC 100 series 4.7 [DB family]
32903,Toyota,Land Cruiser,2007,LEMON_TOYOTA_LAND_CRUISER_2007,2UZ-FE,,LC 100 series 4.7 [DB family]
32926,Toyota,Land Cruiser,2008,LEMON_TOYOTA_LAND_CRUISER_2008,3UR-FE,,LC 200 series 5.7 381hp [DB family]
32951,Toyota,Land Cruiser,2009,LEMON_TOYOTA_LAND_CRUISER_2009,3UR-FE,,LC 200 series 5.7 381hp [DB family]
27731,Toyota,Land Cruiser,2015,LEMON_TOYOTA_LAND_CRUISER_2015_LANDCRUISER4,3UR-FE,,LC 200 series 5.7 381hp [DB family]
27735,Toyota,Land Cruiser,2015,LEMON_TOYOTA_LAND_CRUISER_2015_LANDCRUISERA,3UR-FE,,LC 200 series 5.7 381hp [DB family]
29011,Toyota,Land Cruiser,2016,LEMON_TOYOTA_LAND_CRUISER_2016,3UR-FE,,LC 200 series 5.7 381hp [DB family]
29038,Toyota,Land Cruiser,2017,LEMON_TOYOTA_LAND_CRUISER_2017,3UR-FE,,LC 200 series 5.7 381hp [DB family]
39617,Toyota,Land Cruiser,2018,LEMON_TOYOTA_LAND_CRUISER_2018,3UR-FE,,LC 200 series 5.7 381hp [DB family]
39646,Toyota,Land Cruiser,2019,LEMON_TOYOTA_LAND_CRUISER_2019,3UR-FE,,LC 200 series 5.7 381hp [DB family]
39675,Toyota,Land Cruiser,2020,LEMON_TOYOTA_LAND_CRUISER_2020,3UR-FE,,LC 200 series 5.7 381hp [DB family]
39784,Toyota,Land Cruiser,2024,LEMON_TOYOTA_LAND_CRUISER_2024,T24A-FTS,Hybrid,LC 250 i-FORCE MAX hybrid only 326hp [LC2024][NEW]
39828,Toyota,Land Cruiser,2025,LEMON_TOYOTA_LAND_CRUISER_2025,T24A-FTS,Hybrid,LC 250 i-FORCE MAX hybrid only 326hp [LC2024][NEW]
32862,Toyota,MR2,2005,LEMON_TOYOTA_MR2_2005,1ZZ-FE,,MR2 Spyder 1.8 138hp (last year) [DB family]
32863,Toyota,Matrix,2005,LEMON_TOYOTA_MATRIX_2005,1ZZ-FE,,Matrix 1.8 base/XR (XRS 2ZZ minority) [DB family]
32882,Toyota,Matrix,2006,LEMON_TOYOTA_MATRIX_2006,1ZZ-FE,,Matrix 1.8 base/XR (XRS 2ZZ minority) [DB family]
32902,Toyota,Matrix,2007,LEMON_TOYOTA_MATRIX_2007,1ZZ-FE,,Matrix 1.8 base/XR (XRS 2ZZ minority) [DB family]
32925,Toyota,Matrix,2008,LEMON_TOYOTA_MATRIX_2008,1ZZ-FE,,Matrix 1.8 base/XR (XRS 2ZZ minority) [DB family]
32950,Toyota,Matrix,2009,LEMON_TOYOTA_MATRIX_1800CC_2009,2ZR-FE,,Matrix 1.8 132hp [DB family]
32952,Toyota,Matrix,2009,LEMON_TOYOTA_MATRIX_2400CC_2009,2AZ-FE,,Matrix XR/S 2.4 158hp [DB family]
29013,Toyota,Mirai,2016,LEMON_TOYOTA_MIRAI_2016,Mirai FCEV,Electric,Mirai hydrogen FCEV 151/182hp [NEW][fuel fix Electric]
29040,Toyota,Mirai,2017,LEMON_TOYOTA_MIRAI_2017,Mirai FCEV,Electric,Mirai hydrogen FCEV 151/182hp [NEW][fuel fix Electric]
39619,Toyota,Mirai,2018,LEMON_TOYOTA_MIRAI_2018,Mirai FCEV,Electric,Mirai hydrogen FCEV 151/182hp [NEW][fuel fix Electric]
39648,Toyota,Mirai,2019,LEMON_TOYOTA_MIRAI_2019,Mirai FCEV,Electric,Mirai hydrogen FCEV 151/182hp [NEW][fuel fix Electric]
39676,Toyota,Mirai,2020,LEMON_TOYOTA_MIRAI_2020,Mirai FCEV,Electric,Mirai hydrogen FCEV 151/182hp [NEW][fuel fix Electric]
39705,Toyota,Mirai,2022,LEMON_TOYOTA_MIRAI_2022,Mirai FCEV,Electric,Mirai hydrogen FCEV 151/182hp [NEW][fuel fix Electric]
39742,Toyota,Mirai,2023,LEMON_TOYOTA_MIRAI_2023,Mirai FCEV,Electric,Mirai hydrogen FCEV 151/182hp [NEW][fuel fix Electric]
39785,Toyota,Mirai,2024,LEMON_TOYOTA_MIRAI_2024,Mirai FCEV,Electric,Mirai hydrogen FCEV 151/182hp [NEW][fuel fix Electric]
32865,Toyota,Prius,2005,LEMON_TOYOTA_PRIUS_2005,1NZ-FXE,Hybrid,Prius gen2 1.5 hybrid (system 110hp) [DB family]
32883,Toyota,Prius,2006,LEMON_TOYOTA_PRIUS_2006,1NZ-FXE,Hybrid,Prius gen2 1.5 hybrid (system 110hp) [DB family]
32904,Toyota,Prius,2007,LEMON_TOYOTA_PRIUS_2007,1NZ-FXE,Hybrid,Prius gen2 1.5 hybrid (system 110hp) [DB family]
32927,Toyota,Prius,2008,LEMON_TOYOTA_PRIUS_2008,1NZ-FXE,Hybrid,Prius gen2 1.5 hybrid (system 110hp) [DB family]
32953,Toyota,Prius,2009,LEMON_TOYOTA_PRIUS_2009,1NZ-FXE,Hybrid,Prius gen2 1.5 hybrid (system 110hp) [DB family]
27732,Toyota,Prius,2015,LEMON_TOYOTA_PRIUS_2015_PRIUSFIVE,2ZR-FXE,Hybrid,Prius gen3 1.8 hybrid 134hp / Prius v / PHV [DB family]
27733,Toyota,Prius,2015,LEMON_TOYOTA_PRIUS_2015_PRIUSFOUR,2ZR-FXE,Hybrid,Prius gen3 1.8 hybrid 134hp / Prius v / PHV [DB family]
27734,Toyota,Prius,2015,LEMON_TOYOTA_PRIUS_2015_PRIUSONE,2ZR-FXE,Hybrid,Prius gen3 1.8 hybrid 134hp / Prius v / PHV [DB family]
27736,Toyota,Prius,2015,LEMON_TOYOTA_PRIUS_2015_PRIUSPERSONA,2ZR-FXE,Hybrid,Prius gen3 1.8 hybrid 134hp / Prius v / PHV [DB family]
27737,Toyota,Prius,2015,LEMON_TOYOTA_PRIUS_2015_PRIUSTHREE,2ZR-FXE,Hybrid,Prius gen3 1.8 hybrid 134hp / Prius v / PHV [DB family]
27738,Toyota,Prius,2015,LEMON_TOYOTA_PRIUS_2015_PRIUSPLUGIN,2ZR-FXE,Hybrid,Prius gen3 1.8 hybrid 134hp / Prius v / PHV [DB family]
27739,Toyota,Prius,2015,LEMON_TOYOTA_PRIUS_2015_PRIUSTWO,2ZR-FXE,Hybrid,Prius gen3 1.8 hybrid 134hp / Prius v / PHV [DB family]
27740,Toyota,Prius,2015,LEMON_TOYOTA_PRIUS_2015_PRIUSCONE,1NZ-FXE,Hybrid,Prius c 1.5 hybrid 99hp [DB family]
27741,Toyota,Prius,2015,LEMON_TOYOTA_PRIUS_2015_PRIUSCFOUR,1NZ-FXE,Hybrid,Prius c 1.5 hybrid 99hp [DB family]
27742,Toyota,Prius,2015,LEMON_TOYOTA_PRIUS_2015_PRIUSCTHREE,1NZ-FXE,Hybrid,Prius c 1.5 hybrid 99hp [DB family]
27743,Toyota,Prius,2015,LEMON_TOYOTA_PRIUS_2015_PRIUSVFOUR,2ZR-FXE,Hybrid,Prius gen3 1.8 hybrid 134hp / Prius v / PHV [DB family]
27744,Toyota,Prius,2015,LEMON_TOYOTA_PRIUS_2015_PRIUSVFIVE,2ZR-FXE,Hybrid,Prius gen3 1.8 hybrid 134hp / Prius v / PHV [DB family]
27745,Toyota,Prius,2015,LEMON_TOYOTA_PRIUS_2015_PRIUSCTWO,1NZ-FXE,Hybrid,Prius c 1.5 hybrid 99hp [DB family]
27746,Toyota,Prius,2015,LEMON_TOYOTA_PRIUS_2015_PRIUSVTHREE,2ZR-FXE,Hybrid,Prius gen3 1.8 hybrid 134hp / Prius v / PHV [DB family]
27747,Toyota,Prius,2015,LEMON_TOYOTA_PRIUS_2015_PRIUSVTWO,2ZR-FXE,Hybrid,Prius gen3 1.8 hybrid 134hp / Prius v / PHV [DB family]
29012,Toyota,Prius,2016,LEMON_TOYOTA_PRIUS_2016,2ZR-FXE,Hybrid,Prius gen4 1.8 hybrid 121hp [DB family]
29039,Toyota,Prius,2017,LEMON_TOYOTA_PRIUS_2017,2ZR-FXE,Hybrid,Prius gen4 1.8 hybrid 121hp [DB family]
39618,Toyota,Prius,2018,LEMON_TOYOTA_PRIUS_2018,2ZR-FXE,Hybrid,Prius gen4 1.8 hybrid 121hp [DB family]
39647,Toyota,Prius,2019,LEMON_TOYOTA_PRIUS_2019,2ZR-FXE,Hybrid,Prius gen4 1.8 hybrid 121hp [DB family]
39677,Toyota,Prius,2020,LEMON_TOYOTA_PRIUS_2020,2ZR-FXE,Hybrid,Prius gen4 1.8 hybrid 121hp [DB family]
39706,Toyota,Prius,2022,LEMON_TOYOTA_PRIUS_2022,2ZR-FXE,Hybrid,Prius gen4 1.8 hybrid 121hp [DB family]
39743,Toyota,Prius,2023,LEMON_TOYOTA_PRIUS_2023,M20A-FXS,Hybrid,Prius gen5 2.0 hybrid 194hp [PRIUSG5][NEW]
39786,Toyota,Prius,2024,LEMON_TOYOTA_PRIUS_2024,M20A-FXS,Hybrid,Prius gen5 2.0 hybrid 194hp [PRIUSG5][NEW]
39829,Toyota,Prius,2025,LEMON_TOYOTA_PRIUS_2025,M20A-FXS,Hybrid,Prius gen5 2.0 hybrid 194hp [PRIUSG5][NEW]
32864,Toyota,Rav4,2005,LEMON_TOYOTA_RAV4_2005,2AZ-FE,,RAV4 2.4 161hp [DB family]
32884,Toyota,Rav4,2006,LEMON_TOYOTA_RAV4_2400CC_2006,2AZ-FE,,RAV4 2.4 [DB family]
32885,Toyota,Rav4,2006,LEMON_TOYOTA_RAV4_3500CC_2006,2GR-FE,,RAV4 3.5 V6 269hp [DB family]
32905,Toyota,Rav4,2007,LEMON_TOYOTA_RAV4_2400CC_2007,2AZ-FE,,RAV4 2.4 [DB family]
32906,Toyota,Rav4,2007,LEMON_TOYOTA_RAV4_3500CC_2007,2GR-FE,,RAV4 3.5 V6 269hp [DB family]
32928,Toyota,Rav4,2008,LEMON_TOYOTA_RAV4_2400CC_2008,2AZ-FE,,RAV4 2.4 [DB family]
32929,Toyota,Rav4,2008,LEMON_TOYOTA_RAV4_3500CC_2008,2GR-FE,,RAV4 3.5 V6 269hp [DB family]
32954,Toyota,Rav4,2009,LEMON_TOYOTA_RAV4_2500CC_2009,2AR-FE,,RAV4 2.5 179hp [DB family]
32955,Toyota,Rav4,2009,LEMON_TOYOTA_RAV4_3500CC_2009,2GR-FE,,RAV4 3.5 V6 269hp [DB family]
27748,Toyota,Rav4,2015,LEMON_TOYOTA_RAV4_2015_RAV4LEAWD,2AR-FE,,RAV4 2.5 (incl. 2015 trims) [DB family]
27749,Toyota,Rav4,2015,LEMON_TOYOTA_RAV4_2015_RAV4LIMITEDA,2AR-FE,,RAV4 2.5 (incl. 2015 trims) [DB family]
27750,Toyota,Rav4,2015,LEMON_TOYOTA_RAV4_2015_RAV4LEFWD,2AR-FE,,RAV4 2.5 (incl. 2015 trims) [DB family]
27751,Toyota,Rav4,2015,LEMON_TOYOTA_RAV4_2015_RAV4XLEFWD,2AR-FE,,RAV4 2.5 (incl. 2015 trims) [DB family]
27752,Toyota,Rav4,2015,LEMON_TOYOTA_RAV4_2015_RAV4LIMITEDF,2AR-FE,,RAV4 2.5 (incl. 2015 trims) [DB family]
27753,Toyota,Rav4,2015,LEMON_TOYOTA_RAV4_2015_RAV4XLEAWD,2AR-FE,,RAV4 2.5 (incl. 2015 trims) [DB family]
29014,Toyota,Rav4,2016,LEMON_TOYOTA_RAV4_2016,2AR-FE,,RAV4 2.5 (incl. 2015 trims) [DB family]
29041,Toyota,Rav4,2017,LEMON_TOYOTA_RAV4_2017,2AR-FE,,RAV4 2.5 (incl. 2015 trims) [DB family]
39620,Toyota,Rav4,2018,LEMON_TOYOTA_RAV4_2018,2AR-FE,,RAV4 2.5 (incl. 2015 trims) [DB family]
39649,Toyota,Rav4,2019,LEMON_TOYOTA_RAV4_2019,A25A-FKS,,RAV4 gas 2.5 203hp [DB family]
39678,Toyota,Rav4,2020,LEMON_TOYOTA_RAV4_2020,A25A-FKS,,RAV4 gas 2.5 203hp [DB family]
39679,Toyota,Rav4,2020,LEMON_TOYOTA_RAV4_2500CC_VIN6_2020,A25A-FXS,Hybrid,RAV4 Hybrid 2.5 219hp (VIN 6/W) [DB family]
39680,Toyota,Rav4,2020,LEMON_TOYOTA_RAV4_2500CC_VINW_2020,A25A-FXS,Hybrid,RAV4 Hybrid 2.5 219hp (VIN 6/W) [DB family]
39707,Toyota,Rav4,2022,LEMON_TOYOTA_RAV4_2500CC_VIN6_2022,A25A-FXS,Hybrid,RAV4 Hybrid 2.5 219hp (VIN 6/W) [DB family]
39708,Toyota,Rav4,2022,LEMON_TOYOTA_RAV4_2022,A25A-FKS,,RAV4 gas 2.5 203hp [DB family]
39709,Toyota,Rav4,2022,LEMON_TOYOTA_RAV4_2500CC_VINW_2022,A25A-FXS,Hybrid,RAV4 Hybrid 2.5 219hp (VIN 6/W) [DB family]
39744,Toyota,Rav4,2023,LEMON_TOYOTA_RAV4_2023,A25A-FKS,,RAV4 gas 2.5 203hp [DB family]
39745,Toyota,Rav4,2023,LEMON_TOYOTA_RAV4_2500CC_VINW_2023,A25A-FXS,Hybrid,RAV4 Hybrid 2.5 219hp (VIN 6/W) [DB family]
39746,Toyota,Rav4,2023,LEMON_TOYOTA_RAV4_2500CC_VIN6_2023,A25A-FXS,Hybrid,RAV4 Hybrid 2.5 219hp (VIN 6/W) [DB family]
39787,Toyota,Rav4,2024,LEMON_TOYOTA_RAV4_2024,A25A-FKS,,RAV4 gas 2.5 203hp [DB family]
39788,Toyota,Rav4,2024,LEMON_TOYOTA_RAV4_2500CC_VIN6_2024,A25A-FXS,Hybrid,RAV4 Hybrid 2.5 219hp (VIN 6/W) [DB family]
39789,Toyota,Rav4,2024,LEMON_TOYOTA_RAV4_2500CC_VINW_2024,A25A-FXS,Hybrid,RAV4 Hybrid 2.5 219hp (VIN 6/W) [DB family]
39830,Toyota,Rav4,2025,LEMON_TOYOTA_RAV4_2500CC_VIN6_2025,A25A-FXS,Hybrid,RAV4 Hybrid 2.5 219hp (VIN 6/W) [DB family]
39831,Toyota,Rav4,2025,LEMON_TOYOTA_RAV4_2500CC_VINW_2025,A25A-FXS,Hybrid,RAV4 Hybrid 2.5 219hp (VIN 6/W) [DB family]
39832,Toyota,Rav4,2025,LEMON_TOYOTA_RAV4_2025,A25A-FKS,,RAV4 gas 2.5 203hp [DB family]
32866,Toyota,Sequoia,2005,LEMON_TOYOTA_SEQUOIA_2005,2UZ-FE,,Sequoia 4.7 [DB family]
32886,Toyota,Sequoia,2006,LEMON_TOYOTA_SEQUOIA_2006,2UZ-FE,,Sequoia 4.7 [DB family]
32907,Toyota,Sequoia,2007,LEMON_TOYOTA_SEQUOIA_2007,2UZ-FE,,Sequoia 4.7 [DB family]
32930,Toyota,Sequoia,2008,LEMON_TOYOTA_SEQUOIA_4700CC_2008,2UZ-FE,,Sequoia 4.7 [DB family]
32931,Toyota,Sequoia,2008,LEMON_TOYOTA_SEQUOIA_5700CC_2008,3UR-FE,,Sequoia 5.7 381hp (incl. VIN W/Y) [DB family]
32956,Toyota,Sequoia,2009,LEMON_TOYOTA_SEQUOIA_4700CC_2009,2UZ-FE,,Sequoia 4.7 [DB family]
32957,Toyota,Sequoia,2009,LEMON_TOYOTA_SEQUOIA_5700CC_2009,3UR-FE,,Sequoia 5.7 381hp (incl. VIN W/Y) [DB family]
27754,Toyota,Sequoia,2015,LEMON_TOYOTA_SEQUOIA_5700CC_VINW_2015,3UR-FE,,Sequoia 5.7 381hp (incl. VIN W/Y) [DB family]
27755,Toyota,Sequoia,2015,LEMON_TOYOTA_SEQUOIA_5700CC_VINY_2015,3UR-FE,,Sequoia 5.7 381hp (incl. VIN W/Y) [DB family]
29015,Toyota,Sequoia,2016,LEMON_TOYOTA_SEQUOIA_5700CC_VINW_2016,3UR-FE,,Sequoia 5.7 381hp (incl. VIN W/Y) [DB family]
29016,Toyota,Sequoia,2016,LEMON_TOYOTA_SEQUOIA_5700CC_VINY_2016,3UR-FE,,Sequoia 5.7 381hp (incl. VIN W/Y) [DB family]
29042,Toyota,Sequoia,2017,LEMON_TOYOTA_SEQUOIA_5700CC_VINY_2017,3UR-FE,,Sequoia 5.7 381hp (incl. VIN W/Y) [DB family]
29043,Toyota,Sequoia,2017,LEMON_TOYOTA_SEQUOIA_5700CC_VINW_2017,3UR-FE,,Sequoia 5.7 381hp (incl. VIN W/Y) [DB family]
39621,Toyota,Sequoia,2018,LEMON_TOYOTA_SEQUOIA_5700CC_VINW_2018,3UR-FE,,Sequoia 5.7 381hp (incl. VIN W/Y) [DB family]
39622,Toyota,Sequoia,2018,LEMON_TOYOTA_SEQUOIA_5700CC_VINY_2018,3UR-FE,,Sequoia 5.7 381hp (incl. VIN W/Y) [DB family]
39650,Toyota,Sequoia,2019,LEMON_TOYOTA_SEQUOIA_2019,3UR-FE,,Sequoia 5.7 only [DB family]
39681,Toyota,Sequoia,2020,LEMON_TOYOTA_SEQUOIA_2020,3UR-FE,,Sequoia 5.7 only [DB family]
39710,Toyota,Sequoia,2022,LEMON_TOYOTA_SEQUOIA_2022,V35A-FTS,Hybrid,Sequoia 3.4TT i-FORCE MAX hybrid only 437hp [SEQ2022][NEW]
39747,Toyota,Sequoia,2023,LEMON_TOYOTA_SEQUOIA_2023,V35A-FTS,Hybrid,Sequoia 3.4TT i-FORCE MAX hybrid only 437hp [SEQ2022][NEW]
39790,Toyota,Sequoia,2024,LEMON_TOYOTA_SEQUOIA_2024,V35A-FTS,Hybrid,Sequoia 3.4TT i-FORCE MAX hybrid only 437hp [SEQ2022][NEW]
39833,Toyota,Sequoia,2025,LEMON_TOYOTA_SEQUOIA_2025,V35A-FTS,Hybrid,Sequoia 3.4TT i-FORCE MAX hybrid only 437hp [SEQ2022][NEW]
32867,Toyota,Sienna,2005,LEMON_TOYOTA_SIENNA_2005,3MZ-FE,,Sienna 3.3 230hp [DB family]
32887,Toyota,Sienna,2006,LEMON_TOYOTA_SIENNA_2006,3MZ-FE,,Sienna 3.3 230hp [DB family]
32908,Toyota,Sienna,2007,LEMON_TOYOTA_SIENNA_2007,2GR-FE,,Sienna 3.5 266hp (incl. 2015 trims) [DB family]
32932,Toyota,Sienna,2008,LEMON_TOYOTA_SIENNA_2008,2GR-FE,,Sienna 3.5 266hp (incl. 2015 trims) [DB family]
32958,Toyota,Sienna,2009,LEMON_TOYOTA_SIENNA_2009,2GR-FE,,Sienna 3.5 266hp (incl. 2015 trims) [DB family]
27756,Toyota,Sienna,2015,LEMON_TOYOTA_SIENNA_2015_SIENNALVANCA,2GR-FE,,Sienna 3.5 266hp (incl. 2015 trims) [DB family]
27757,Toyota,Sienna,2015,LEMON_TOYOTA_SIENNA_2015_SIENNALVANPA,2GR-FE,,Sienna 3.5 266hp (incl. 2015 trims) [DB family]
27758,Toyota,Sienna,2015,LEMON_TOYOTA_SIENNA_2015_SIENNALEFWD,2GR-FE,,Sienna 3.5 266hp (incl. 2015 trims) [DB family]
27759,Toyota,Sienna,2015,LEMON_TOYOTA_SIENNA_2015_SIENNALEAWD,2GR-FE,,Sienna 3.5 266hp (incl. 2015 trims) [DB family]
27760,Toyota,Sienna,2015,LEMON_TOYOTA_SIENNA_2015_SIENNALIMITE,2GR-FE,,Sienna 3.5 266hp (incl. 2015 trims) [DB family]
27761,Toyota,Sienna,2015,LEMON_TOYOTA_SIENNA_2015_SIENNASE,2GR-FE,,Sienna 3.5 266hp (incl. 2015 trims) [DB family]
27762,Toyota,Sienna,2015,LEMON_TOYOTA_SIENNA_2015_SIENNAXLEAWD,2GR-FE,,Sienna 3.5 266hp (incl. 2015 trims) [DB family]
27763,Toyota,Sienna,2015,LEMON_TOYOTA_SIENNA_2015_SIENNAXLEFWD,2GR-FE,,Sienna 3.5 266hp (incl. 2015 trims) [DB family]
29017,Toyota,Sienna,2016,LEMON_TOYOTA_SIENNA_2016,2GR-FE,,Sienna 3.5 266hp (incl. 2015 trims) [DB family]
29044,Toyota,Sienna,2017,LEMON_TOYOTA_SIENNA_2017,2GR-FKS,,Sienna 3.5 296hp [NEW 2GR-FKS]
39623,Toyota,Sienna,2018,LEMON_TOYOTA_SIENNA_2018,2GR-FKS,,Sienna 3.5 296hp [NEW 2GR-FKS]
39651,Toyota,Sienna,2019,LEMON_TOYOTA_SIENNA_2019,2GR-FKS,,Sienna 3.5 296hp [NEW 2GR-FKS]
39682,Toyota,Sienna,2020,LEMON_TOYOTA_SIENNA_2020,2GR-FKS,,Sienna 3.5 296hp [NEW 2GR-FKS]
39711,Toyota,Sienna,2022,LEMON_TOYOTA_SIENNA_2500CC_VINR_2022,A25A-FXS,Hybrid,Sienna hybrid-only 245hp (VIN R/S) [SIENNA2021][DB family]
39712,Toyota,Sienna,2022,LEMON_TOYOTA_SIENNA_2500CC_VINS_2022,A25A-FXS,Hybrid,Sienna hybrid-only 245hp (VIN R/S) [SIENNA2021][DB family]
39713,Toyota,Sienna,2022,LEMON_TOYOTA_SIENNA_2022,A25A-FXS,Hybrid,Sienna hybrid-only [SIENNA2021]
39748,Toyota,Sienna,2023,LEMON_TOYOTA_SIENNA_2500CC_VINR_2023,A25A-FXS,Hybrid,Sienna hybrid-only 245hp (VIN R/S) [SIENNA2021][DB family]
39749,Toyota,Sienna,2023,LEMON_TOYOTA_SIENNA_2500CC_VINS_2023,A25A-FXS,Hybrid,Sienna hybrid-only 245hp (VIN R/S) [SIENNA2021][DB family]
39750,Toyota,Sienna,2023,LEMON_TOYOTA_SIENNA_2023,A25A-FXS,Hybrid,Sienna hybrid-only [SIENNA2021]
39791,Toyota,Sienna,2024,LEMON_TOYOTA_SIENNA_2500CC_VINR_2024,A25A-FXS,Hybrid,Sienna hybrid-only 245hp (VIN R/S) [SIENNA2021][DB family]
39792,Toyota,Sienna,2024,LEMON_TOYOTA_SIENNA_2500CC_VINS_2024,A25A-FXS,Hybrid,Sienna hybrid-only 245hp (VIN R/S) [SIENNA2021][DB family]
39794,Toyota,Sienna,2024,LEMON_TOYOTA_SIENNA_2024,A25A-FXS,Hybrid,Sienna hybrid-only [SIENNA2021]
39834,Toyota,Sienna,2025,LEMON_TOYOTA_SIENNA_2500CC_VINR_2025,A25A-FXS,Hybrid,Sienna hybrid-only 245hp (VIN R/S) [SIENNA2021][DB family]
39835,Toyota,Sienna,2025,LEMON_TOYOTA_SIENNA_2500CC_VINS_2025,A25A-FXS,Hybrid,Sienna hybrid-only 245hp (VIN R/S) [SIENNA2021][DB family]
39836,Toyota,Sienna,2025,LEMON_TOYOTA_SIENNA_2025,A25A-FXS,Hybrid,Sienna hybrid-only [SIENNA2021]
39683,Toyota,Supra,2020,LEMON_TOYOTA_SUPRA_2020,B58B30 (40i),,2020 Supra 3.0 B58 335hp [SUPRA][DB BMW family]
39714,Toyota,Supra,2022,LEMON_TOYOTA_SUPRA_2000CC_VIN2_2022,B48B20 (Supra 2.0),,Supra 2.0 B48 255hp (VIN 2) [SUPRA][NEW]
39715,Toyota,Supra,2022,LEMON_TOYOTA_SUPRA_3000CC_2022,B58B30 (M40i/M340i),,Supra 3.0 B58 382hp (2021+) [SUPRA][DB BMW family]
39716,Toyota,Supra,2022,LEMON_TOYOTA_SUPRA_3000CC_VIN0_2022,B58B30 (M40i/M340i),,Supra 3.0 B58 382hp (2021+) [SUPRA][DB BMW family]
39751,Toyota,Supra,2023,LEMON_TOYOTA_SUPRA_2000CC_VIN2_2023,B48B20 (Supra 2.0),,Supra 2.0 B48 255hp (VIN 2) [SUPRA][NEW]
39752,Toyota,Supra,2023,LEMON_TOYOTA_SUPRA_3000CC_2023,B58B30 (M40i/M340i),,Supra 3.0 B58 382hp (2021+) [SUPRA][DB BMW family]
39753,Toyota,Supra,2023,LEMON_TOYOTA_SUPRA_3000CC_VIN0_2023,B58B30 (M40i/M340i),,Supra 3.0 B58 382hp (2021+) [SUPRA][DB BMW family]
39793,Toyota,Supra,2024,LEMON_TOYOTA_SUPRA_3000CC_2024,B58B30 (M40i/M340i),,Supra 3.0 B58 382hp (2021+) [SUPRA][DB BMW family]
39795,Toyota,Supra,2024,LEMON_TOYOTA_SUPRA_2000CC_VIN2_2024,B48B20 (Supra 2.0),,Supra 2.0 B48 255hp (VIN 2) [SUPRA][NEW]
39796,Toyota,Supra,2024,LEMON_TOYOTA_SUPRA_3000CC_VIN0_2024,B58B30 (M40i/M340i),,Supra 3.0 B58 382hp (2021+) [SUPRA][DB BMW family]
39837,Toyota,Supra,2025,LEMON_TOYOTA_SUPRA_2025,B58B30 (M40i/M340i),,2025 Supra 3.0 382hp [SUPRA]
32868,Toyota,Tacoma,2005,LEMON_TOYOTA_TACOMA_2700CC_2005,2TR-FE,,Tacoma 2.7 159hp (VIN X) [DB family]
32869,Toyota,Tacoma,2005,LEMON_TOYOTA_TACOMA_4000CC_2005,1GR-FE,,Tacoma 4.0 236hp (VIN U) [DB family]
32888,Toyota,Tacoma,2006,LEMON_TOYOTA_TACOMA_2700CC_2006,2TR-FE,,Tacoma 2.7 159hp (VIN X) [DB family]
32889,Toyota,Tacoma,2006,LEMON_TOYOTA_TACOMA_4000CC_2006,1GR-FE,,Tacoma 4.0 236hp (VIN U) [DB family]
32909,Toyota,Tacoma,2007,LEMON_TOYOTA_TACOMA_2700CC_2007,2TR-FE,,Tacoma 2.7 159hp (VIN X) [DB family]
32910,Toyota,Tacoma,2007,LEMON_TOYOTA_TACOMA_4000CC_2007,1GR-FE,,Tacoma 4.0 236hp (VIN U) [DB family]
32933,Toyota,Tacoma,2008,LEMON_TOYOTA_TACOMA_2700CC_2008,2TR-FE,,Tacoma 2.7 159hp (VIN X) [DB family]
32934,Toyota,Tacoma,2008,LEMON_TOYOTA_TACOMA_4000CC_2008,1GR-FE,,Tacoma 4.0 236hp (VIN U) [DB family]
32959,Toyota,Tacoma,2009,LEMON_TOYOTA_TACOMA_2700CC_2009,2TR-FE,,Tacoma 2.7 159hp (VIN X) [DB family]
32960,Toyota,Tacoma,2009,LEMON_TOYOTA_TACOMA_4000CC_2009,1GR-FE,,Tacoma 4.0 236hp (VIN U) [DB family]
27764,Toyota,Tacoma,2015,LEMON_TOYOTA_TACOMA_2700CC_VINX_2015,2TR-FE,,Tacoma 2.7 159hp (VIN X) [DB family]
27765,Toyota,Tacoma,2015,LEMON_TOYOTA_TACOMA_4000CC_VINU_2015,1GR-FE,,Tacoma 4.0 236hp (VIN U) [DB family]
27766,Toyota,Tacoma,2015,LEMON_TOYOTA_TACOMA_4000CC_2015,1GR-FE,,Tacoma 4.0 236hp (VIN U) [DB family]
29018,Toyota,Tacoma,2016,LEMON_TOYOTA_TACOMA_3500CC_2016,2GR-FKS,,Tacoma 3.5 278hp (VIN Z) [NEW 2GR-FKS]
29019,Toyota,Tacoma,2016,LEMON_TOYOTA_TACOMA_3500CC_VINZ_2016,2GR-FKS,,Tacoma 3.5 278hp (VIN Z) [NEW 2GR-FKS]
29020,Toyota,Tacoma,2016,LEMON_TOYOTA_TACOMA_2700CC_VINX_2016,2TR-FE,,Tacoma 2.7 (VIN X) [DB family]
29045,Toyota,Tacoma,2017,LEMON_TOYOTA_TACOMA_3500CC_2017,2GR-FKS,,Tacoma 3.5 278hp (VIN Z) [NEW 2GR-FKS]
29046,Toyota,Tacoma,2017,LEMON_TOYOTA_TACOMA_2700CC_VINX_2017,2TR-FE,,Tacoma 2.7 (VIN X) [DB family]
29047,Toyota,Tacoma,2017,LEMON_TOYOTA_TACOMA_3500CC_VINZ_2017,2GR-FKS,,Tacoma 3.5 278hp (VIN Z) [NEW 2GR-FKS]
29048,Toyota,Tacoma,2017,LEMON_TOYOTA_TACOMA_2700CC_2017,2TR-FE,,Tacoma 2.7 (VIN X) [DB family]
39624,Toyota,Tacoma,2018,LEMON_TOYOTA_TACOMA_3500CC_2018,2GR-FKS,,Tacoma 3.5 278hp (VIN Z) [NEW 2GR-FKS]
39625,Toyota,Tacoma,2018,LEMON_TOYOTA_TACOMA_2700CC_VINX_2018,2TR-FE,,Tacoma 2.7 (VIN X) [DB family]
39626,Toyota,Tacoma,2018,LEMON_TOYOTA_TACOMA_2700CC_2018,2TR-FE,,Tacoma 2.7 (VIN X) [DB family]
39627,Toyota,Tacoma,2018,LEMON_TOYOTA_TACOMA_3500CC_VINZ_2018,2GR-FKS,,Tacoma 3.5 278hp (VIN Z) [NEW 2GR-FKS]
39652,Toyota,Tacoma,2019,LEMON_TOYOTA_TACOMA_3500CC_2019,2GR-FKS,,Tacoma 3.5 278hp (VIN Z) [NEW 2GR-FKS]
39653,Toyota,Tacoma,2019,LEMON_TOYOTA_TACOMA_2700CC_VINX_2019,2TR-FE,,Tacoma 2.7 (VIN X) [DB family]
39654,Toyota,Tacoma,2019,LEMON_TOYOTA_TACOMA_3500CC_VINZ_2019,2GR-FKS,,Tacoma 3.5 278hp (VIN Z) [NEW 2GR-FKS]
39684,Toyota,Tacoma,2020,LEMON_TOYOTA_TACOMA_3500CC_2020,2GR-FKS,,Tacoma 3.5 278hp (VIN Z) [NEW 2GR-FKS]
39685,Toyota,Tacoma,2020,LEMON_TOYOTA_TACOMA_2700CC_VINX_2020,2TR-FE,,Tacoma 2.7 (VIN X) [DB family]
39686,Toyota,Tacoma,2020,LEMON_TOYOTA_TACOMA_3500CC_VINZ_2020,2GR-FKS,,Tacoma 3.5 278hp (VIN Z) [NEW 2GR-FKS]
39717,Toyota,Tacoma,2022,LEMON_TOYOTA_TACOMA_3500CC_2022,2GR-FKS,,Tacoma 3.5 278hp (VIN Z) [NEW 2GR-FKS]
39718,Toyota,Tacoma,2022,LEMON_TOYOTA_TACOMA_2700CC_VINX_2022,2TR-FE,,Tacoma 2.7 (VIN X) [DB family]
39719,Toyota,Tacoma,2022,LEMON_TOYOTA_TACOMA_3500CC_VINZ_2022,2GR-FKS,,Tacoma 3.5 278hp (VIN Z) [NEW 2GR-FKS]
39754,Toyota,Tacoma,2023,LEMON_TOYOTA_TACOMA_3500CC_2023,2GR-FKS,,Tacoma 3.5 278hp (VIN Z) [NEW 2GR-FKS]
39755,Toyota,Tacoma,2023,LEMON_TOYOTA_TACOMA_2700CC_VINX_2023,2TR-FE,,Tacoma 2.7 (VIN X) [DB family]
39756,Toyota,Tacoma,2023,LEMON_TOYOTA_TACOMA_3500CC_VINZ_2023,2GR-FKS,,Tacoma 3.5 278hp (VIN Z) [NEW 2GR-FKS]
39797,Toyota,Tacoma,2024,LEMON_TOYOTA_TACOMA_2400CC_VINB_2024,T24A-FTS,,2024+ Tacoma 2.4T i-FORCE 228/270/278hp (VIN B-E; MAX 326hp shares engine) [NEW]
39798,Toyota,Tacoma,2024,LEMON_TOYOTA_TACOMA_2024,T24A-FTS,,2024+ Tacoma 2.4T only [NEW]
39799,Toyota,Tacoma,2024,LEMON_TOYOTA_TACOMA_2400CC_VINC_2024,T24A-FTS,,2024+ Tacoma 2.4T i-FORCE 228/270/278hp (VIN B-E; MAX 326hp shares engine) [NEW]
39800,Toyota,Tacoma,2024,LEMON_TOYOTA_TACOMA_2400CC_VIND_2024,T24A-FTS,,2024+ Tacoma 2.4T i-FORCE 228/270/278hp (VIN B-E; MAX 326hp shares engine) [NEW]
39801,Toyota,Tacoma,2024,LEMON_TOYOTA_TACOMA_2400CC_VINE_2024,T24A-FTS,,2024+ Tacoma 2.4T i-FORCE 228/270/278hp (VIN B-E; MAX 326hp shares engine) [NEW]
39838,Toyota,Tacoma,2025,LEMON_TOYOTA_TACOMA_2400CC_VINB_2025,T24A-FTS,,2024+ Tacoma 2.4T i-FORCE 228/270/278hp (VIN B-E; MAX 326hp shares engine) [NEW]
39839,Toyota,Tacoma,2025,LEMON_TOYOTA_TACOMA_2025,T24A-FTS,,2024+ Tacoma 2.4T only [NEW]
39840,Toyota,Tacoma,2025,LEMON_TOYOTA_TACOMA_2400CC_VIND_2025,T24A-FTS,,2024+ Tacoma 2.4T i-FORCE 228/270/278hp (VIN B-E; MAX 326hp shares engine) [NEW]
39841,Toyota,Tacoma,2025,LEMON_TOYOTA_TACOMA_2400CC_VINC_2025,T24A-FTS,,2024+ Tacoma 2.4T i-FORCE 228/270/278hp (VIN B-E; MAX 326hp shares engine) [NEW]
39842,Toyota,Tacoma,2025,LEMON_TOYOTA_TACOMA_2400CC_VINE_2025,T24A-FTS,,2024+ Tacoma 2.4T i-FORCE 228/270/278hp (VIN B-E; MAX 326hp shares engine) [NEW]
32870,Toyota,Tundra,2005,LEMON_TOYOTA_TUNDRA_4000CC_2005,1GR-FE,,Tundra 4.0 [DB family]
32871,Toyota,Tundra,2005,LEMON_TOYOTA_TUNDRA_4700CC_2005,2UZ-FE,,Tundra 4.7 [DB family]
32890,Toyota,Tundra,2006,LEMON_TOYOTA_TUNDRA_4700CC_2006,2UZ-FE,,Tundra 4.7 [DB family]
32891,Toyota,Tundra,2006,LEMON_TOYOTA_TUNDRA_4000CC_2006,1GR-FE,,Tundra 4.0 [DB family]
32911,Toyota,Tundra,2007,LEMON_TOYOTA_TUNDRA_4000CC_2007,1GR-FE,,Tundra 4.0 [DB family]
32912,Toyota,Tundra,2007,LEMON_TOYOTA_TUNDRA_4700CC_2007,2UZ-FE,,Tundra 4.7 [DB family]
32913,Toyota,Tundra,2007,LEMON_TOYOTA_TUNDRA_5700CC_2007,3UR-FE,,Tundra 5.7 381hp [DB family]
32935,Toyota,Tundra,2008,LEMON_TOYOTA_TUNDRA_4000CC_2008,1GR-FE,,Tundra 4.0 [DB family]
32936,Toyota,Tundra,2008,LEMON_TOYOTA_TUNDRA_4700CC_2008,2UZ-FE,,Tundra 4.7 [DB family]
32937,Toyota,Tundra,2008,LEMON_TOYOTA_TUNDRA_5700CC_2008,3UR-FE,,Tundra 5.7 381hp [DB family]
32961,Toyota,Tundra,2009,LEMON_TOYOTA_TUNDRA_4000CC_2009,1GR-FE,,Tundra 4.0 [DB family]
32962,Toyota,Tundra,2009,LEMON_TOYOTA_TUNDRA_4700CC_2009,2UZ-FE,,Tundra 4.7 [DB family]
32963,Toyota,Tundra,2009,LEMON_TOYOTA_TUNDRA_5700CC_2009,3UR-FE,,Tundra 5.7 381hp [DB family]
27767,Toyota,Tundra,2015,LEMON_TOYOTA_TUNDRA_5700CC_VINW_2015,3UR-FE,,Tundra 5.7 (VIN W/Y) [DB family]
27768,Toyota,Tundra,2015,LEMON_TOYOTA_TUNDRA_5700CC_VINY_2015,3UR-FE,,Tundra 5.7 (VIN W/Y) [DB family]
27769,Toyota,Tundra,2015,LEMON_TOYOTA_TUNDRA_4600CC_VINM_2015,1UR-FE,,Tundra 4.6 310hp (VIN M) [DB family]
29021,Toyota,Tundra,2016,LEMON_TOYOTA_TUNDRA_5700CC_VINW_2016,3UR-FE,,Tundra 5.7 (VIN W/Y) [DB family]
29022,Toyota,Tundra,2016,LEMON_TOYOTA_TUNDRA_5700CC_VINY_2016,3UR-FE,,Tundra 5.7 (VIN W/Y) [DB family]
29023,Toyota,Tundra,2016,LEMON_TOYOTA_TUNDRA_4600CC_VINM_2016,1UR-FE,,Tundra 4.6 310hp (VIN M) [DB family]
29049,Toyota,Tundra,2017,LEMON_TOYOTA_TUNDRA_5700CC_VINW_2017,3UR-FE,,Tundra 5.7 (VIN W/Y) [DB family]
29050,Toyota,Tundra,2017,LEMON_TOYOTA_TUNDRA_5700CC_VINY_2017,3UR-FE,,Tundra 5.7 (VIN W/Y) [DB family]
29051,Toyota,Tundra,2017,LEMON_TOYOTA_TUNDRA_4600CC_VINM_2017,1UR-FE,,Tundra 4.6 310hp (VIN M) [DB family]
39628,Toyota,Tundra,2018,LEMON_TOYOTA_TUNDRA_5700CC_VINW_2018,3UR-FE,,Tundra 5.7 (VIN W/Y) [DB family]
39629,Toyota,Tundra,2018,LEMON_TOYOTA_TUNDRA_5700CC_VINY_2018,3UR-FE,,Tundra 5.7 (VIN W/Y) [DB family]
39630,Toyota,Tundra,2018,LEMON_TOYOTA_TUNDRA_4600CC_VINM_2018,1UR-FE,,Tundra 4.6 310hp (VIN M) [DB family]
39655,Toyota,Tundra,2019,LEMON_TOYOTA_TUNDRA_5700CC_2019,3UR-FE,,Tundra 5.7 (VIN W/Y) [DB family]
39656,Toyota,Tundra,2019,LEMON_TOYOTA_TUNDRA_4600CC_VINM_2019,1UR-FE,,Tundra 4.6 310hp (VIN M) [DB family]
39657,Toyota,Tundra,2019,LEMON_TOYOTA_TUNDRA_5700CC_VINY_2019,3UR-FE,,Tundra 5.7 (VIN W/Y) [DB family]
39658,Toyota,Tundra,2019,LEMON_TOYOTA_TUNDRA_5700CC_VINW_2019,3UR-FE,,Tundra 5.7 (VIN W/Y) [DB family]
39720,Toyota,Tundra,2022,LEMON_TOYOTA_TUNDRA_3400CC_VINA_2022,V35A-FTS,,Tundra 3.4TT i-FORCE 389hp (VIN A/C; MAX 437 hybrid shares engine) [TUNDRAV35A][NEW]
39721,Toyota,Tundra,2022,LEMON_TOYOTA_TUNDRA_3400CC_VINC_2022,V35A-FTS,,Tundra 3.4TT i-FORCE 389hp (VIN A/C; MAX 437 hybrid shares engine) [TUNDRAV35A][NEW]
39722,Toyota,Tundra,2022,LEMON_TOYOTA_TUNDRA_2022,V35A-FTS,,Tundra 3.4TT only (VIN A/C; MAX shares engine) [TUNDRAV35A][NEW]
39757,Toyota,Tundra,2023,LEMON_TOYOTA_TUNDRA_3400CC_VINA_2023,V35A-FTS,,Tundra 3.4TT i-FORCE 389hp (VIN A/C; MAX 437 hybrid shares engine) [TUNDRAV35A][NEW]
39758,Toyota,Tundra,2023,LEMON_TOYOTA_TUNDRA_3400CC_VINC_2023,V35A-FTS,,Tundra 3.4TT i-FORCE 389hp (VIN A/C; MAX 437 hybrid shares engine) [TUNDRAV35A][NEW]
39759,Toyota,Tundra,2023,LEMON_TOYOTA_TUNDRA_2023,V35A-FTS,,Tundra 3.4TT only (VIN A/C; MAX shares engine) [TUNDRAV35A][NEW]
39802,Toyota,Tundra,2024,LEMON_TOYOTA_TUNDRA_3400CC_VINA_2024,V35A-FTS,,Tundra 3.4TT i-FORCE 389hp (VIN A/C; MAX 437 hybrid shares engine) [TUNDRAV35A][NEW]
39803,Toyota,Tundra,2024,LEMON_TOYOTA_TUNDRA_3400CC_VINC_2024,V35A-FTS,,Tundra 3.4TT i-FORCE 389hp (VIN A/C; MAX 437 hybrid shares engine) [TUNDRAV35A][NEW]
39804,Toyota,Tundra,2024,LEMON_TOYOTA_TUNDRA_2024,V35A-FTS,,Tundra 3.4TT only (VIN A/C; MAX shares engine) [TUNDRAV35A][NEW]
39843,Toyota,Tundra,2025,LEMON_TOYOTA_TUNDRA_3400CC_VINA_2025,V35A-FTS,,Tundra 3.4TT i-FORCE 389hp (VIN A/C; MAX 437 hybrid shares engine) [TUNDRAV35A][NEW]
39844,Toyota,Tundra,2025,LEMON_TOYOTA_TUNDRA_3400CC_VINC_2025,V35A-FTS,,Tundra 3.4TT i-FORCE 389hp (VIN A/C; MAX 437 hybrid shares engine) [TUNDRAV35A][NEW]
39845,Toyota,Tundra,2025,LEMON_TOYOTA_TUNDRA_2025,V35A-FTS,,Tundra 3.4TT only 2025 [TUNDRAV35A][NEW]
32964,Toyota,Venza,2009,LEMON_TOYOTA_VENZA_2700CC_2009,1AR-FE,,Venza 2.7 182hp (VIN A) [DB family]
32965,Toyota,Venza,2009,LEMON_TOYOTA_VENZA_3500CC_2009,2GR-FE,,Venza 3.5 268hp (VIN K) [DB family]
27770,Toyota,Venza,2015,LEMON_TOYOTA_VENZA_3500CC_2015,2GR-FE,,Venza 3.5 268hp (VIN K) [DB family]
27771,Toyota,Venza,2015,LEMON_TOYOTA_VENZA_2700CC_2015,1AR-FE,,Venza 2.7 182hp (VIN A) [DB family]
27772,Toyota,Venza,2015,LEMON_TOYOTA_VENZA_2700CC_VINA_2015,1AR-FE,,Venza 2.7 182hp (VIN A) [DB family]
27773,Toyota,Venza,2015,LEMON_TOYOTA_VENZA_3500CC_VINK_2015,2GR-FE,,Venza 3.5 268hp (VIN K) [DB family]
29024,Toyota,Venza,2016,LEMON_TOYOTA_VENZA_2700CC_VINA_2016,1AR-FE,,Venza 2.7 182hp (VIN A) [DB family]
29025,Toyota,Venza,2016,LEMON_TOYOTA_VENZA_3500CC_VINK_2016,2GR-FE,,Venza 3.5 268hp (VIN K) [DB family]
39723,Toyota,Venza,2022,LEMON_TOYOTA_VENZA_2022,A25A-FXS,Hybrid,Venza hybrid-only 219hp [VENZA2021][DB family]
39760,Toyota,Venza,2023,LEMON_TOYOTA_VENZA_2023,A25A-FXS,Hybrid,Venza hybrid-only 219hp [VENZA2021][DB family]
39805,Toyota,Venza,2024,LEMON_TOYOTA_VENZA_2024,A25A-FXS,Hybrid,Venza hybrid-only 219hp [VENZA2021][DB family]
32914,Toyota,Yaris,2007,LEMON_TOYOTA_YARIS_2007,1NZ-FE,,Yaris 1.5 106hp (hatch; iA sedan Mazda 1.5 minority) [DB family]
32938,Toyota,Yaris,2008,LEMON_TOYOTA_YARIS_2008,1NZ-FE,,Yaris 1.5 106hp (hatch; iA sedan Mazda 1.5 minority) [DB family]
32966,Toyota,Yaris,2009,LEMON_TOYOTA_YARIS_2009,1NZ-FE,,Yaris 1.5 106hp (hatch; iA sedan Mazda 1.5 minority) [DB family]
27774,Toyota,Yaris,2015,LEMON_TOYOTA_YARIS_2015_YARISL2DHATC,1NZ-FE,,Yaris 1.5 106hp (hatch; iA sedan Mazda 1.5 minority) [DB family]
27775,Toyota,Yaris,2015,LEMON_TOYOTA_YARIS_2015_YARISL4DHATC,1NZ-FE,,Yaris 1.5 106hp (hatch; iA sedan Mazda 1.5 minority) [DB family]
27776,Toyota,Yaris,2015,LEMON_TOYOTA_YARIS_2015_YARISLE2DHAT,1NZ-FE,,Yaris 1.5 106hp (hatch; iA sedan Mazda 1.5 minority) [DB family]
27777,Toyota,Yaris,2015,LEMON_TOYOTA_YARIS_2015_YARISLE4DHAT,1NZ-FE,,Yaris 1.5 106hp (hatch; iA sedan Mazda 1.5 minority) [DB family]
27778,Toyota,Yaris,2015,LEMON_TOYOTA_YARIS_2015_YARISSEAUTOM,1NZ-FE,,Yaris 1.5 106hp (hatch; iA sedan Mazda 1.5 minority) [DB family]
27779,Toyota,Yaris,2015,LEMON_TOYOTA_YARIS_2015_YARISSESTAND,1NZ-FE,,Yaris 1.5 106hp (hatch; iA sedan Mazda 1.5 minority) [DB family]
29026,Toyota,Yaris,2016,LEMON_TOYOTA_YARIS_2016,1NZ-FE,,Yaris 1.5 106hp (hatch; iA sedan Mazda 1.5 minority) [DB family]
29052,Toyota,Yaris,2017,LEMON_TOYOTA_YARIS_2017,1NZ-FE,,Yaris 1.5 106hp (hatch; iA sedan Mazda 1.5 minority) [DB family]
39631,Toyota,Yaris,2018,LEMON_TOYOTA_YARIS_2018,1NZ-FE,,Yaris 1.5 106hp (hatch; iA sedan Mazda 1.5 minority) [DB family]
39659,Toyota,Yaris,2019,LEMON_TOYOTA_YARIS_2019,1NZ-FE,,Yaris 1.5 106hp (hatch; iA sedan Mazda 1.5 minority) [DB family]
39688,Toyota,Yaris,2020,LEMON_TOYOTA_YARIS_2020,1NZ-FE,,Yaris 1.5 106hp (hatch; iA sedan Mazda 1.5 minority) [DB family]
39761,Toyota,bZ4X,2023,LEMON_TOYOTA_BZ4X_2023,bZ4X Electric,Electric,bZ4X EV 201/214hp [NEW][fuel fix Electric]
39806,Toyota,bZ4X,2024,LEMON_TOYOTA_BZ4X_2024,bZ4X Electric,Electric,bZ4X EV 201/214hp [NEW][fuel fix Electric]
39846,Toyota,bZ4X,2025,LEMON_TOYOTA_BZ4X_2025,bZ4X Electric,Electric,bZ4X EV 201/214hp [NEW][fuel fix Electric]
