variant_id,brand,model,year,old_engine_code,new_engine_code,fuel_fix,power_fill,evidence
38524,Land Rover,Defender,2020,LEMON_LAND_ROVER_DEFENDER_2000CC_2020,204PT,,296,Defender P300 2.0 Si4 296hp (VINX + bare) [WIKIVIN][DEF24][LRVOCAB]
38522,Land Rover,Defender,2020,LEMON_LAND_ROVER_DEFENDER_2000CC_VINX_2020,204PT,,296,Defender P300 2.0 Si4 296hp (VINX + bare) [WIKIVIN][DEF24][LRVOCAB]
38523,Land Rover,Defender,2020,LEMON_LAND_ROVER_DEFENDER_3000CC_2020,AJ300P,,395,Defender P400 3.0 I6 MHEV 395hp (VINU + bare; 2024 P300-I6 same engine) [WIKIVIN][DEF24]
38525,Land Rover,Defender,2020,LEMON_LAND_ROVER_DEFENDER_3000CC_VINU_2020,AJ300P,,395,Defender P400 3.0 I6 MHEV 395hp (VINU + bare; 2024 P300-I6 same engine) [WIKIVIN][DEF24]
38540,Land Rover,Defender,2021,LEMON_LAND_ROVER_DEFENDER_2000CC_2021,204PT,,296,Defender P300 2.0 Si4 296hp (VINX + bare) [WIKIVIN][DEF24][LRVOCAB]
38539,Land Rover,Defender,2021,LEMON_LAND_ROVER_DEFENDER_3000CC_2021,AJ300P,,395,Defender P400 3.0 I6 MHEV 395hp (VINU + bare; 2024 P300-I6 same engine) [WIKIVIN][DEF24]
38555,Land Rover,Defender,2022,LEMON_LAND_ROVER_DEFENDER_2000CC_2022,204PT,,296,Defender P300 2.0 Si4 296hp (VINX + bare) [WIKIVIN][DEF24][LRVOCAB]
38554,Land Rover,Defender,2022,LEMON_LAND_ROVER_DEFENDER_3000CC_2022,AJ300P,,395,Defender P400 3.0 I6 MHEV 395hp (VINU + bare; 2024 P300-I6 same engine) [WIKIVIN][DEF24]
38556,Land Rover,Defender,2022,LEMON_LAND_ROVER_DEFENDER_5000CC_2022,508PS,,518,Defender V8 P525 5.0 SC 518hp [WIKIVIN][LRHIST]
38568,Land Rover,Defender,2023,LEMON_LAND_ROVER_DEFENDER_2000CC_2023,204PT,,296,Defender P300 2.0 Si4 296hp (VINX + bare) [WIKIVIN][DEF24][LRVOCAB]
38569,Land Rover,Defender,2023,LEMON_LAND_ROVER_DEFENDER_3000CC_2023,AJ300P,,395,Defender P400 3.0 I6 MHEV 395hp (VINU + bare; 2024 P300-I6 same engine) [WIKIVIN][DEF24]
38570,Land Rover,Defender,2023,LEMON_LAND_ROVER_DEFENDER_5000CC_2023,508PS,,518,Defender V8 P525 5.0 SC 518hp [WIKIVIN][LRHIST]
38588,Land Rover,Defender,2024,LEMON_LAND_ROVER_DEFENDER_2000CC_2024,204PT,,296,Defender P300 2.0 Si4 296hp (VINX + bare) [WIKIVIN][DEF24][LRVOCAB]
38584,Land Rover,Defender,2024,LEMON_LAND_ROVER_DEFENDER_2000CC_VINX_2024,204PT,,296,Defender P300 2.0 Si4 296hp (VINX + bare) [WIKIVIN][DEF24][LRVOCAB]
38585,Land Rover,Defender,2024,LEMON_LAND_ROVER_DEFENDER_3000CC_2024,AJ300P,,395,Defender P400 3.0 I6 MHEV 395hp (VINU + bare; 2024 P300-I6 same engine) [WIKIVIN][DEF24]
38587,Land Rover,Defender,2024,LEMON_LAND_ROVER_DEFENDER_3000CC_VINU_2024,AJ300P,,395,Defender P400 3.0 I6 MHEV 395hp (VINU + bare; 2024 P300-I6 same engine) [WIKIVIN][DEF24]
38586,Land Rover,Defender,2024,LEMON_LAND_ROVER_DEFENDER_5000CC_2024,508PS,,518,Defender V8 P525 5.0 SC 518hp [WIKIVIN][LRHIST]
30373,Land Rover,Discovery,2000,LEMON_LAND_ROVER_DISCOVERY_2000,4.0 V8 (Rover OHV),,182,Discovery 2 2000-02 = 4.0 Rover V8 182hp sole US [WIKIVIN][NEW]
30374,Land Rover,Discovery,2001,LEMON_LAND_ROVER_DISCOVERY_2001,4.0 V8 (Rover OHV),,182,Discovery 2 2000-02 = 4.0 Rover V8 182hp sole US [WIKIVIN][NEW]
30376,Land Rover,Discovery,2002,LEMON_LAND_ROVER_DISCOVERY_2002,4.0 V8 (Rover OHV),,182,Discovery 2 2000-02 = 4.0 Rover V8 182hp sole US [WIKIVIN][NEW]
30379,Land Rover,Discovery,2003,LEMON_LAND_ROVER_DISCOVERY_2003,4.6 V8 (Rover OHV),,217,Discovery 2 2003-04 = 4.6 Rover V8 217hp sole US [WIKIVIN][NEW]
30382,Land Rover,Discovery,2004,LEMON_LAND_ROVER_DISCOVERY_2004,4.6 V8 (Rover OHV),,217,Discovery 2 2003-04 = 4.6 Rover V8 217hp sole US [WIKIVIN][NEW]
27369,Land Rover,Discovery,2015,LEMON_LAND_ROVER_DISCOVERY_2015_DISCOVERYSPO,204PT,,240,Discovery Sport 2015 = 2.0 GTDI 240hp (trim slug; G code era) [WIKIVIN][LRVOCAB]
28694,Land Rover,Discovery,2016,LEMON_LAND_ROVER_DISCOVERY_2016,204PT,,240,Discovery Sport 2016 = 2.0 GTDI 240hp (bare rows = DiscSport; 2015 SPO slug precedent) [WIKIVIN][LRVOCAB]
28701,Land Rover,Discovery,2017,LEMON_LAND_ROVER_DISCOVERY_2017,204PT,,237,Discovery Sport 2017-18 = 2.0 GTDI 237hp [WIKIVIN][LRVOCAB]
28700,Land Rover,Discovery,2017,LEMON_LAND_ROVER_DISCOVERY_3000CC_VINK_2017,306DT,Diesel,254,Discovery 5 Td6 3.0 diesel 254hp (VINK; fuel col -> Diesel) [WIKIVIN][LRHIST]
28699,Land Rover,Discovery,2017,LEMON_LAND_ROVER_DISCOVERY_3000CC_VINV_2017,AJ126,,340,Discovery 5 Si6 3.0 SCV6 340hp (VINV) [WIKIVIN][LRVOCAB]
38500,Land Rover,Discovery,2018,LEMON_LAND_ROVER_DISCOVERY_2018,204PT,,237,Discovery Sport 2017-18 = 2.0 GTDI 237hp [WIKIVIN][LRVOCAB]
38501,Land Rover,Discovery,2018,LEMON_LAND_ROVER_DISCOVERY_3000CC_VINK_2018,306DT,Diesel,254,Discovery 5 Td6 3.0 diesel 254hp (VINK; fuel col -> Diesel) [WIKIVIN][LRHIST]
38502,Land Rover,Discovery,2018,LEMON_LAND_ROVER_DISCOVERY_3000CC_VINV_2018,AJ126,,340,Discovery 5 Si6 3.0 SCV6 340hp (VINV) [WIKIVIN][LRVOCAB]
38512,Land Rover,Discovery,2019,LEMON_LAND_ROVER_DISCOVERY_2019,204PT,,246,Discovery Sport 2019+ = 2.0 Ingenium P250 246hp [WIKIVIN][LRVOCAB]
38510,Land Rover,Discovery,2019,LEMON_LAND_ROVER_DISCOVERY_3000CC_VINK_2019,306DT,Diesel,254,Discovery 5 Td6 3.0 diesel 254hp (VINK; fuel col -> Diesel) [WIKIVIN][LRHIST]
38511,Land Rover,Discovery,2019,LEMON_LAND_ROVER_DISCOVERY_3000CC_VINV_2019,AJ126,,340,Discovery 5 Si6 3.0 SCV6 340hp (VINV) [WIKIVIN][LRVOCAB]
38528,Land Rover,Discovery,2020,LEMON_LAND_ROVER_DISCOVERY_2020,204PT,,246,Discovery Sport 2019+ = 2.0 Ingenium P250 246hp [WIKIVIN][LRVOCAB]
38526,Land Rover,Discovery,2020,LEMON_LAND_ROVER_DISCOVERY_3000CC_VINK_2020,306DT,Diesel,254,Discovery 5 Td6 3.0 diesel 254hp (VINK; fuel col -> Diesel) [WIKIVIN][LRHIST]
38527,Land Rover,Discovery,2020,LEMON_LAND_ROVER_DISCOVERY_3000CC_VINV_2020,AJ126,,340,Discovery 5 Si6 3.0 SCV6 340hp (VINV) [WIKIVIN][LRVOCAB]
38543,Land Rover,Discovery,2021,LEMON_LAND_ROVER_DISCOVERY_2000CC_2021,204PT,,296,Discovery 5 P300 2.0 296hp (2000CC + VINX) [WIKIVIN][LRHIST]
38542,Land Rover,Discovery,2021,LEMON_LAND_ROVER_DISCOVERY_2000CC_VINX_2021,204PT,,296,Discovery 5 P300 2.0 296hp (2000CC + VINX) [WIKIVIN][LRHIST]
38545,Land Rover,Discovery,2021,LEMON_LAND_ROVER_DISCOVERY_2021,204PT,,246,Discovery Sport 2019+ = 2.0 Ingenium P250 246hp [WIKIVIN][LRVOCAB]
38541,Land Rover,Discovery,2021,LEMON_LAND_ROVER_DISCOVERY_3000CC_2021,AJ300P,,355,Discovery 5 P360 3.0 I6 MHEV 355hp (VINU + bare 3.0 sole 2021+) [WIKIVIN][LRHIST]
38544,Land Rover,Discovery,2021,LEMON_LAND_ROVER_DISCOVERY_3000CC_VINU_2021,AJ300P,,355,Discovery 5 P360 3.0 I6 MHEV 355hp (VINU + bare 3.0 sole 2021+) [WIKIVIN][LRHIST]
38561,Land Rover,Discovery,2022,LEMON_LAND_ROVER_DISCOVERY_2000CC_2022,204PT,,296,Discovery 5 P300 2.0 296hp (2000CC + VINX) [WIKIVIN][LRHIST]
38557,Land Rover,Discovery,2022,LEMON_LAND_ROVER_DISCOVERY_2000CC_VINX_2022,204PT,,296,Discovery 5 P300 2.0 296hp (2000CC + VINX) [WIKIVIN][LRHIST]
38559,Land Rover,Discovery,2022,LEMON_LAND_ROVER_DISCOVERY_2022,204PT,,246,Discovery Sport 2019+ = 2.0 Ingenium P250 246hp [WIKIVIN][LRVOCAB]
38560,Land Rover,Discovery,2022,LEMON_LAND_ROVER_DISCOVERY_3000CC_2022,AJ300P,,355,Discovery 5 P360 3.0 I6 MHEV 355hp (VINU + bare 3.0 sole 2021+) [WIKIVIN][LRHIST]
38558,Land Rover,Discovery,2022,LEMON_LAND_ROVER_DISCOVERY_3000CC_VINU_2022,AJ300P,,355,Discovery 5 P360 3.0 I6 MHEV 355hp (VINU + bare 3.0 sole 2021+) [WIKIVIN][LRHIST]
38576,Land Rover,Discovery,2023,LEMON_LAND_ROVER_DISCOVERY_2000CC_2023,204PT,,296,Discovery 5 P300 2.0 296hp (2000CC + VINX) [WIKIVIN][LRHIST]
38572,Land Rover,Discovery,2023,LEMON_LAND_ROVER_DISCOVERY_2000CC_VINX_2023,204PT,,296,Discovery 5 P300 2.0 296hp (2000CC + VINX) [WIKIVIN][LRHIST]
38574,Land Rover,Discovery,2023,LEMON_LAND_ROVER_DISCOVERY_2023,204PT,,246,Discovery Sport 2019+ = 2.0 Ingenium P250 246hp [WIKIVIN][LRVOCAB]
38571,Land Rover,Discovery,2023,LEMON_LAND_ROVER_DISCOVERY_3000CC_2023,AJ300P,,355,Discovery 5 P360 3.0 I6 MHEV 355hp (VINU + bare 3.0 sole 2021+) [WIKIVIN][LRHIST]
38573,Land Rover,Discovery,2023,LEMON_LAND_ROVER_DISCOVERY_3000CC_VINU_2023,AJ300P,,355,Discovery 5 P360 3.0 I6 MHEV 355hp (VINU + bare 3.0 sole 2021+) [WIKIVIN][LRHIST]
38593,Land Rover,Discovery,2024,LEMON_LAND_ROVER_DISCOVERY_2000CC_2024,204PT,,296,Discovery 5 P300 2.0 296hp (2000CC + VINX) [WIKIVIN][LRHIST]
38590,Land Rover,Discovery,2024,LEMON_LAND_ROVER_DISCOVERY_2000CC_VINX_2024,204PT,,296,Discovery 5 P300 2.0 296hp (2000CC + VINX) [WIKIVIN][LRHIST]
38591,Land Rover,Discovery,2024,LEMON_LAND_ROVER_DISCOVERY_2024,204PT,,246,Discovery Sport 2019+ = 2.0 Ingenium P250 246hp [WIKIVIN][LRVOCAB]
38592,Land Rover,Discovery,2024,LEMON_LAND_ROVER_DISCOVERY_3000CC_2024,AJ300P,,355,Discovery 5 P360 3.0 I6 MHEV 355hp (VINU + bare 3.0 sole 2021+) [WIKIVIN][LRHIST]
38589,Land Rover,Discovery,2024,LEMON_LAND_ROVER_DISCOVERY_3000CC_VINU_2024,AJ300P,,355,Discovery 5 P360 3.0 I6 MHEV 355hp (VINU + bare 3.0 sole 2021+) [WIKIVIN][LRHIST]
38606,Land Rover,Discovery,2025,LEMON_LAND_ROVER_DISCOVERY_2000CC_2025,204PT,,296,Discovery 5 P300 2.0 296hp (2000CC + VINX) [WIKIVIN][LRHIST]
38604,Land Rover,Discovery,2025,LEMON_LAND_ROVER_DISCOVERY_2000CC_VINX_2025,204PT,,296,Discovery 5 P300 2.0 296hp (2000CC + VINX) [WIKIVIN][LRHIST]
38605,Land Rover,Discovery,2025,LEMON_LAND_ROVER_DISCOVERY_2025,204PT,,246,Discovery Sport 2019+ = 2.0 Ingenium P250 246hp [WIKIVIN][LRVOCAB]
38603,Land Rover,Discovery,2025,LEMON_LAND_ROVER_DISCOVERY_3000CC_2025,AJ300P,,355,Discovery 5 P360 3.0 I6 MHEV 355hp (VINU + bare 3.0 sole 2021+) [WIKIVIN][LRHIST]
38602,Land Rover,Discovery,2025,LEMON_LAND_ROVER_DISCOVERY_3000CC_VINU_2025,AJ300P,,355,Discovery 5 P360 3.0 I6 MHEV 355hp (VINU + bare 3.0 sole 2021+) [WIKIVIN][LRHIST]
30378,Land Rover,Freelander,2002,LEMON_LAND_ROVER_FREELANDER_2002,25K4F,,177,Freelander US = 2.5 KV6 177hp sole (no US diesel) [WIKIVIN][LRVOCAB]
30380,Land Rover,Freelander,2003,LEMON_LAND_ROVER_FREELANDER_2003,25K4F,,177,Freelander US = 2.5 KV6 177hp sole (no US diesel) [WIKIVIN][LRVOCAB]
30384,Land Rover,Freelander,2004,LEMON_LAND_ROVER_FREELANDER_2004,25K4F,,177,Freelander US = 2.5 KV6 177hp sole (no US diesel) [WIKIVIN][LRVOCAB]
32101,Land Rover,Freelander,2005,LEMON_LAND_ROVER_FREELANDER_2005,25K4F,,177,Freelander US = 2.5 KV6 177hp sole (no US diesel) [WIKIVIN][LRVOCAB]
32114,Land Rover,LR2,2008,LEMON_LAND_ROVER_LR2_2008,B6324S,,230,LR2 2008-12 = 3.2 Volvo SI6 230hp [WIKIVIN][LRVOCAB]
32119,Land Rover,LR2,2009,LEMON_LAND_ROVER_LR2_2009,B6324S,,230,LR2 2008-12 = 3.2 Volvo SI6 230hp [WIKIVIN][LRVOCAB]
34849,Land Rover,LR2,2010,LEMON_LAND_ROVER_LR2_2010,B6324S,,230,LR2 2008-12 = 3.2 Volvo SI6 230hp [WIKIVIN][LRVOCAB]
34852,Land Rover,LR2,2011,LEMON_LAND_ROVER_LR2_2011,B6324S,,230,LR2 2008-12 = 3.2 Volvo SI6 230hp [WIKIVIN][LRVOCAB]
34853,Land Rover,LR2,2012,LEMON_LAND_ROVER_LR2_2012,B6324S,,230,LR2 2008-12 = 3.2 Volvo SI6 230hp [WIKIVIN][LRVOCAB]
34859,Land Rover,LR2,2013,LEMON_LAND_ROVER_LR2_2013,204PT,,240,LR2 2013-15 (incl. 2015 Base/HSE/HSE LUX) = 2.0 EcoBoost 240hp [WIKIVIN][LRVOCAB]
34861,Land Rover,LR2,2014,LEMON_LAND_ROVER_LR2_2014,204PT,,240,LR2 2013-15 (incl. 2015 Base/HSE/HSE LUX) = 2.0 EcoBoost 240hp [WIKIVIN][LRVOCAB]
27370,Land Rover,LR2,2015,LEMON_LAND_ROVER_LR2_2015_LR2BASE,204PT,,240,LR2 2013-15 (incl. 2015 Base/HSE/HSE LUX) = 2.0 EcoBoost 240hp [WIKIVIN][LRVOCAB]
27372,Land Rover,LR2,2015,LEMON_LAND_ROVER_LR2_2015_LR2HSE,204PT,,240,LR2 2013-15 (incl. 2015 Base/HSE/HSE LUX) = 2.0 EcoBoost 240hp [WIKIVIN][LRVOCAB]
27371,Land Rover,LR2,2015,LEMON_LAND_ROVER_LR2_2015_LR2HSELUX,204PT,,240,LR2 2013-15 (incl. 2015 Base/HSE/HSE LUX) = 2.0 EcoBoost 240hp [WIKIVIN][LRVOCAB]
32104,Land Rover,LR3,2005,LEMON_LAND_ROVER_LR3_4000CC_2005,406PN,,216,LR3 4.0 Cologne V6 216hp (US 4.0 ended 2007) [WIKIVIN][LRVOCAB]
32103,Land Rover,LR3,2005,LEMON_LAND_ROVER_LR3_4400CC_2005,AJ41,,300,LR3 4.4 AJ-V8 NA 300hp [WIKIVIN][LRVOCAB][ROW_FIX AJ41]
32109,Land Rover,LR3,2006,LEMON_LAND_ROVER_LR3_4000CC_2006,406PN,,216,LR3 4.0 Cologne V6 216hp (US 4.0 ended 2007) [WIKIVIN][LRVOCAB]
32105,Land Rover,LR3,2006,LEMON_LAND_ROVER_LR3_4400CC_2006,AJ41,,300,LR3 4.4 AJ-V8 NA 300hp [WIKIVIN][LRVOCAB][ROW_FIX AJ41]
32111,Land Rover,LR3,2007,LEMON_LAND_ROVER_LR3_4000CC_2007,406PN,,216,LR3 4.0 Cologne V6 216hp (US 4.0 ended 2007) [WIKIVIN][LRVOCAB]
32112,Land Rover,LR3,2007,LEMON_LAND_ROVER_LR3_4400CC_2007,AJ41,,300,LR3 4.4 AJ-V8 NA 300hp [WIKIVIN][LRVOCAB][ROW_FIX AJ41]
32117,Land Rover,LR3,2008,LEMON_LAND_ROVER_LR3_2008,AJ41,,300,LR3 2008-09 = 4.4 V8 only (4.0 V6 Canada-only from 08) [WIKIVIN][ROW_FIX AJ41]
32120,Land Rover,LR3,2009,LEMON_LAND_ROVER_LR3_2009,AJ41,,300,LR3 2008-09 = 4.4 V8 only (4.0 V6 Canada-only from 08) [WIKIVIN][ROW_FIX AJ41]
34848,Land Rover,LR4,2010,LEMON_LAND_ROVER_LR4_2010,508PN,,375,LR4 2010-13 = 5.0 V8 NA 375hp sole [WIKIVIN][ROW_FIX 508PN]
34851,Land Rover,LR4,2011,LEMON_LAND_ROVER_LR4_2011,508PN,,375,LR4 2010-13 = 5.0 V8 NA 375hp sole [WIKIVIN][ROW_FIX 508PN]
34854,Land Rover,LR4,2012,LEMON_LAND_ROVER_LR4_2012,508PN,,375,LR4 2010-13 = 5.0 V8 NA 375hp sole [WIKIVIN][ROW_FIX 508PN]
34858,Land Rover,LR4,2013,LEMON_LAND_ROVER_LR4_2013,508PN,,375,LR4 2010-13 = 5.0 V8 NA 375hp sole [WIKIVIN][ROW_FIX 508PN]
34862,Land Rover,LR4,2014,LEMON_LAND_ROVER_LR4_2014,AJ126,,340,LR4 2014-16 (incl. 2015 trims) = 3.0 SCV6 340hp sole [WIKIVIN][LRVOCAB]
27368,Land Rover,LR4,2015,LEMON_LAND_ROVER_LR4_2015_LR4BASE4WD,AJ126,,340,LR4 2014-16 (incl. 2015 trims) = 3.0 SCV6 340hp sole [WIKIVIN][LRVOCAB]
27373,Land Rover,LR4,2015,LEMON_LAND_ROVER_LR4_2015_LR4BASEAWD,AJ126,,340,LR4 2014-16 (incl. 2015 trims) = 3.0 SCV6 340hp sole [WIKIVIN][LRVOCAB]
27375,Land Rover,LR4,2015,LEMON_LAND_ROVER_LR4_2015_LR4HSE4WD,AJ126,,340,LR4 2014-16 (incl. 2015 trims) = 3.0 SCV6 340hp sole [WIKIVIN][LRVOCAB]
27379,Land Rover,LR4,2015,LEMON_LAND_ROVER_LR4_2015_LR4HSEAWD,AJ126,,340,LR4 2014-16 (incl. 2015 trims) = 3.0 SCV6 340hp sole [WIKIVIN][LRVOCAB]
27374,Land Rover,LR4,2015,LEMON_LAND_ROVER_LR4_2015_LR4HSELUX4WD,AJ126,,340,LR4 2014-16 (incl. 2015 trims) = 3.0 SCV6 340hp sole [WIKIVIN][LRVOCAB]
27376,Land Rover,LR4,2015,LEMON_LAND_ROVER_LR4_2015_LR4HSELUXAWD,AJ126,,340,LR4 2014-16 (incl. 2015 trims) = 3.0 SCV6 340hp sole [WIKIVIN][LRVOCAB]
28693,Land Rover,LR4,2016,LEMON_LAND_ROVER_LR4_2016,AJ126,,340,LR4 2014-16 (incl. 2015 trims) = 3.0 SCV6 340hp sole [WIKIVIN][LRVOCAB]
30375,Land Rover,Range,2001,LEMON_LAND_ROVER_RANGE_2001,4.6 V8 (Rover OHV),,222,Range Rover P38 2001-02 = 4.6 HSE 222hp sole [WIKIVIN][NEW]
30377,Land Rover,Range,2002,LEMON_LAND_ROVER_RANGE_2002,4.6 V8 (Rover OHV),,222,Range Rover P38 2001-02 = 4.6 HSE 222hp sole [WIKIVIN][NEW]
30381,Land Rover,Range,2003,LEMON_LAND_ROVER_RANGE_2003,M62B44,,282,Range Rover L322 2003-05 = BMW 4.4 M62TUB44 282hp sole US [WIKIVIN][LRVOCAB]
30383,Land Rover,Range,2004,LEMON_LAND_ROVER_RANGE_2004,M62B44,,282,Range Rover L322 2003-05 = BMW 4.4 M62TUB44 282hp sole US [WIKIVIN][LRVOCAB]
32102,Land Rover,Range,2005,LEMON_LAND_ROVER_RANGE_2005,M62B44,,282,Range Rover L322 2003-05 = BMW 4.4 M62TUB44 282hp sole US [WIKIVIN][LRVOCAB]
32106,Land Rover,Range,2006,LEMON_LAND_ROVER_RANGE_2006,AJ41,,305,Range Rover L322 HSE 2006-09 = 4.4 AJ-V8 NA 305hp (SC = 4200CC rows) [WIKIVIN][ROW_FIX AJ41]
32107,Land Rover,Range,2006,LEMON_LAND_ROVER_RANGE_4200CC_2006,428PS,,400,Range Rover L322 Supercharged 4.2 SC 400hp [WIKIVIN][ROW_FIX 428PS]
32108,Land Rover,Range,2006,LEMON_LAND_ROVER_RANGE_4400CC_2006,AJ41,,305,Range Rover L322 4.4 NA 305hp [WIKIVIN][ROW_FIX AJ41]
32110,Land Rover,Range,2007,LEMON_LAND_ROVER_RANGE_4200CC_2007,428PS,,400,Range Rover L322 Supercharged 4.2 SC 400hp [WIKIVIN][ROW_FIX 428PS]
32113,Land Rover,Range,2007,LEMON_LAND_ROVER_RANGE_4400CC_2007,AJ41,,305,Range Rover L322 4.4 NA 305hp [WIKIVIN][ROW_FIX AJ41]
32116,Land Rover,Range,2008,LEMON_LAND_ROVER_RANGE_4200CC_2008,428PS,,400,Range Rover L322 Supercharged 4.2 SC 400hp [WIKIVIN][ROW_FIX 428PS]
32115,Land Rover,Range,2008,LEMON_LAND_ROVER_RANGE_4400CC_2008,AJ41,,305,Range Rover L322 4.4 NA 305hp [WIKIVIN][ROW_FIX AJ41]
32118,Land Rover,Range,2009,LEMON_LAND_ROVER_RANGE_2009,AJ41,,305,Range Rover L322 HSE 2006-09 = 4.4 AJ-V8 NA 305hp (SC = 4200CC rows) [WIKIVIN][ROW_FIX AJ41]
34847,Land Rover,Range,2010,LEMON_LAND_ROVER_RANGE_2010,508PN,,375,Range Rover L322 2010-12 = 5.0 NA 375hp (SC = 5000CC rows) [WIKIVIN][ROW_FIX 508PN]
34850,Land Rover,Range,2011,LEMON_LAND_ROVER_RANGE_2011,508PN,,375,Range Rover L322 2010-12 = 5.0 NA 375hp (SC = 5000CC rows) [WIKIVIN][ROW_FIX 508PN]
34856,Land Rover,Range,2012,LEMON_LAND_ROVER_RANGE_2012,508PN,,375,Range Rover L322 2010-12 = 5.0 NA 375hp (SC = 5000CC rows) [WIKIVIN][ROW_FIX 508PN]
34855,Land Rover,Range,2012,LEMON_LAND_ROVER_RANGE_5000CC_VIND_2012,508PN,,375,L322/RRS 5.0 NA (VIND) 375hp [WIKIVIN][ROW_FIX 508PN]
34857,Land Rover,Range,2012,LEMON_LAND_ROVER_RANGE_5000CC_VINE_2012,508PS,,510,RR/RRS 5.0 SC (VINE) 510hp [WIKIVIN][ROW_FIX 508PS]
34860,Land Rover,Range,2013,LEMON_LAND_ROVER_RANGE_2013,508PS,,510,RR L405/RRS 2013-21 bare = 5.0 SC 510hp (sole unmarked engine) [WIKIVIN][LRHIST]
34865,Land Rover,Range,2014,LEMON_LAND_ROVER_RANGE_2014,508PS,,510,RR L405/RRS 2013-21 bare = 5.0 SC 510hp (sole unmarked engine) [WIKIVIN][LRHIST]
34866,Land Rover,Range,2014,LEMON_LAND_ROVER_RANGE_3000CC_VINV_2014,AJ126,,340,RR/RRS/Velar 3.0 SCV6 340hp (VINV) [WIKIVIN][LRVOCAB]
34867,Land Rover,Range,2014,LEMON_LAND_ROVER_RANGE_3000CC_VINW_2014,AJ126,,340,RR/RRS 3.0 SCV6 flex-fuel 340hp (VINW) [WIKIVIN]
34863,Land Rover,Range,2014,LEMON_LAND_ROVER_RANGE_5000CC_2014,508PS,,510,RR/RRS 5.0 SC 510hp (5000CC bare) [WIKIVIN][ROW_FIX 508PS]
27380,Land Rover,Range,2015,LEMON_LAND_ROVER_RANGE_2015_RANGEROVEREV,204PT,,240,Range Rover Evoque 2015 = 2.0 GTDI 240hp (trim slug; G code era) [WIKIVIN][LRVOCAB]
27377,Land Rover,Range,2015,LEMON_LAND_ROVER_RANGE_5000CC_2015,508PS,,510,RR/RRS 5.0 SC 510hp (5000CC bare) [WIKIVIN][ROW_FIX 508PS]
28698,Land Rover,Range,2016,LEMON_LAND_ROVER_RANGE_2016,508PS,,510,RR L405/RRS 2013-21 bare = 5.0 SC 510hp (sole unmarked engine) [WIKIVIN][LRHIST]
28695,Land Rover,Range,2016,LEMON_LAND_ROVER_RANGE_3000CC_VINK_2016,306DT,Diesel,254,RR/RRS Td6 3.0 diesel 254hp (VINK; fuel col -> Diesel) [WIKIVIN][LRHIST]
28697,Land Rover,Range,2016,LEMON_LAND_ROVER_RANGE_3000CC_VINP_2016,AJ126,,340,RR/RRS 3.0 SCV6 340hp (VINP) [WIKIVIN]
28696,Land Rover,Range,2016,LEMON_LAND_ROVER_RANGE_3000CC_VINV_2016,AJ126,,340,RR/RRS/Velar 3.0 SCV6 340hp (VINV) [WIKIVIN][LRVOCAB]
28692,Land Rover,Range,2016,LEMON_LAND_ROVER_RANGE_5000CC_2016,508PS,,510,RR/RRS 5.0 SC 510hp (5000CC bare) [WIKIVIN][ROW_FIX 508PS]
28702,Land Rover,Range,2017,LEMON_LAND_ROVER_RANGE_2017,508PS,,510,RR L405/RRS 2013-21 bare = 5.0 SC 510hp (sole unmarked engine) [WIKIVIN][LRHIST]
28703,Land Rover,Range,2017,LEMON_LAND_ROVER_RANGE_3000CC_VINK_2017,306DT,Diesel,254,RR/RRS Td6 3.0 diesel 254hp (VINK; fuel col -> Diesel) [WIKIVIN][LRHIST]
28704,Land Rover,Range,2017,LEMON_LAND_ROVER_RANGE_3000CC_VINV_2017,AJ126,,340,RR/RRS/Velar 3.0 SCV6 340hp (VINV) [WIKIVIN][LRVOCAB]
38506,Land Rover,Range,2018,LEMON_LAND_ROVER_RANGE_2000CC_2018,204PT,,247,Velar P250 2.0 247hp (2018) [WIKIVIN][VELAR]
38508,Land Rover,Range,2018,LEMON_LAND_ROVER_RANGE_2000CC_VINN_2018,204DTD,Diesel,180,Velar D180 2.0 Ingenium diesel 180hp (VINN; fuel col -> Diesel) [WIKIVIN][VELAR]
38509,Land Rover,Range,2018,LEMON_LAND_ROVER_RANGE_2000CC_VINX_2018,204PT,,247,Velar P250 2.0 247hp (2018) [WIKIVIN][VELAR]
38504,Land Rover,Range,2018,LEMON_LAND_ROVER_RANGE_2018,508PS,,510,RR L405/RRS 2013-21 bare = 5.0 SC 510hp (sole unmarked engine) [WIKIVIN][LRHIST]
38503,Land Rover,Range,2018,LEMON_LAND_ROVER_RANGE_3000CC_VINK_2018,306DT,Diesel,254,RR/RRS Td6 3.0 diesel 254hp (VINK; fuel col -> Diesel) [WIKIVIN][LRHIST]
38505,Land Rover,Range,2018,LEMON_LAND_ROVER_RANGE_3000CC_VINV_2018,AJ126,,340,RR/RRS/Velar 3.0 SCV6 340hp (VINV) [WIKIVIN][LRVOCAB]
38521,Land Rover,Range,2019,LEMON_LAND_ROVER_RANGE_2000CC_2019,204PT,,246,Evoque/Velar P250 2.0 Ingenium 246hp (VINX + bare) [WIKIVIN][LRVOCAB]
38520,Land Rover,Range,2019,LEMON_LAND_ROVER_RANGE_2000CC_VINN_2019,204DTD,Diesel,180,Velar D180 2.0 Ingenium diesel 180hp (VINN; fuel col -> Diesel) [WIKIVIN][VELAR]
38519,Land Rover,Range,2019,LEMON_LAND_ROVER_RANGE_2000CC_VINX_2019,204PT,,246,Evoque/Velar P250 2.0 Ingenium 246hp (VINX + bare) [WIKIVIN][LRVOCAB]
38516,Land Rover,Range,2019,LEMON_LAND_ROVER_RANGE_2000CC_VINY_2019,P400e 2.0 PHEV (AJ200P + motor),Hybrid,398,RR/RRS P400e 2.0 PHEV 398hp combined (VINY; fuel col -> Hybrid) [WIKIVIN][NEW]
38513,Land Rover,Range,2019,LEMON_LAND_ROVER_RANGE_2019,508PS,,510,RR L405/RRS 2013-21 bare = 5.0 SC 510hp (sole unmarked engine) [WIKIVIN][LRHIST]
38515,Land Rover,Range,2019,LEMON_LAND_ROVER_RANGE_3000CC_VINK_2019,306DT,Diesel,254,RR/RRS Td6 3.0 diesel 254hp (VINK; fuel col -> Diesel) [WIKIVIN][LRHIST]
38517,Land Rover,Range,2019,LEMON_LAND_ROVER_RANGE_3000CC_VINU_2019,AJ300P,,395,RR/RRS 3.0 I6 P400 395hp (VINU; 2022+ L460 P400) [WIKIVIN][LRHIST]
38514,Land Rover,Range,2019,LEMON_LAND_ROVER_RANGE_3000CC_VINV_2019,AJ126,,340,RR/RRS/Velar 3.0 SCV6 340hp (VINV) [WIKIVIN][LRVOCAB]
38535,Land Rover,Range,2020,LEMON_LAND_ROVER_RANGE_2000CC_2020,204PT,,246,Evoque/Velar P250 2.0 Ingenium 246hp (VINX + bare) [WIKIVIN][LRVOCAB]
38537,Land Rover,Range,2020,LEMON_LAND_ROVER_RANGE_2000CC_VINX_2020,204PT,,246,Evoque/Velar P250 2.0 Ingenium 246hp (VINX + bare) [WIKIVIN][LRVOCAB]
38534,Land Rover,Range,2020,LEMON_LAND_ROVER_RANGE_2000CC_VINY_2020,P400e 2.0 PHEV (AJ200P + motor),Hybrid,398,RR/RRS P400e 2.0 PHEV 398hp combined (VINY; fuel col -> Hybrid) [WIKIVIN][NEW]
38533,Land Rover,Range,2020,LEMON_LAND_ROVER_RANGE_2020,508PS,,510,RR L405/RRS 2013-21 bare = 5.0 SC 510hp (sole unmarked engine) [WIKIVIN][LRHIST]
38530,Land Rover,Range,2020,LEMON_LAND_ROVER_RANGE_3000CC_VINK_2020,306DT,Diesel,254,RR/RRS Td6 3.0 diesel 254hp (VINK; fuel col -> Diesel) [WIKIVIN][LRHIST]
38531,Land Rover,Range,2020,LEMON_LAND_ROVER_RANGE_3000CC_VINU_2020,AJ300P,,395,RR/RRS 3.0 I6 P400 395hp (VINU; 2022+ L460 P400) [WIKIVIN][LRHIST]
38538,Land Rover,Range,2020,LEMON_LAND_ROVER_RANGE_3000CC_VINV_2020,AJ126,,340,RR/RRS/Velar 3.0 SCV6 340hp (VINV) [WIKIVIN][LRVOCAB]
38529,Land Rover,Range,2020,LEMON_LAND_ROVER_RANGE_5000CC_2020,508PS,,510,RR/RRS 5.0 SC 510hp (5000CC bare) [WIKIVIN][ROW_FIX 508PS]
38532,Land Rover,Range,2020,LEMON_LAND_ROVER_RANGE_5000CC_VINE_2020,508PS,,510,RR/RRS 5.0 SC (VINE) 510hp [WIKIVIN][ROW_FIX 508PS]
38553,Land Rover,Range,2021,LEMON_LAND_ROVER_RANGE_2000CC_VINX_2021,204PT,,246,Evoque/Velar P250 2.0 Ingenium 246hp (VINX + bare) [WIKIVIN][LRVOCAB]
38546,Land Rover,Range,2021,LEMON_LAND_ROVER_RANGE_2000CC_VINY_2021,P400e 2.0 PHEV (AJ200P + motor),Hybrid,398,RR/RRS P400e 2.0 PHEV 398hp combined (VINY; fuel col -> Hybrid) [WIKIVIN][NEW]
38552,Land Rover,Range,2021,LEMON_LAND_ROVER_RANGE_2021,508PS,,510,RR L405/RRS 2013-21 bare = 5.0 SC 510hp (sole unmarked engine) [WIKIVIN][LRHIST]
38551,Land Rover,Range,2021,LEMON_LAND_ROVER_RANGE_3000CC_VINK_2021,306DT,Diesel,254,RR/RRS Td6 3.0 diesel 254hp (VINK; fuel col -> Diesel) [WIKIVIN][LRHIST]
38548,Land Rover,Range,2021,LEMON_LAND_ROVER_RANGE_3000CC_VINU_2021,AJ300P,,395,RR/RRS 3.0 I6 P400 395hp (VINU; 2022+ L460 P400) [WIKIVIN][LRHIST]
38550,Land Rover,Range,2021,LEMON_LAND_ROVER_RANGE_5000CC_2021,508PS,,510,RR/RRS 5.0 SC 510hp (5000CC bare) [WIKIVIN][ROW_FIX 508PS]
38547,Land Rover,Range,2021,LEMON_LAND_ROVER_RANGE_5000CC_VINE_2021,508PS,,510,RR/RRS 5.0 SC (VINE) 510hp [WIKIVIN][ROW_FIX 508PS]
38567,Land Rover,Range,2022,LEMON_LAND_ROVER_RANGE_2000CC_VINX_2022,204PT,,246,Evoque/Velar P250 2.0 Ingenium 246hp (VINX + bare) [WIKIVIN][LRVOCAB]
38564,Land Rover,Range,2022,LEMON_LAND_ROVER_RANGE_3000CC_VINU_2022,AJ300P,,395,RR/RRS 3.0 I6 P400 395hp (VINU; 2022+ L460 P400) [WIKIVIN][LRHIST]
38565,Land Rover,Range,2022,LEMON_LAND_ROVER_RANGE_5000CC_2022,508PS,,510,RR/RRS 5.0 SC 510hp (5000CC bare) [WIKIVIN][ROW_FIX 508PS]
38562,Land Rover,Range,2022,LEMON_LAND_ROVER_RANGE_5000CC_VINE_2022,508PS,,510,RR/RRS 5.0 SC (VINE) 510hp [WIKIVIN][ROW_FIX 508PS]
38583,Land Rover,Range,2023,LEMON_LAND_ROVER_RANGE_2000CC_2023,204PT,,246,Evoque/Velar P250 2.0 Ingenium 246hp (VINX + bare) [WIKIVIN][LRVOCAB]
38582,Land Rover,Range,2023,LEMON_LAND_ROVER_RANGE_2000CC_VINX_2023,204PT,,246,Evoque/Velar P250 2.0 Ingenium 246hp (VINX + bare) [WIKIVIN][LRVOCAB]
38577,Land Rover,Range,2023,LEMON_LAND_ROVER_RANGE_3000CC_VIN4_2023,P440e/P550e 3.0 I6 PHEV,Hybrid,434,RR P440e 3.0 I6 PHEV 434hp (VIN4; fuel col -> Hybrid) [WIKIVIN][NEW]
38578,Land Rover,Range,2023,LEMON_LAND_ROVER_RANGE_3000CC_VINU_2023,AJ300P,,395,RR/RRS 3.0 I6 P400 395hp (VINU; 2022+ L460 P400) [WIKIVIN][LRHIST]
38575,Land Rover,Range,2023,LEMON_LAND_ROVER_RANGE_4400CC_2023,P530 4.4 V8 TT (N63TU3),,523,RR L460 P530 4.4 N63TU3 523hp (bare + VIN7) [WIKIVIN][NEW]
38579,Land Rover,Range,2023,LEMON_LAND_ROVER_RANGE_4400CC_VIN7_2023,P530 4.4 V8 TT (N63TU3),,523,RR L460 P530 4.4 N63TU3 523hp (VIN7) [WIKIVIN][NEW]
38601,Land Rover,Range,2024,LEMON_LAND_ROVER_RANGE_2000CC_2024,204PT,,246,Evoque/Velar P250 2.0 Ingenium 246hp (VINX + bare) [WIKIVIN][LRVOCAB]
38600,Land Rover,Range,2024,LEMON_LAND_ROVER_RANGE_2000CC_VINX_2024,204PT,,246,Evoque/Velar P250 2.0 Ingenium 246hp (VINX + bare) [WIKIVIN][LRVOCAB]
38594,Land Rover,Range,2024,LEMON_LAND_ROVER_RANGE_3000CC_VIN4_2024,P440e/P550e 3.0 I6 PHEV,Hybrid,542,RR P550e 3.0 I6 PHEV 542hp (VIN4; fuel col -> Hybrid) [WIKIVIN][NEW]
38596,Land Rover,Range,2024,LEMON_LAND_ROVER_RANGE_3000CC_VINU_2024,AJ300P,,395,RR/RRS 3.0 I6 P400 395hp (VINU; 2022+ L460 P400) [WIKIVIN][LRHIST]
38599,Land Rover,Range,2024,LEMON_LAND_ROVER_RANGE_4400CC_2024,P530 MHEV 4.4 V8 TT (S68),,523,RR/RRS P530 4.4 S68 MHEV 523hp (bare 2024-25) [WIKIVIN][NEW]
38595,Land Rover,Range,2024,LEMON_LAND_ROVER_RANGE_4400CC_VIN9_2024,P530 MHEV 4.4 V8 TT (S68),,523,RR/RRS P530 4.4 S68 MHEV 523hp (VIN9) [WIKIVIN][NEW]
38613,Land Rover,Range,2025,LEMON_LAND_ROVER_RANGE_2000CC_2025,204PT,,246,Evoque/Velar P250 2.0 Ingenium 246hp (VINX + bare) [WIKIVIN][LRVOCAB]
38612,Land Rover,Range,2025,LEMON_LAND_ROVER_RANGE_2000CC_VINX_2025,204PT,,246,Evoque/Velar P250 2.0 Ingenium 246hp (VINX + bare) [WIKIVIN][LRVOCAB]
38609,Land Rover,Range,2025,LEMON_LAND_ROVER_RANGE_3000CC_VINU_2025,AJ300P,,395,RR/RRS 3.0 I6 P400 395hp (VINU; 2022+ L460 P400) [WIKIVIN][LRHIST]
38607,Land Rover,Range,2025,LEMON_LAND_ROVER_RANGE_4400CC_2025,P530 MHEV 4.4 V8 TT (S68),,523,RR/RRS P530 4.4 S68 MHEV 523hp (bare 2024-25) [WIKIVIN][NEW]
38611,Land Rover,Range,2025,LEMON_LAND_ROVER_RANGE_4400CC_VIN9_2025,P530 MHEV 4.4 V8 TT (S68),,523,RR/RRS P530 4.4 S68 MHEV 523hp (VIN9) [WIKIVIN][NEW]
30372,Land Rover,Range,2000,LEMON_LAND_ROVER_RANGE_2000,,,SKIP,Range Rover P38 2000: 4.0 SE 188hp vs 4.6 HSE 222hp both offered (Wikibooks VIN 5/6 codes)
34864,Land Rover,Range,2014,LEMON_LAND_ROVER_RANGE_3000CC_2014,,,SKIP,Range 3000CC bare: SCV6 340 vs Td6 254 (vs I6 395 from 2019) - no VIN letter to disambiguate
27378,Land Rover,Range,2015,LEMON_LAND_ROVER_RANGE_3000CC_2015,,,SKIP,Range 3000CC bare: SCV6 340 vs Td6 254 (vs I6 395 from 2019) - no VIN letter to disambiguate
38507,Land Rover,Range,2018,LEMON_LAND_ROVER_RANGE_3000CC_2018,,,SKIP,Range 3000CC bare: SCV6 340 vs Td6 254 (vs I6 395 from 2019) - no VIN letter to disambiguate
38518,Land Rover,Range,2019,LEMON_LAND_ROVER_RANGE_3000CC_2019,,,SKIP,Range 3000CC bare: SCV6 340 vs Td6 254 (vs I6 395 from 2019) - no VIN letter to disambiguate
38536,Land Rover,Range,2020,LEMON_LAND_ROVER_RANGE_3000CC_2020,,,SKIP,Range 3000CC bare: SCV6 340 vs Td6 254 (vs I6 395 from 2019) - no VIN letter to disambiguate
38549,Land Rover,Range,2021,LEMON_LAND_ROVER_RANGE_3000CC_2021,,,SKIP,Range 3000CC bare: SCV6 340 vs Td6 254 (vs I6 395 from 2019) - no VIN letter to disambiguate
38566,Land Rover,Range,2022,LEMON_LAND_ROVER_RANGE_2022,,,SKIP,2022 bare: L405 5.0 SC 510 vs L460 P530 4.4 523 transition year (VINE 2022 covers L405)
38563,Land Rover,Range,2022,LEMON_LAND_ROVER_RANGE_3000CC_2022,,,SKIP,Range 3000CC bare: SCV6 340 vs Td6 254 (vs I6 395 from 2019) - no VIN letter to disambiguate
38580,Land Rover,Range,2023,LEMON_LAND_ROVER_RANGE_2023,,,SKIP,L460 2023-25 bare: P400/P530/P440e-P550e all possible - every L460 engine appears VIN/cc-marked
38581,Land Rover,Range,2023,LEMON_LAND_ROVER_RANGE_3000CC_2023,,,SKIP,Range 3000CC bare: SCV6 340 vs Td6 254 (vs I6 395 from 2019) - no VIN letter to disambiguate
38597,Land Rover,Range,2024,LEMON_LAND_ROVER_RANGE_2024,,,SKIP,L460 2023-25 bare: P400/P530/P440e-P550e all possible - every L460 engine appears VIN/cc-marked
38598,Land Rover,Range,2024,LEMON_LAND_ROVER_RANGE_3000CC_2024,,,SKIP,Range 3000CC bare: SCV6 340 vs Td6 254 (vs I6 395 from 2019) - no VIN letter to disambiguate
38610,Land Rover,Range,2025,LEMON_LAND_ROVER_RANGE_2025,,,SKIP,L460 2023-25 bare: P400/P530/P440e-P550e all possible - every L460 engine appears VIN/cc-marked
38608,Land Rover,Range,2025,LEMON_LAND_ROVER_RANGE_3000CC_2025,,,SKIP,Range 3000CC bare: SCV6 340 vs Td6 254 (vs I6 395 from 2019) - no VIN letter to disambiguate
