variant_id,brand,model,year,engine_code,old_fuel,action,new_engine_code,new_fuel,evidence
39670,Toyota,Corolla,2020,2ZR-FE,Hybrid,RELINK,2ZR-FXE,,"Corolla Hybrid uses the Atkinson-cycle 2ZR-FXE, not the petrol 2ZR-FE"
39698,Toyota,Corolla,2022,2ZR-FE,Hybrid,RELINK,2ZR-FXE,,"Corolla Hybrid uses the Atkinson-cycle 2ZR-FXE, not the petrol 2ZR-FE"
39730,Toyota,Corolla,2023,2ZR-FE,Hybrid,RELINK,2ZR-FXE,,"Corolla Hybrid uses the Atkinson-cycle 2ZR-FXE, not the petrol 2ZR-FE"
39731,Toyota,Corolla,2023,2ZR-FE,Hybrid,RELINK,2ZR-FXE,,"Corolla Hybrid uses the Atkinson-cycle 2ZR-FXE, not the petrol 2ZR-FE"
39732,Toyota,Corolla,2023,2ZR-FE,Hybrid,RELINK,2ZR-FXE,,"Corolla Hybrid uses the Atkinson-cycle 2ZR-FXE, not the petrol 2ZR-FE"
39734,Toyota,Corolla,2023,2ZR-FE,Hybrid,RELINK,2ZR-FXE,,"Corolla Hybrid uses the Atkinson-cycle 2ZR-FXE, not the petrol 2ZR-FE"
39768,Toyota,Corolla,2024,2ZR-FE,Hybrid,RELINK,2ZR-FXE,,"Corolla Hybrid uses the Atkinson-cycle 2ZR-FXE, not the petrol 2ZR-FE"
39769,Toyota,Corolla,2024,2ZR-FE,Hybrid,RELINK,2ZR-FXE,,"Corolla Hybrid uses the Atkinson-cycle 2ZR-FXE, not the petrol 2ZR-FE"
39771,Toyota,Corolla,2024,2ZR-FE,Hybrid,RELINK,2ZR-FXE,,"Corolla Hybrid uses the Atkinson-cycle 2ZR-FXE, not the petrol 2ZR-FE"
39772,Toyota,Corolla,2024,2ZR-FE,Hybrid,RELINK,2ZR-FXE,,"Corolla Hybrid uses the Atkinson-cycle 2ZR-FXE, not the petrol 2ZR-FE"
39813,Toyota,Corolla,2025,2ZR-FE,Hybrid,RELINK,2ZR-FXE,,"Corolla Hybrid uses the Atkinson-cycle 2ZR-FXE, not the petrol 2ZR-FE"
39814,Toyota,Corolla,2025,2ZR-FE,Hybrid,RELINK,2ZR-FXE,,"Corolla Hybrid uses the Atkinson-cycle 2ZR-FXE, not the petrol 2ZR-FE"
39815,Toyota,Corolla,2025,2ZR-FE,Hybrid,RELINK,2ZR-FXE,,"Corolla Hybrid uses the Atkinson-cycle 2ZR-FXE, not the petrol 2ZR-FE"
39816,Toyota,Corolla,2025,2ZR-FE,Hybrid,RELINK,2ZR-FXE,,"Corolla Hybrid uses the Atkinson-cycle 2ZR-FXE, not the petrol 2ZR-FE"
38705,Lexus,Gx,2024,T24A-FTS,Hybrid,RELINK,T24A-FTS (i-FORCE MAX),,Crown/Grand Highlander/GX550/Land Cruiser hybrids are the i-FORCE MAX version of this engine
38724,Lexus,Gx,2025,T24A-FTS,Hybrid,RELINK,T24A-FTS (i-FORCE MAX),,Crown/Grand Highlander/GX550/Land Cruiser hybrids are the i-FORCE MAX version of this engine
39736,Toyota,Crown,2023,T24A-FTS,Hybrid,RELINK,T24A-FTS (i-FORCE MAX),,Crown/Grand Highlander/GX550/Land Cruiser hybrids are the i-FORCE MAX version of this engine
39773,Toyota,Crown,2024,T24A-FTS,Hybrid,RELINK,T24A-FTS (i-FORCE MAX),,Crown/Grand Highlander/GX550/Land Cruiser hybrids are the i-FORCE MAX version of this engine
39778,Toyota,Grand,2024,T24A-FTS,Hybrid,RELINK,T24A-FTS (i-FORCE MAX),,Crown/Grand Highlander/GX550/Land Cruiser hybrids are the i-FORCE MAX version of this engine
39784,Toyota,Land Cruiser,2024,T24A-FTS,Hybrid,RELINK,T24A-FTS (i-FORCE MAX),,Crown/Grand Highlander/GX550/Land Cruiser hybrids are the i-FORCE MAX version of this engine
39818,Toyota,Crown,2025,T24A-FTS,Hybrid,RELINK,T24A-FTS (i-FORCE MAX),,Crown/Grand Highlander/GX550/Land Cruiser hybrids are the i-FORCE MAX version of this engine
39823,Toyota,Grand,2025,T24A-FTS,Hybrid,RELINK,T24A-FTS (i-FORCE MAX),,Crown/Grand Highlander/GX550/Land Cruiser hybrids are the i-FORCE MAX version of this engine
39828,Toyota,Land Cruiser,2025,T24A-FTS,Hybrid,RELINK,T24A-FTS (i-FORCE MAX),,Crown/Grand Highlander/GX550/Land Cruiser hybrids are the i-FORCE MAX version of this engine
39710,Toyota,Sequoia,2022,V35A-FTS,Hybrid,RELINK,V35A-FTS (i-FORCE MAX),,Sequoia is i-FORCE MAX only; the hybrid gets its own row
39747,Toyota,Sequoia,2023,V35A-FTS,Hybrid,RELINK,V35A-FTS (i-FORCE MAX),,Sequoia is i-FORCE MAX only; the hybrid gets its own row
39790,Toyota,Sequoia,2024,V35A-FTS,Hybrid,RELINK,V35A-FTS (i-FORCE MAX),,Sequoia is i-FORCE MAX only; the hybrid gets its own row
39833,Toyota,Sequoia,2025,V35A-FTS,Hybrid,RELINK,V35A-FTS (i-FORCE MAX),,Sequoia is i-FORCE MAX only; the hybrid gets its own row
16255,Lexus,"RX (MHU3_, GSU3_, MCU3_)",2004,3MZ-FE,Hybrid,RELINK,3MZ-FE Hybrid,,RX400h and Highlander Hybrid run the Atkinson 3MZ-FE with HSD
16256,Lexus,"RX (MHU3_, GSU3_, MCU3_)",2003,3MZ-FE,Hybrid,RELINK,3MZ-FE Hybrid,,RX400h and Highlander Hybrid run the Atkinson 3MZ-FE with HSD
32924,Toyota,Highlander,2008,3MZ-FE,Hybrid,RELINK,3MZ-FE Hybrid,,RX400h and Highlander Hybrid run the Atkinson 3MZ-FE with HSD
32949,Toyota,Highlander,2009,3MZ-FE,Hybrid,RELINK,3MZ-FE Hybrid,,RX400h and Highlander Hybrid run the Atkinson 3MZ-FE with HSD
19210,Nissan,ALTIMA Coupe,2005,QR25DE,Hybrid,RELINK,QR25DE Hybrid,,Altima Hybrid and Rogue Hybrid pair the QR25DE with a motor
19211,Nissan,Altima,2005,QR25DE,Hybrid,RELINK,QR25DE Hybrid,,Altima Hybrid and Rogue Hybrid pair the QR25DE with a motor
32556,Nissan,Altima,2007,QR25DE,Hybrid,RELINK,QR25DE Hybrid,,Altima Hybrid and Rogue Hybrid pair the QR25DE with a motor
39308,Nissan,Rogue,2019,QR25DE,Hybrid,RELINK,QR25DE Hybrid,,Altima Hybrid and Rogue Hybrid pair the QR25DE with a motor
28902,Nissan,Murano,2016,VQ35DE,Hybrid,RELINK,QR25DER Hybrid,,"Pathfinder Hybrid and Murano Hybrid use the supercharged 2.5 four, not the VQ35DE V6"
35404,Nissan,Pathfinder,2014,VQ35DE,Hybrid,RELINK,QR25DER Hybrid,,"Pathfinder Hybrid and Murano Hybrid use the supercharged 2.5 four, not the VQ35DE V6"
37978,Hyundai,Tucson,2022,G4FJ,Hybrid,RELINK,G4FT (1.6 T-GDI hybrid),,"Tucson Hybrid is the 1.6 T-GDI hybrid, 226hp system"
37996,Hyundai,Tucson,2023,G4FJ,Hybrid,RELINK,G4FT (1.6 T-GDI hybrid),,"Tucson Hybrid is the 1.6 T-GDI hybrid, 226hp system"
38013,Hyundai,Tucson,2024,G4FJ,Hybrid,RELINK,G4FT (1.6 T-GDI hybrid),,"Tucson Hybrid is the 1.6 T-GDI hybrid, 226hp system"
38030,Hyundai,Tucson,2025,G4FJ,Hybrid,RELINK,G4FT (1.6 T-GDI hybrid),,"Tucson Hybrid is the 1.6 T-GDI hybrid, 226hp system"
37945,Hyundai,Elantra,2021,G4FJ,Hybrid,RELINK,G4LE (1.6 GDI Atkinson hybrid),,"Elantra Hybrid is the 1.6 GDI Atkinson hybrid, 139hp system - not the T-GDI"
37964,Hyundai,Elantra,2022,G4FJ,Hybrid,RELINK,G4LE (1.6 GDI Atkinson hybrid),,"Elantra Hybrid is the 1.6 GDI Atkinson hybrid, 139hp system - not the T-GDI"
38017,Hyundai,Elantra,2025,G4FJ,Hybrid,RELINK,G4LE (1.6 GDI Atkinson hybrid),,"Elantra Hybrid is the 1.6 GDI Atkinson hybrid, 139hp system - not the T-GDI"
27240,Hyundai,Sonata,2015,G4KJ,Hybrid,RELINK,G4KK (2.4 GDI hybrid),,Sonata Hybrid 2011-2015 uses the Atkinson 2.4 GDI hybrid
34635,Hyundai,Sonata,2014,G4KJ,Hybrid,RELINK,G4KK (2.4 GDI hybrid),,Sonata Hybrid 2011-2015 uses the Atkinson 2.4 GDI hybrid
29035,Toyota,Highlander,2017,2GR-FKS,Hybrid,RELINK,2GR-FXE,,Highlander Hybrid uses the Atkinson 2GR-FXE
39614,Toyota,Highlander,2018,2GR-FKS,Hybrid,RELINK,2GR-FXE,,Highlander Hybrid uses the Atkinson 2GR-FXE
39643,Toyota,Highlander,2019,2GR-FKS,Hybrid,RELINK,2GR-FXE,,Highlander Hybrid uses the Atkinson 2GR-FXE
27727,Toyota,Highlander,2015,2GR-FE,Hybrid,RELINK,2GR-FXE,,Highlander Hybrid uses the Atkinson 2GR-FXE
29008,Toyota,Highlander,2016,2GR-FE,Hybrid,RELINK,2GR-FXE,,Highlander Hybrid uses the Atkinson 2GR-FXE
11462,Lexus,"GS (GRS19_, UZS19_, GWS19_)",2005,2GR-FSE,Hybrid,RELINK,2GR-FXE,,"GS450h runs the hybrid 2GR, not the direct-injection petrol GS350 engine"
16410,Lexus,"GS (GRS19_, UZS19_, GWS19_)",2005,2GR-FSE,Hybrid,RELINK,2GR-FXE,,"GS450h runs the hybrid 2GR, not the direct-injection petrol GS350 engine"
29014,Toyota,Rav4,2016,2AR-FE,Hybrid,RELINK,2AR-FXE,,RAV4 Hybrid uses the Atkinson 2AR-FXE
29041,Toyota,Rav4,2017,2AR-FE,Hybrid,RELINK,2AR-FXE,,RAV4 Hybrid uses the Atkinson 2AR-FXE
39649,Toyota,Rav4,2019,A25A-FKS,Hybrid,RELINK,A25A-FXS,,RAV4 Hybrid uses the Atkinson A25A-FXS
25400,Mercedes,"S-CLASS (W222, V222, X222)",2012,OM651.921,Hybrid,RELINK,OM651 BlueTEC Hybrid,,C 300 h / S 300 h are diesel hybrids: OM651 plus a motor
25401,Mercedes,"S-CLASS (W222, V222, X222)",2012,OM651.921,Hybrid,RELINK,OM651 BlueTEC Hybrid,,C 300 h / S 300 h are diesel hybrids: OM651 plus a motor
25778,Mercedes,C-CLASS (W205),2012,OM651.921,Hybrid,RELINK,OM651 BlueTEC Hybrid,,C 300 h / S 300 h are diesel hybrids: OM651 plus a motor
26196,Mercedes,C-CLASS T-Model (S205),2013,OM651.921,Hybrid,RELINK,OM651 BlueTEC Hybrid,,C 300 h / S 300 h are diesel hybrids: OM651 plus a motor
12238,Citroen,DS5,2010,RHH (DW10CTED4),Hybrid,RELINK,DW10 HYbrid4,,3008/508/DS5 HYbrid4 are diesel hybrids with a rear e-motor
22835,Peugeot,3008,2010,RHH (DW10CTED4),Hybrid,RELINK,DW10 HYbrid4,,3008/508/DS5 HYbrid4 are diesel hybrids with a rear e-motor
24582,Peugeot,508,2009,RHH (DW10CTED4),Hybrid,RELINK,DW10 HYbrid4,,3008/508/DS5 HYbrid4 are diesel hybrids with a rear e-motor
26207,Citroen,DS5,2010,AHX(DW10FD),Hybrid,RELINK,DW10 HYbrid4,,DS5 HYbrid4 is a diesel hybrid with a rear e-motor
11270,Peugeot,508 SW,2010,RHC(DW10CTED4),Hybrid,RELINK,DW10 HYbrid4,,508 HYbrid4 moves to the explicit hybrid row so its code can go back to being a plain diesel
11271,Peugeot,508 SW,2010,RHC(DW10CTED4),Hybrid,RELINK,DW10 HYbrid4,,508 HYbrid4 moves to the explicit hybrid row so its code can go back to being a plain diesel
12239,Citroen,DS5,2010,RHC(DW10CTED4),Hybrid,RELINK,DW10 HYbrid4,,508 HYbrid4 moves to the explicit hybrid row so its code can go back to being a plain diesel
23311,Peugeot,3008,2010,RHC(DW10CTED4),Hybrid,RELINK,DW10 HYbrid4,,508 HYbrid4 moves to the explicit hybrid row so its code can go back to being a plain diesel
23312,Peugeot,3008,2010,RHC(DW10CTED4),Hybrid,RELINK,DW10 HYbrid4,,508 HYbrid4 moves to the explicit hybrid row so its code can go back to being a plain diesel
24583,Peugeot,508,2009,RHC(DW10CTED4),Hybrid,RELINK,DW10 HYbrid4,,508 HYbrid4 moves to the explicit hybrid row so its code can go back to being a plain diesel
39141,Mercedes,S580e,2023,M256 3.0 I6 Turbo,Hybrid,RELINK,M256 PHEV (S580e),,S 580 e is a plug-in hybrid; the other 24 variants of M256 are EQ Boost mild hybrids and stay Petrol
39174,Mercedes,S580e,2024,M256 3.0 I6 Turbo,Hybrid,RELINK,M256 PHEV (S580e),,S 580 e is a plug-in hybrid; the other 24 variants of M256 are EQ Boost mild hybrids and stay Petrol
39204,Mercedes,S580e,2025,M256 3.0 I6 Turbo,Hybrid,RELINK,M256 PHEV (S580e),,S 580 e is a plug-in hybrid; the other 24 variants of M256 are EQ Boost mild hybrids and stay Petrol
38925,Mercedes,S450,2018,M276.824,Petrol,RELINK,M276 3.0 BiTurbo (S450),,"S450's EQ Boost 48V system cannot drive the car, so it is petrol - M276.824 stays with the plug-in S560e"
38964,Mercedes,S450,2019,M276.824,Petrol,RELINK,M276 3.0 BiTurbo (S450),,"S450's EQ Boost 48V system cannot drive the car, so it is petrol - M276.824 stays with the plug-in S560e"
39006,Mercedes,S450,2020,M276.824,Petrol,RELINK,M276 3.0 BiTurbo (S450),,"S450's EQ Boost 48V system cannot drive the car, so it is petrol - M276.824 stays with the plug-in S560e"
39145,Mercedes,Sprinter,2023,654,Petrol,RELINK,"OM654 2.0 I4 CDI (Sprinter, 161-168hp)",,"duplicate stub code for the Sprinter OM654 four, merged into the row batch 43 created"
17441,Toyota,"PREVIA (MCR3_, ACR3_, CLR3_)",2002,2AZ-FXE,Petrol,RELINK,2AZ-FE,,Previa is not a hybrid; it runs the plain 2AZ-FE
17475,Toyota,"CAMRY (MCV3_, ACV3_, _XV3_)",2005,2AZ-FXE,Petrol,RELINK,2AZ-FE,,the XV30 Camry is not a hybrid; it runs the plain 2AZ-FE
10936,Toyota,PRIUS PLUS (ZVW4_),2010,2ZR-FXE,Petrol,VAR_FUEL,,Hybrid,"every 2ZR-FXE car is a hybrid - Prius, Prius+, Auris Hybrid"
21179,Toyota,PRIUS (ZVW3_),2008,2ZR-FXE,Petrol,VAR_FUEL,,Hybrid,"every 2ZR-FXE car is a hybrid - Prius, Prius+, Auris Hybrid"
24244,Toyota,"AURIS (NZE18_, ZRE18_)",2011,2ZR-FXE,Petrol,VAR_FUEL,,Hybrid,"every 2ZR-FXE car is a hybrid - Prius, Prius+, Auris Hybrid"
25090,Toyota,"AURIS TOURING SPORTS (ADE18_, ZWE18_, ZRE18_)",2012,2ZR-FXE,Petrol,VAR_FUEL,,Hybrid,"every 2ZR-FXE car is a hybrid - Prius, Prius+, Auris Hybrid"
25537,Toyota,"NOAH/VOXY (ZRR8_, ZWR8_)",2012,2ZR-FXE,Petrol,VAR_FUEL,,Hybrid,"every 2ZR-FXE car is a hybrid - Prius, Prius+, Auris Hybrid"
26330,Toyota,"ESQUIRE (ZRR8_, ZWR8_)",2013,2ZR-FXE,Petrol,VAR_FUEL,,Hybrid,"every 2ZR-FXE car is a hybrid - Prius, Prius+, Auris Hybrid"
8055,Toyota,Prius,2003,1NZ-FXE,Petrol,VAR_FUEL,,Hybrid,1NZ-FXE is the Prius/Prius c hybrid engine
26332,Toyota,"COROLLA Estate (NKE16_, NZE16_)",2013,1NZ-FXE,Petrol,VAR_FUEL,,Hybrid,1NZ-FXE is the Prius/Prius c hybrid engine
24762,Lexus,"IS III (GSE3_, AVE3_)",2012,2AR-FSE,Petrol,VAR_FUEL,,Hybrid,IS300h and RC300h are hybrids
25638,Lexus,"RC (GSC1_, USC1_)",2012,2AR-FSE,Petrol,VAR_FUEL,,Hybrid,IS300h and RC300h are hybrids
19044,Lexus,"RX (GYL1_, GGL15, AGL10)",2011,2GR-FXE,Petrol,VAR_FUEL,,Hybrid,RX450h is a hybrid
9838,Toyota,SAI (AZK1_),2008,2AZ-FXE,Petrol,VAR_FUEL,,Hybrid,the Toyota SAI is a hybrid-only model
17316,Toyota,CAMRY Saloon (_XV4_),2005,2AZ-FXE,Petrol,VAR_FUEL,,Hybrid,the XV40 Camry Hybrid is a hybrid
35061,Mercedes,S400,2010,M272.974,Petrol,VAR_FUEL,,Hybrid,the only S400 of this generation was the S400 HYBRID
35094,Mercedes,S400,2011,M272.974,Petrol,VAR_FUEL,,Hybrid,the only S400 of this generation was the S400 HYBRID
35128,Mercedes,S400,2012,M272.974,Petrol,VAR_FUEL,,Hybrid,the only S400 of this generation was the S400 HYBRID
35168,Mercedes,S400,2013,M272.974,Petrol,VAR_FUEL,,Hybrid,the only S400 of this generation was the S400 HYBRID
28777,Mercedes,C350e,2016,M274 PHEV (C350e),Petrol,VAR_FUEL,,Hybrid,C350e is a plug-in hybrid
28829,Mercedes,C350e,2017,M274 PHEV (C350e),Petrol,VAR_FUEL,,Hybrid,C350e is a plug-in hybrid
38897,Mercedes,C350e,2018,M274 PHEV (C350e),Petrol,VAR_FUEL,,Hybrid,C350e is a plug-in hybrid
27514,Mercedes,S550e,2015,M276 3.0 PHEV,Petrol,VAR_FUEL,,Hybrid,S550e is a plug-in hybrid
28813,Mercedes,S550e,2016,M276 3.0 PHEV,Petrol,VAR_FUEL,,Hybrid,S550e is a plug-in hybrid
28859,Mercedes,S550e,2017,M276 3.0 PHEV,Petrol,VAR_FUEL,,Hybrid,S550e is a plug-in hybrid
39104,Mercedes,C63,2023,M139 PHEV (C63),Petrol,VAR_FUEL,,Hybrid,C63 S E Performance is a plug-in hybrid
17592,Honda,INSIGHT (ZE),2000,ECA1,Petrol,VAR_FUEL,,Hybrid,the first-generation Insight is an IMA hybrid
1448,Audi,A6,2011,CHJA,Petrol,VAR_FUEL,,Hybrid,Q5/A6 hybrid - the engine row is named '2.0 TFSI Hybrid'
1565,Audi,Q5,2011,CHJA,Petrol,VAR_FUEL,,Hybrid,Q5/A6 hybrid - the engine row is named '2.0 TFSI Hybrid'
8750,Volkswagen,Jetta,2012,CRJA,Petrol,VAR_FUEL,,Hybrid,Jetta Hybrid 1.4 TSI
27468,Mercedes,B,2015,W242 Electric (B250e),Petrol,VAR_FUEL,,Electric,the B250e is battery-electric
28782,Mercedes,B250e,2016,W242 Electric (B250e),Petrol,VAR_FUEL,,Electric,the B250e is battery-electric
28827,Mercedes,B250e,2017,W242 Electric (B250e),Petrol,VAR_FUEL,,Electric,the B250e is battery-electric
35183,Mercedes,B,2014,W242 Electric (B250e),Petrol,VAR_FUEL,,Electric,the B250e is battery-electric
14270,Mazda,RX 8 (SE17),2003,13B-MSP,Wankel,VAR_FUEL,,Petrol,"Wankel is an engine layout, not a fuel; the RX-8 burns petrol"
14271,Mazda,RX 8 (SE17),2003,13B-MSP,Wankel,VAR_FUEL,,Petrol,"Wankel is an engine layout, not a fuel; the RX-8 burns petrol"
20167,Mazda,RX 8 (SE17),2003,13B-MSP,Wankel,VAR_FUEL,,Petrol,"Wankel is an engine layout, not a fuel; the RX-8 burns petrol"
18031,Citroen,C3 Pluriel (HB_),2004,KFV (TU3JP),Hybrid (Petrol-/ Electro.),VAR_FUEL,,Petrol,the C3 Pluriel 1.4 8v is not a hybrid
19867,Citroen,BERLINGO (MF),2004,KFW (TU3JP),Hybrid,VAR_FUEL,,Petrol,the Berlingo 1.4 8v is not a hybrid
26284,Nissan,FUGA,2009,VQ35HR,Hybrid,VAR_FUEL,,Petrol,the 2009 Fuga 350 is not a hybrid; the Fuga Hybrid arrived in 2011
26640,Mercedes,C-CLASS (W205),2013,M274.920,Hybrid,VAR_FUEL,,Petrol,"M274.920 is a petrol-only engine code; the hybrid C-Class of this period is the OM651 diesel hybrid, which has its own row"
26644,Mercedes,C-CLASS (W205),2013,M274.920,Hybrid,VAR_FUEL,,Petrol,"M274.920 is a petrol-only engine code; the hybrid C-Class of this period is the OM651 diesel hybrid, which has its own row"
26646,Mercedes,C-CLASS T-Model (S205),2013,M274.920,Hybrid,VAR_FUEL,,Petrol,"M274.920 is a petrol-only engine code; the hybrid C-Class of this period is the OM651 diesel hybrid, which has its own row"
26648,Mercedes,C-CLASS T-Model (S205),2013,M274.920,Hybrid,VAR_FUEL,,Petrol,"M274.920 is a petrol-only engine code; the hybrid C-Class of this period is the OM651 diesel hybrid, which has its own row"
23823,Mercedes,E-CLASS (W212),2010,OM651.924,Hybrid,VAR_FUEL,,Diesel,the 2010 E-Class on OM651 is a plain diesel; the E300 BlueTEC Hybrid arrived in 2012
24738,Mercedes,E-CLASS T-Model (S212),2010,OM651.924,Hybrid,VAR_FUEL,,Diesel,the 2010 E-Class on OM651 is a plain diesel; the E300 BlueTEC Hybrid arrived in 2012
6351,Opel,Signum,2003,Y30DT,Petrol,VAR_FUEL,,Diesel,Y30DT is the 3.0 CDTI V6 diesel
6352,Opel,Signum,2003,Y30DT,Petrol,VAR_FUEL,,Diesel,Y30DT is the 3.0 CDTI V6 diesel
6397,Opel,Vectra,2003,Y30DT,Petrol,VAR_FUEL,,Diesel,Y30DT is the 3.0 CDTI V6 diesel
3635,GWM,Hover 6,2014,GW4G15T,Diesel,VAR_FUEL,,Petrol,GW4G15T is a 1.5 turbo petrol
18498,Peugeot,"308 (4A_, 4C_)",2006,X16SZR,Diesel,VAR_FUEL,,Petrol,X16SZR is an Opel 1.6 petrol
26742,Audi,A8,2015,CTUA,Diesel,VAR_FUEL,,Petrol,"these A7/A8 rows carry 310hp, the 3.0 TFSI figure their non-conflicting siblings carry; a 3.0 TDI of these years reads 240hp"
27885,Audi,A8,2016,CTUA,Diesel,VAR_FUEL,,Petrol,"these A7/A8 rows carry 310hp, the 3.0 TFSI figure their non-conflicting siblings carry; a 3.0 TDI of these years reads 240hp"
33249,Audi,A7,2014,CTUA,Diesel,VAR_FUEL,,Petrol,"these A7/A8 rows carry 310hp, the 3.0 TFSI figure their non-conflicting siblings carry; a 3.0 TDI of these years reads 240hp"
33252,Audi,A8,2014,CTUA,Diesel,VAR_FUEL,,Petrol,"these A7/A8 rows carry 310hp, the 3.0 TFSI figure their non-conflicting siblings carry; a 3.0 TDI of these years reads 240hp"
33144,Audi,A3,2010,BGB,Diesel,VAR_FUEL,,Petrol,"these A3 rows carry 197hp, the 2.0 TFSI figure - not a TDI rating"
33180,Audi,A3,2012,BGB,Diesel,VAR_FUEL,,Petrol,"these A3 rows carry 197hp, the 2.0 TFSI figure - not a TDI rating"
26723,Audi,A3,2015,CWZA,Diesel,VAR_FUEL,,Petrol,"these A3 rows carry 228hp, the 2.0 TFSI figure - not a TDI rating"
27871,Audi,A3,2016,CWZA,Diesel,VAR_FUEL,,Petrol,"these A3 rows carry 228hp, the 2.0 TFSI figure - not a TDI rating"
