kind,ref,what,engine_code,hp,stored_kw,expected_kw
variant,3631,GWM C50,GW4G15T,133,103.7,97.8
variant,14921,Ligier NOVA,LDW502,5,4.0,3.7
variant,14924,Piaggio M500,LDW502,5,4.0,3.7
variant,17277,Renault TWIZY (MAM_),3CG400,5,4.0,3.7
variant,17647,Holden ASTRA Convertible (TS),Z20LET,192,147.0,141.2
variant,17648,Holden ASTRA Convertible (TS),Z20LER,192,147.0,141.2
variant,23643,Honda ELYSION,C35A8,249,221.0,183.1
variant,24582,Peugeot 508,DW10 HYbrid4,163,147.0,119.9
variant,24583,Peugeot 508,DW10 HYbrid4,163,147.0,119.9
variant,24782,"Toyota COASTER Bus (TRB5_, XZB5_, RZB4_, HZB5_, BZB5_, BB4_)",1H-Z,131,100.0,96.4
variant,24783,"Toyota COASTER Bus (TRB5_, XZB5_, RZB4_, HZB5_, BZB5_, BB4_)",W04D-TR,131,100.0,96.4
variant,25749,Ligier BE UP,LDW502,5,4.0,3.7
engine,215,Audi A4,AWM,170,108.9,125.0
engine,507,Bmw 1 Series,B3815KT0,357,167.7,262.6
engine,535,Bmw 320d (E90/E92) / 318d,M47D20TU2,163,89.0,119.9
engine,615,Bmw 650i (F13) / X5 xDrive50i,N63B44,407,402.3,299.3
engine,716,Chrysler Pt Cruiser,EDZ,150,103.7,110.3
engine,828,Dodge Neon,2.4 16v Turbo SRT-4,230,150.8,169.2
engine,1185,Gwm C50,GW4G15T,133,103.7,97.8
engine,1197,Holden Commodore Vz,LY7,255,172.8,187.6
engine,1240,Hyundai Grandeur HG / Cadenza / Santa Fe (DM),G6DH,292,181.7,214.8
engine,1315,Infiniti Ex,VQ35HR,306,217.7,225.1
engine,1318,Infiniti M,VK56VD,400,264.8,294.2
engine,1328,Toyota Camry / ES300 / RX300,1MZ-FE,201,315.5,147.8
engine,1482,Lotus Elise,1ZZ-FE,130,98.6,95.6
engine,1560,Mazda Rx-8,13B-MSP,212,139.0,155.9
engine,1736,Nissan Patrol,VK56VDE,390,236.8,286.8
engine,2289,Toyota Prius,1NZ-FXE,76,52.2,55.9
engine,2432,Volkswagen Golf,CXCA,210,159.6,154.5
engine,2434,Volkswagen Golf,CXDA,228,159.6,167.7
engine,2501,Volkswagen Phaeton,BKL,220,174.3,161.8
engine,2638,Land Rover DISCOVERY IV (LA),306DT,254,155.0,186.8
engine,2641,Mitsubishi i (HA_),Y4F1,66,35.0,48.5
engine,2643,"Jaguar XJ (X35_, _J12_, _J24_)",508PS,510,346.0,375.1
engine,2721,Mini MINI (R56),N16B16A,121,85.0,89.0
engine,2741,"BMW 7 (F01, F02, F03, F04)",N63B44A,449,342.0,330.2
engine,2796,Honda CR-V IV (RE),K24Z7,205,138.0,150.8
engine,2842,Honda CR-V IV (RE),K24A4,160,140.0,117.7
engine,2969,Ford FIESTA VI,C20LET,204,51.0,150.0
engine,3247,Nissan MAXIMA QX (A33),VQ30DE,227,147.0,167.0
engine,3294,"Chrysler RAM 4000 Platform/Chassis (DH, DR, D1, DC, DM)",EZC,340,282.0,250.1
engine,3297,"Chrysler VOYAGER IV (RG, RS)",EGA,180,128.0,132.4
engine,3437,Mazda MPV II (LW),FS,130,88.0,95.6
engine,3572,"Suzuki GRAND VITARA I (FT, GT)",H27A,185,127.0,136.1
engine,3815,Ligier NOVA,LDW502,5,4.0,3.7
engine,3942,Infiniti FX,VK45DE,340,232.0,250.1
engine,4041,Chevrolet EPICA (KL1_),LF4,464,115.0,341.3
engine,4092,Lexus LFA (LFA10_),1LR-GUE,553,420.0,406.7
engine,4096,Honda LEGEND IV (KB_),J35A8,248,217.0,182.4
engine,4105,Renault TWIZY (MAM_),3CG400,5,4.0,3.7
engine,4162,Mercedes GLK-CLASS (X204),M274.920,241,155.0,177.3
engine,4224,Honda LAGREAT,J35A5,265,188.0,194.9
engine,4230,Acura MDX (YD1),J35A4,240,193.0,176.5
engine,4366,BMW i3,IB1P25B,170,75.0,125.0
engine,4384,Acura RL,J35A6,244,213.0,179.5
engine,4804,Hyundai GENESIS (BH),G6DJ,311,246.0,228.7
engine,4910,Kia OPTIMA,G4NE,192,110.0,141.2
engine,4973,Chrysler CHALLENGER Coupe,ESH,485,346.0,356.7
engine,5087,"Mercedes S-CLASS (W222, V222, X222)",M276.824,362,245.0,266.3
