deleted_id,kept_id,group_size,brand,model,year,engine_code,fuel,hp
27628,27627,11,Nissan,Versa,2015,HR16DE,Petrol,109
27629,27627,11,Nissan,Versa,2015,HR16DE,Petrol,109
27630,27627,11,Nissan,Versa,2015,HR16DE,Petrol,109
27631,27627,11,Nissan,Versa,2015,HR16DE,Petrol,109
27632,27627,11,Nissan,Versa,2015,HR16DE,Petrol,109
27633,27627,11,Nissan,Versa,2015,HR16DE,Petrol,109
27634,27627,11,Nissan,Versa,2015,HR16DE,Petrol,109
27635,27627,11,Nissan,Versa,2015,HR16DE,Petrol,109
27636,27627,11,Nissan,Versa,2015,HR16DE,Petrol,109
27637,27627,11,Nissan,Versa,2015,HR16DE,Petrol,109
27733,27732,11,Toyota,Prius,2015,2ZR-FXE,Hybrid,99
27734,27732,11,Toyota,Prius,2015,2ZR-FXE,Hybrid,99
27736,27732,11,Toyota,Prius,2015,2ZR-FXE,Hybrid,99
27737,27732,11,Toyota,Prius,2015,2ZR-FXE,Hybrid,99
27738,27732,11,Toyota,Prius,2015,2ZR-FXE,Hybrid,99
27739,27732,11,Toyota,Prius,2015,2ZR-FXE,Hybrid,99
27743,27732,11,Toyota,Prius,2015,2ZR-FXE,Hybrid,99
27744,27732,11,Toyota,Prius,2015,2ZR-FXE,Hybrid,99
27746,27732,11,Toyota,Prius,2015,2ZR-FXE,Hybrid,99
27747,27732,11,Toyota,Prius,2015,2ZR-FXE,Hybrid,99
27573,27572,10,Nissan,Juke,2015,MR16DDT,Petrol,188
27574,27572,10,Nissan,Juke,2015,MR16DDT,Petrol,188
27575,27572,10,Nissan,Juke,2015,MR16DDT,Petrol,188
27576,27572,10,Nissan,Juke,2015,MR16DDT,Petrol,188
27577,27572,10,Nissan,Juke,2015,MR16DDT,Petrol,188
27578,27572,10,Nissan,Juke,2015,MR16DDT,Petrol,188
27579,27572,10,Nissan,Juke,2015,MR16DDT,Petrol,188
27580,27572,10,Nissan,Juke,2015,MR16DDT,Petrol,188
27581,27572,10,Nissan,Juke,2015,MR16DDT,Petrol,188
26966,26965,9,Chevrolet,Tahoe,2015,L83,Petrol,355
26967,26965,9,Chevrolet,Tahoe,2015,L83,Petrol,355
26968,26965,9,Chevrolet,Tahoe,2015,L83,Petrol,355
26969,26965,9,Chevrolet,Tahoe,2015,L83,Petrol,355
26970,26965,9,Chevrolet,Tahoe,2015,L83,Petrol,355
26971,26965,9,Chevrolet,Tahoe,2015,L83,Petrol,355
26972,26965,9,Chevrolet,Tahoe,2015,L83,Petrol,355
26973,26965,9,Chevrolet,Tahoe,2015,L83,Petrol,355
27169,27168,9,GMC,Yukon,2015,L83,Petrol,355
27170,27168,9,GMC,Yukon,2015,L83,Petrol,355
27171,27168,9,GMC,Yukon,2015,L83,Petrol,355
27172,27168,9,GMC,Yukon,2015,L83,Petrol,355
27173,27168,9,GMC,Yukon,2015,L83,Petrol,355
27174,27168,9,GMC,Yukon,2015,L83,Petrol,355
27175,27168,9,GMC,Yukon,2015,L83,Petrol,355
27176,27168,9,GMC,Yukon,2015,L83,Petrol,355
27208,27207,9,Honda,Pilot,2015,J35A9,Petrol,250
27209,27207,9,Honda,Pilot,2015,J35A9,Petrol,250
27210,27207,9,Honda,Pilot,2015,J35A9,Petrol,250
27211,27207,9,Honda,Pilot,2015,J35A9,Petrol,250
27212,27207,9,Honda,Pilot,2015,J35A9,Petrol,250
27213,27207,9,Honda,Pilot,2015,J35A9,Petrol,250
27214,27207,9,Honda,Pilot,2015,J35A9,Petrol,250
27215,27207,9,Honda,Pilot,2015,J35A9,Petrol,250
27060,27059,8,Fiat,500L,2015,1.4 MultiAir Turbo (Dart/Renegade),Petrol,160
27061,27059,8,Fiat,500L,2015,1.4 MultiAir Turbo (Dart/Renegade),Petrol,160
27062,27059,8,Fiat,500L,2015,1.4 MultiAir Turbo (Dart/Renegade),Petrol,160
27063,27059,8,Fiat,500L,2015,1.4 MultiAir Turbo (Dart/Renegade),Petrol,160
27064,27059,8,Fiat,500L,2015,1.4 MultiAir Turbo (Dart/Renegade),Petrol,160
27065,27059,8,Fiat,500L,2015,1.4 MultiAir Turbo (Dart/Renegade),Petrol,160
27066,27059,8,Fiat,500L,2015,1.4 MultiAir Turbo (Dart/Renegade),Petrol,160
27260,27258,8,Infiniti,Q60,2015,VQ37VHR,Petrol,328
27261,27258,8,Infiniti,Q60,2015,VQ37VHR,Petrol,328
27262,27258,8,Infiniti,Q60,2015,VQ37VHR,Petrol,328
27263,27258,8,Infiniti,Q60,2015,VQ37VHR,Petrol,328
27264,27258,8,Infiniti,Q60,2015,VQ37VHR,Petrol,328
27265,27258,8,Infiniti,Q60,2015,VQ37VHR,Petrol,328
27266,27258,8,Infiniti,Q60,2015,VQ37VHR,Petrol,328
27612,27609,8,Nissan,Rogue,2015,QR25DE,Petrol,171
27613,27609,8,Nissan,Rogue,2015,QR25DE,Petrol,171
27614,27609,8,Nissan,Rogue,2015,QR25DE,Petrol,171
27615,27609,8,Nissan,Rogue,2015,QR25DE,Petrol,171
27616,27609,8,Nissan,Rogue,2015,QR25DE,Petrol,171
27617,27609,8,Nissan,Rogue,2015,QR25DE,Petrol,171
27618,27609,8,Nissan,Rogue,2015,QR25DE,Petrol,171
27757,27756,8,Toyota,Sienna,2015,2GR-FE,Petrol,272
27758,27756,8,Toyota,Sienna,2015,2GR-FE,Petrol,272
27759,27756,8,Toyota,Sienna,2015,2GR-FE,Petrol,272
27760,27756,8,Toyota,Sienna,2015,2GR-FE,Petrol,272
27761,27756,8,Toyota,Sienna,2015,2GR-FE,Petrol,272
27762,27756,8,Toyota,Sienna,2015,2GR-FE,Petrol,272
27763,27756,8,Toyota,Sienna,2015,2GR-FE,Petrol,272
26894,26893,7,Cadillac,Escalade,2015,L86,Petrol,420
26895,26893,7,Cadillac,Escalade,2015,L86,Petrol,420
26896,26893,7,Cadillac,Escalade,2015,L86,Petrol,420
26897,26893,7,Cadillac,Escalade,2015,L86,Petrol,420
26898,26893,7,Cadillac,Escalade,2015,L86,Petrol,420
26899,26893,7,Cadillac,Escalade,2015,L86,Petrol,420
27557,27556,7,Nissan,370Z,2015,VQ37VHR,Petrol,325
27558,27556,7,Nissan,370Z,2015,VQ37VHR,Petrol,325
27559,27556,7,Nissan,370Z,2015,VQ37VHR,Petrol,325
27560,27556,7,Nissan,370Z,2015,VQ37VHR,Petrol,325
27561,27556,7,Nissan,370Z,2015,VQ37VHR,Petrol,325
27562,27556,7,Nissan,370Z,2015,VQ37VHR,Petrol,325
27586,27585,7,Nissan,Murano,2015,VQ35DE,Petrol,283
27587,27585,7,Nissan,Murano,2015,VQ35DE,Petrol,283
27588,27585,7,Nissan,Murano,2015,VQ35DE,Petrol,283
27589,27585,7,Nissan,Murano,2015,VQ35DE,Petrol,283
27591,27585,7,Nissan,Murano,2015,VQ35DE,Petrol,283
27592,27585,7,Nissan,Murano,2015,VQ35DE,Petrol,283
27639,27638,7,Nissan,XTerra,2015,VQ40DE,Petrol,266
27640,27638,7,Nissan,XTerra,2015,VQ40DE,Petrol,266
27641,27638,7,Nissan,XTerra,2015,VQ40DE,Petrol,266
27642,27638,7,Nissan,XTerra,2015,VQ40DE,Petrol,266
27643,27638,7,Nissan,XTerra,2015,VQ40DE,Petrol,266
27644,27638,7,Nissan,XTerra,2015,VQ40DE,Petrol,266
26960,26958,6,Chevrolet,Suburban,2015,L83,Petrol,355
26961,26958,6,Chevrolet,Suburban,2015,L83,Petrol,355
26962,26958,6,Chevrolet,Suburban,2015,L83,Petrol,355
26963,26958,6,Chevrolet,Suburban,2015,L83,Petrol,355
26964,26958,6,Chevrolet,Suburban,2015,L83,Petrol,355
26975,26974,6,Chevrolet,Traverse,2015,LLT,Petrol,304
26976,26974,6,Chevrolet,Traverse,2015,LLT,Petrol,304
26977,26974,6,Chevrolet,Traverse,2015,LLT,Petrol,304
26978,26974,6,Chevrolet,Traverse,2015,LLT,Petrol,304
26979,26974,6,Chevrolet,Traverse,2015,LLT,Petrol,304
26981,26980,6,Chevrolet,Trax,2015,LUJ,Petrol,140
26982,26980,6,Chevrolet,Trax,2015,LUJ,Petrol,140
26983,26980,6,Chevrolet,Trax,2015,LUJ,Petrol,140
26984,26980,6,Chevrolet,Trax,2015,LUJ,Petrol,140
26986,26980,6,Chevrolet,Trax,2015,LUJ,Petrol,140
27217,27216,6,Hyundai,Accent,2015,G4FD,Petrol,138
27218,27216,6,Hyundai,Accent,2015,G4FD,Petrol,138
27219,27216,6,Hyundai,Accent,2015,G4FD,Petrol,138
27220,27216,6,Hyundai,Accent,2015,G4FD,Petrol,138
27223,27216,6,Hyundai,Accent,2015,G4FD,Petrol,138
27252,27251,6,Infiniti,Q50,2015,VQ37VHR,Petrol,328
27254,27251,6,Infiniti,Q50,2015,VQ37VHR,Petrol,328
27255,27251,6,Infiniti,Q50,2015,VQ37VHR,Petrol,328
27256,27251,6,Infiniti,Q50,2015,VQ37VHR,Petrol,328
27259,27251,6,Infiniti,Q50,2015,VQ37VHR,Petrol,328
27348,27347,6,Kia,Rio,2015,G4FD,Petrol,138
27349,27347,6,Kia,Rio,2015,G4FD,Petrol,138
27350,27347,6,Kia,Rio,2015,G4FD,Petrol,138
27351,27347,6,Kia,Rio,2015,G4FD,Petrol,138
27352,27347,6,Kia,Rio,2015,G4FD,Petrol,138
27354,27353,6,Kia,Sedona,2015,Lambda 3.3 GDI (Cadenza/Sedona/Sorento),Petrol,276
27355,27353,6,Kia,Sedona,2015,Lambda 3.3 GDI (Cadenza/Sedona/Sorento),Petrol,276
27356,27353,6,Kia,Sedona,2015,Lambda 3.3 GDI (Cadenza/Sedona/Sorento),Petrol,276
27357,27353,6,Kia,Sedona,2015,Lambda 3.3 GDI (Cadenza/Sedona/Sorento),Petrol,276
27359,27353,6,Kia,Sedona,2015,Lambda 3.3 GDI (Cadenza/Sedona/Sorento),Petrol,276
27373,27368,6,Land Rover,LR4,2015,AJ126,Petrol,340
27374,27368,6,Land Rover,LR4,2015,AJ126,Petrol,340
27375,27368,6,Land Rover,LR4,2015,AJ126,Petrol,340
27376,27368,6,Land Rover,LR4,2015,AJ126,Petrol,340
27379,27368,6,Land Rover,LR4,2015,AJ126,Petrol,340
27395,27393,6,Lexus,Is,2015,4GR-FSE,Petrol,205
27396,27393,6,Lexus,Is,2015,4GR-FSE,Petrol,205
27397,27393,6,Lexus,Is,2015,4GR-FSE,Petrol,205
27399,27393,6,Lexus,Is,2015,4GR-FSE,Petrol,205
27401,27393,6,Lexus,Is,2015,4GR-FSE,Petrol,205
27400,27398,6,Lexus,Is,2015,2GR-FSE,Petrol,303
27402,27398,6,Lexus,Is,2015,2GR-FSE,Petrol,303
27403,27398,6,Lexus,Is,2015,2GR-FSE,Petrol,303
27404,27398,6,Lexus,Is,2015,2GR-FSE,Petrol,303
27408,27398,6,Lexus,Is,2015,2GR-FSE,Petrol,303
27406,27405,6,Lexus,Ls,2015,1UR-FE,Petrol,300
27407,27405,6,Lexus,Ls,2015,1UR-FE,Petrol,300
27409,27405,6,Lexus,Ls,2015,1UR-FE,Petrol,300
27410,27405,6,Lexus,Ls,2015,1UR-FE,Petrol,300
27411,27405,6,Lexus,Ls,2015,1UR-FE,Petrol,300
27620,27619,6,Nissan,Sentra,2015,MR18DE,Petrol,126
27621,27619,6,Nissan,Sentra,2015,MR18DE,Petrol,126
27622,27619,6,Nissan,Sentra,2015,MR18DE,Petrol,126
27623,27619,6,Nissan,Sentra,2015,MR18DE,Petrol,126
27624,27619,6,Nissan,Sentra,2015,MR18DE,Petrol,126
27723,27722,6,Toyota,Corolla,2015,2ZR-FE,Petrol,135
27724,27722,6,Toyota,Corolla,2015,2ZR-FE,Petrol,135
27725,27722,6,Toyota,Corolla,2015,2ZR-FE,Petrol,135
27726,27722,6,Toyota,Corolla,2015,2ZR-FE,Petrol,135
27728,27722,6,Toyota,Corolla,2015,2ZR-FE,Petrol,135
27749,27748,6,Toyota,Rav4,2015,2AR-FE,Petrol,181
27750,27748,6,Toyota,Rav4,2015,2AR-FE,Petrol,181
27751,27748,6,Toyota,Rav4,2015,2AR-FE,Petrol,181
27752,27748,6,Toyota,Rav4,2015,2AR-FE,Petrol,181
27753,27748,6,Toyota,Rav4,2015,2AR-FE,Petrol,181
27775,27774,6,Toyota,Yaris,2015,1NZ-FE,Petrol,109
27776,27774,6,Toyota,Yaris,2015,1NZ-FE,Petrol,109
27777,27774,6,Toyota,Yaris,2015,1NZ-FE,Petrol,109
27778,27774,6,Toyota,Yaris,2015,1NZ-FE,Petrol,109
27779,27774,6,Toyota,Yaris,2015,1NZ-FE,Petrol,109
27808,27807,6,Volkswagen,Jetta,2015,CVCA,Diesel,150
27809,27807,6,Volkswagen,Jetta,2015,CVCA,Diesel,150
27810,27807,6,Volkswagen,Jetta,2015,CVCA,Diesel,150
27811,27807,6,Volkswagen,Jetta,2015,CVCA,Diesel,150
27812,27807,6,Volkswagen,Jetta,2015,CVCA,Diesel,150
26789,26788,5,BMW,335i,2015,N55B30A,Petrol,302
26790,26788,5,BMW,335i,2015,N55B30A,Petrol,302
26791,26788,5,BMW,335i,2015,N55B30A,Petrol,302
26793,26788,5,BMW,335i,2015,N55B30A,Petrol,302
26796,26795,5,BMW,435i,2015,N55B30A,Petrol,302
26797,26795,5,BMW,435i,2015,N55B30A,Petrol,302
26798,26795,5,BMW,435i,2015,N55B30A,Petrol,302
26799,26795,5,BMW,435i,2015,N55B30A,Petrol,302
26805,26804,5,BMW,535i,2015,N55B30A,Petrol,302
26806,26804,5,BMW,535i,2015,N55B30A,Petrol,302
26807,26804,5,BMW,535i,2015,N55B30A,Petrol,302
26808,26804,5,BMW,535i,2015,N55B30A,Petrol,302
26832,26831,5,BMW,Alpina,2015,Alpina B7/B6 (F01/F06) 4.4TT,Petrol,540
26833,26831,5,BMW,Alpina,2015,Alpina B7/B6 (F01/F06) 4.4TT,Petrol,540
26834,26831,5,BMW,Alpina,2015,Alpina B7/B6 (F01/F06) 4.4TT,Petrol,540
26836,26831,5,BMW,Alpina,2015,Alpina B7/B6 (F01/F06) 4.4TT,Petrol,540
26846,26845,5,BMW,M6,2015,S63B44B,Petrol,552
26847,26845,5,BMW,M6,2015,S63B44B,Petrol,552
26849,26845,5,BMW,M6,2015,S63B44B,Petrol,552
26850,26845,5,BMW,M6,2015,S63B44B,Petrol,552
27050,27049,5,Fiat,500,2015,1.4 MultiAir NA (500/500c),Petrol,101
27051,27049,5,Fiat,500,2015,1.4 MultiAir NA (500/500c),Petrol,101
27052,27049,5,Fiat,500,2015,1.4 MultiAir NA (500/500c),Petrol,101
27053,27049,5,Fiat,500,2015,1.4 MultiAir NA (500/500c),Petrol,101
27081,27080,5,Ford,Expedition,2015,3.5 V6 EcoBoost,Petrol,365
27082,27080,5,Ford,Expedition,2015,3.5 V6 EcoBoost,Petrol,365
27083,27080,5,Ford,Expedition,2015,3.5 V6 EcoBoost,Petrol,365
27084,27080,5,Ford,Expedition,2015,3.5 V6 EcoBoost,Petrol,365
27144,27143,5,GMC,Acadia,2015,LFX,Petrol,288
27145,27143,5,GMC,Acadia,2015,LFX,Petrol,288
27147,27143,5,GMC,Acadia,2015,LFX,Petrol,288
27148,27143,5,GMC,Acadia,2015,LFX,Petrol,288
27199,27198,5,Honda,Fit,2015,L15B2,Petrol,130
27200,27198,5,Honda,Fit,2015,L15B2,Petrol,130
27201,27198,5,Honda,Fit,2015,L15B2,Petrol,130
27203,27198,5,Honda,Fit,2015,L15B2,Petrol,130
27425,27424,5,Lexus,Rx,2015,2GR-FE,Petrol,272
27426,27424,5,Lexus,Rx,2015,2GR-FE,Petrol,272
27427,27424,5,Lexus,Rx,2015,2GR-FE,Petrol,272
27428,27424,5,Lexus,Rx,2015,2GR-FE,Petrol,272
35009,35007,5,Mazda,3,2013,Skyactiv-G 2.0 (PE),Petrol,155
35011,35007,5,Mazda,3,2013,Skyactiv-G 2.0 (PE),Petrol,155
35012,35007,5,Mazda,3,2013,Skyactiv-G 2.0 (PE),Petrol,155
35013,35007,5,Mazda,3,2013,Skyactiv-G 2.0 (PE),Petrol,155
27547,27546,5,Mitsubishi,Mirage,2015,3A92,Petrol,74
27548,27546,5,Mitsubishi,Mirage,2015,3A92,Petrol,74
27550,27546,5,Mitsubishi,Mirage,2015,3A92,Petrol,74
27551,27546,5,Mitsubishi,Mirage,2015,3A92,Petrol,74
39377,39376,5,Nissan,Ariya,2023,Ariya Electric,Electric,238
39378,39376,5,Nissan,Ariya,2023,Ariya Electric,Electric,238
39379,39376,5,Nissan,Ariya,2023,Ariya Electric,Electric,238
39380,39376,5,Nissan,Ariya,2023,Ariya Electric,Electric,238
39397,39396,5,Nissan,Ariya,2024,Ariya Electric,Electric,238
39398,39396,5,Nissan,Ariya,2024,Ariya Electric,Electric,238
39399,39396,5,Nissan,Ariya,2024,Ariya Electric,Electric,238
39400,39396,5,Nissan,Ariya,2024,Ariya Electric,Electric,238
27603,27602,5,Nissan,Pathfinder,2015,VQ35DE,Petrol,283
27604,27602,5,Nissan,Pathfinder,2015,VQ35DE,Petrol,283
27605,27602,5,Nissan,Pathfinder,2015,VQ35DE,Petrol,283
27606,27602,5,Nissan,Pathfinder,2015,VQ35DE,Petrol,283
27696,27695,5,Subaru,Impreza,2015,FB20B,Petrol,148
27697,27695,5,Subaru,Impreza,2015,FB20B,Petrol,148
27698,27695,5,Subaru,Impreza,2015,FB20B,Petrol,148
27699,27695,5,Subaru,Impreza,2015,FB20B,Petrol,148
27705,27704,5,Subaru,WRX,2015,FA20F,Petrol,268
27706,27704,5,Subaru,WRX,2015,FA20F,Petrol,268
27707,27704,5,Subaru,WRX,2015,FA20F,Petrol,268
27708,27704,5,Subaru,WRX,2015,FA20F,Petrol,268
27713,27712,5,Toyota,4Runner,2015,1GR-FE,Petrol,278
27715,27712,5,Toyota,4Runner,2015,1GR-FE,Petrol,278
27716,27712,5,Toyota,4Runner,2015,1GR-FE,Petrol,278
27717,27712,5,Toyota,4Runner,2015,1GR-FE,Petrol,278
39798,39797,5,Toyota,Tacoma,2024,T24A-FTS,Petrol,278
39799,39797,5,Toyota,Tacoma,2024,T24A-FTS,Petrol,278
39800,39797,5,Toyota,Tacoma,2024,T24A-FTS,Petrol,278
39801,39797,5,Toyota,Tacoma,2024,T24A-FTS,Petrol,278
39839,39838,5,Toyota,Tacoma,2025,T24A-FTS,Petrol,278
39840,39838,5,Toyota,Tacoma,2025,T24A-FTS,Petrol,278
39841,39838,5,Toyota,Tacoma,2025,T24A-FTS,Petrol,278
39842,39838,5,Toyota,Tacoma,2025,T24A-FTS,Petrol,278
26752,26751,4,Audi,Q7,2015,CRCA,Diesel,241
26754,26751,4,Audi,Q7,2015,CRCA,Diesel,241
26756,26751,4,Audi,Q7,2015,CRCA,Diesel,241
26810,26809,4,BMW,550i,2015,N63B44B,Petrol,449
26811,26809,4,BMW,550i,2015,N63B44B,Petrol,449
26813,26809,4,BMW,550i,2015,N63B44B,Petrol,449
26814,26812,4,BMW,640i,2015,N55B30A,Petrol,302
26815,26812,4,BMW,640i,2015,N55B30A,Petrol,302
26816,26812,4,BMW,640i,2015,N55B30A,Petrol,302
26818,26817,4,BMW,650i,2015,N63B44B,Petrol,449
26819,26817,4,BMW,650i,2015,N63B44B,Petrol,449
26821,26817,4,BMW,650i,2015,N63B44B,Petrol,449
26901,26900,4,Cadillac,SRX,2015,LF1,Petrol,276
26902,26900,4,Cadillac,SRX,2015,LF1,Petrol,276
26903,26900,4,Cadillac,SRX,2015,LF1,Petrol,276
26955,26954,4,Chevrolet,Spark,2015,LMU,Petrol,84
26956,26954,4,Chevrolet,Spark,2015,LMU,Petrol,84
26957,26954,4,Chevrolet,Spark,2015,LMU,Petrol,84
27190,27189,4,Honda,CR-Z,2015,CR-Z 1.5 IMA Hybrid,Hybrid,130
27191,27189,4,Honda,CR-Z,2015,CR-Z 1.5 IMA Hybrid,Hybrid,130
27192,27189,4,Honda,CR-Z,2015,CR-Z 1.5 IMA Hybrid,Hybrid,130
27186,27184,4,Honda,Cr-V,2015,K24Z9,Petrol,185
27187,27184,4,Honda,Cr-V,2015,K24Z9,Petrol,185
27188,27184,4,Honda,Cr-V,2015,K24Z9,Petrol,185
27204,27202,4,Honda,Odyssey,2015,J35A8,Petrol,248
27205,27202,4,Honda,Odyssey,2015,J35A8,Petrol,248
27206,27202,4,Honda,Odyssey,2015,J35A8,Petrol,248
27236,27235,4,Hyundai,Santa,2015,G4KJ,Petrol,192
27237,27235,4,Hyundai,Santa,2015,G4KJ,Petrol,192
27239,27235,4,Hyundai,Santa,2015,G4KJ,Petrol,192
27273,27272,4,Infiniti,Qx50,2015,VQ37VHR,Petrol,325
27274,27272,4,Infiniti,Qx50,2015,VQ37VHR,Petrol,325
27275,27272,4,Infiniti,Qx50,2015,VQ37VHR,Petrol,325
27281,27279,4,Infiniti,Qx80,2015,VK56VD,Petrol,400
27282,27279,4,Infiniti,Qx80,2015,VK56VD,Petrol,400
27283,27279,4,Infiniti,Qx80,2015,VK56VD,Petrol,400
34707,34706,4,Jaguar,Xj,2013,AJ133,Petrol,470
34709,34706,4,Jaguar,Xj,2013,AJ133,Petrol,470
34710,34706,4,Jaguar,Xj,2013,AJ133,Petrol,470
27328,27327,4,Jeep,Wrangler,2015,3.6 Pentastar,Petrol,283
27329,27327,4,Jeep,Wrangler,2015,3.6 Pentastar,Petrol,283
27330,27327,4,Jeep,Wrangler,2015,3.6 Pentastar,Petrol,283
38375,38374,4,Kia,Optima,2019,G4NE,Hybrid,192
38376,38374,4,Kia,Optima,2019,G4NE,Hybrid,192
38378,38374,4,Kia,Optima,2019,G4NE,Hybrid,192
27384,27382,4,Lexus,Gs,2015,2GR-FSE,Petrol,303
27386,27382,4,Lexus,Gs,2015,2GR-FSE,Petrol,303
27387,27382,4,Lexus,Gs,2015,2GR-FSE,Petrol,303
27420,27419,4,Lexus,RC,2015,2GR-FSE,Petrol,303
27421,27419,4,Lexus,RC,2015,2GR-FSE,Petrol,303
27422,27419,4,Lexus,RC,2015,2GR-FSE,Petrol,303
34988,34987,4,Mazda,3,2012,Skyactiv-G 2.0 (PE),Petrol,155
34989,34987,4,Mazda,3,2012,Skyactiv-G 2.0 (PE),Petrol,155
34991,34987,4,Mazda,3,2012,Skyactiv-G 2.0 (PE),Petrol,155
27458,27457,4,Mazda,Mx-5,2015,2.0 MZR (LF),Petrol,148
27459,27457,4,Mazda,Mx-5,2015,2.0 MZR (LF),Petrol,148
27460,27457,4,Mazda,Mx-5,2015,2.0 MZR (LF),Petrol,148
27486,27485,4,Mercedes,E400,2015,M276.820,Petrol,333
27487,27485,4,Mercedes,E400,2015,M276.820,Petrol,333
27488,27485,4,Mercedes,E400,2015,M276.820,Petrol,333
5603,5594,4,Mercedes,Sprinter,2006,OM646DE22LA,Diesel,107
5611,5594,4,Mercedes,Sprinter,2006,OM646DE22LA,Diesel,107
5617,5594,4,Mercedes,Sprinter,2006,OM646DE22LA,Diesel,107
5606,5597,4,Mercedes,Sprinter,2006,OM646DE22LA,Diesel,148
5612,5597,4,Mercedes,Sprinter,2006,OM646DE22LA,Diesel,148
5618,5597,4,Mercedes,Sprinter,2006,OM646DE22LA,Diesel,148
5607,5598,4,Mercedes,Sprinter,2009,OM651DE22LA,Diesel,161
5613,5598,4,Mercedes,Sprinter,2009,OM651DE22LA,Diesel,161
5619,5598,4,Mercedes,Sprinter,2009,OM651DE22LA,Diesel,161
27608,27607,4,Nissan,Quest,2015,VQ35DE,Petrol,283
27610,27607,4,Nissan,Quest,2015,VQ35DE,Petrol,283
27611,27607,4,Nissan,Quest,2015,VQ35DE,Petrol,283
27650,27646,4,Porsche,911,2015,MA1.04,Petrol,350
27652,27646,4,Porsche,911,2015,MA1.04,Petrol,350
27653,27646,4,Porsche,911,2015,MA1.04,Petrol,350
27649,27647,4,Porsche,911,2015,MA1.03,Petrol,400
27654,27647,4,Porsche,911,2015,MA1.03,Petrol,400
27655,27647,4,Porsche,911,2015,MA1.03,Petrol,400
27689,27688,4,Subaru,Brz,2015,FA20,Petrol,200
27690,27688,4,Subaru,Brz,2015,FA20,Petrol,200
27691,27688,4,Subaru,Brz,2015,FA20,Petrol,200
39731,39730,4,Toyota,Corolla,2023,2ZR-FXE,Hybrid,135
39732,39730,4,Toyota,Corolla,2023,2ZR-FXE,Hybrid,135
39734,39730,4,Toyota,Corolla,2023,2ZR-FXE,Hybrid,135
39769,39768,4,Toyota,Corolla,2024,2ZR-FXE,Hybrid,135
39771,39768,4,Toyota,Corolla,2024,2ZR-FXE,Hybrid,135
39772,39768,4,Toyota,Corolla,2024,2ZR-FXE,Hybrid,135
39814,39813,4,Toyota,Corolla,2025,2ZR-FXE,Hybrid,135
39815,39813,4,Toyota,Corolla,2025,2ZR-FXE,Hybrid,135
39816,39813,4,Toyota,Corolla,2025,2ZR-FXE,Hybrid,135
27741,27740,4,Toyota,Prius,2015,1NZ-FXE,Hybrid,76
27742,27740,4,Toyota,Prius,2015,1NZ-FXE,Hybrid,76
27745,27740,4,Toyota,Prius,2015,1NZ-FXE,Hybrid,76
27818,27817,4,Volkswagen,Tiguan,2015,CCTA,Petrol,200
27819,27817,4,Volkswagen,Tiguan,2015,CCTA,Petrol,200
27820,27817,4,Volkswagen,Tiguan,2015,CCTA,Petrol,200
29099,29098,4,Volvo,S60,2016,B4204T11,Petrol,240
29100,29098,4,Volvo,S60,2016,B4204T11,Petrol,240
29104,29098,4,Volvo,S60,2016,B4204T11,Petrol,240
26720,26719,3,Alfa Romeo,4C,2015,960A1.000,Petrol,237
26721,26719,3,Alfa Romeo,4C,2015,960A1.000,Petrol,237
33181,33180,3,Audi,A3,2012,BGB,Petrol,197
33182,33180,3,Audi,A3,2012,BGB,Petrol,197
33204,33203,3,Audi,A3,2013,BGB,Petrol,197
33205,33203,3,Audi,A3,2013,BGB,Petrol,197
26726,26725,3,Audi,A4,2015,CNCD,Petrol,220
26729,26725,3,Audi,A4,2015,CNCD,Petrol,220
35719,35718,3,Audi,A4,2021,DBPA,Petrol,252
35720,35718,3,Audi,A4,2021,DBPA,Petrol,252
35757,35756,3,Audi,A4,2022,DBPA,Petrol,252
35758,35756,3,Audi,A4,2022,DBPA,Petrol,252
35791,35790,3,Audi,A4,2023,DBPA,Petrol,252
35792,35790,3,Audi,A4,2023,DBPA,Petrol,252
35827,35826,3,Audi,A4,2024,DBPA,Petrol,252
35829,35826,3,Audi,A4,2024,DBPA,Petrol,252
35722,35721,3,Audi,A5,2021,DBPA,Petrol,252
35723,35721,3,Audi,A5,2021,DBPA,Petrol,252
35760,35759,3,Audi,A5,2022,DBPA,Petrol,252
35761,35759,3,Audi,A5,2022,DBPA,Petrol,252
35794,35793,3,Audi,A5,2023,DBPA,Petrol,252
35795,35793,3,Audi,A5,2023,DBPA,Petrol,252
35830,35828,3,Audi,A5,2024,DBPA,Petrol,252
35831,35828,3,Audi,A5,2024,DBPA,Petrol,252
26745,26744,3,Audi,Q3,2015,BGB,Petrol,197
26746,26744,3,Audi,Q3,2015,BGB,Petrol,197
35806,35805,3,Audi,Q5,2023,CWZA,Petrol,228
35807,35805,3,Audi,Q5,2023,CWZA,Petrol,228
35842,35841,3,Audi,Q5,2024,CWZA,Petrol,228
35843,35841,3,Audi,Q5,2024,CWZA,Petrol,228
35871,35870,3,Audi,Q5,2025,CWZA,Petrol,228
35872,35870,3,Audi,Q5,2025,CWZA,Petrol,228
35740,35739,3,Audi,R8,2021,5.2 V10 FSI (R8 4S),Petrol,532
35741,35739,3,Audi,R8,2021,5.2 V10 FSI (R8 4S),Petrol,532
26766,26765,3,Audi,S4,2015,CTWA,Petrol,333
26767,26765,3,Audi,S4,2015,CTWA,Petrol,333
26782,26781,3,BMW,320i,2015,N20B20B,Petrol,184
26783,26781,3,BMW,320i,2015,N20B20B,Petrol,184
26837,26835,3,BMW,M235i,2015,N55B30 (M235i/135is),Petrol,320
26838,26835,3,BMW,M235i,2015,N55B30 (M235i/135is),Petrol,320
26872,26871,3,Buick,Enclave,2015,LFX,Petrol,288
26874,26871,3,Buick,Enclave,2015,LFX,Petrol,288
36656,36655,3,Chevrolet,Colorado,2023,L3B,Petrol,310
36657,36655,3,Chevrolet,Colorado,2023,L3B,Petrol,310
36693,36692,3,Chevrolet,Colorado,2024,L3B,Petrol,310
36694,36692,3,Chevrolet,Colorado,2024,L3B,Petrol,310
26934,26933,3,Chevrolet,Impala,2015,LFX,Petrol,322
26935,26933,3,Chevrolet,Impala,2015,LFX,Petrol,322
33732,33731,3,Chevrolet,Malibu,2012,LE5,Petrol,165
33733,33731,3,Chevrolet,Malibu,2012,LE5,Petrol,165
26994,26993,3,Chrysler,Town,2015,3.6 Pentastar,Petrol,283
26995,26993,3,Chrysler,Town,2015,3.6 Pentastar,Petrol,283
27044,27043,3,Dodge,Viper,2015,8.4 V10 (Viper Gen V),Petrol,640
27045,27043,3,Dodge,Viper,2015,8.4 V10 (Viper Gen V),Petrol,640
27057,27056,3,Fiat,500 c,2015,1.4 MultiAir NA (500/500c),Petrol,101
27058,27056,3,Fiat,500 c,2015,1.4 MultiAir NA (500/500c),Petrol,101
37413,37412,3,Ford,Expedition,2023,3.5 V6 EcoBoost,Petrol,365
37414,37412,3,Ford,Expedition,2023,3.5 V6 EcoBoost,Petrol,365
37475,37474,3,Ford,Expedition,2024,3.5 V6 EcoBoost,Petrol,365
37476,37474,3,Ford,Expedition,2024,3.5 V6 EcoBoost,Petrol,365
37424,37420,3,Ford,F-150,2023,3.5 V6 EcoBoost,Petrol,365
37425,37420,3,Ford,F-150,2023,3.5 V6 EcoBoost,Petrol,365
37484,37481,3,Ford,F-150,2024,3.5 V6 EcoBoost,Petrol,365
37485,37481,3,Ford,F-150,2024,3.5 V6 EcoBoost,Petrol,365
28331,28330,3,Ford,Focus,2016,2.0 Duratec GDI,Petrol,160
28334,28330,3,Ford,Focus,2016,2.0 Duratec GDI,Petrol,160
28402,28401,3,Ford,Focus,2017,2.0 Duratec GDI,Petrol,160
28404,28401,3,Ford,Focus,2017,2.0 Duratec GDI,Petrol,160
37110,37108,3,Ford,Focus,2018,2.0 Duratec GDI,Petrol,160
37112,37108,3,Ford,Focus,2018,2.0 Duratec GDI,Petrol,160
37312,37311,3,Ford,Mustang,2021,2.3 EcoBoost,Petrol,310
37315,37311,3,Ford,Mustang,2021,2.3 EcoBoost,Petrol,310
37378,37377,3,Ford,Mustang,2022,2.3 EcoBoost,Petrol,310
37380,37377,3,Ford,Mustang,2022,2.3 EcoBoost,Petrol,310
37445,37444,3,Ford,Mustang,2023,2.3 EcoBoost,Petrol,310
37447,37444,3,Ford,Mustang,2023,2.3 EcoBoost,Petrol,310
28455,28453,3,GMC,Acadia,2017,LCV,Petrol,193
28458,28453,3,GMC,Acadia,2017,LCV,Petrol,193
34497,34496,3,Honda,Accord,2012,K24Z3,Petrol,201
34499,34496,3,Honda,Accord,2012,K24Z3,Petrol,201
34520,34516,3,Honda,Accord,2013,K24W,Petrol,189
34521,34516,3,Honda,Accord,2013,K24W,Petrol,189
34519,34518,3,Honda,Accord,2013,J35Y1,Petrol,278
34522,34518,3,Honda,Accord,2013,J35Y1,Petrol,278
27225,27224,3,Hyundai,Elantra,2015,G4NB,Petrol,147
27227,27224,3,Hyundai,Elantra,2015,G4NB,Petrol,147
27228,27226,3,Hyundai,Elantra,2015,G4NC,Petrol,176
27230,27226,3,Hyundai,Elantra,2015,G4NC,Petrol,176
37911,37910,3,Hyundai,Santa,2019,G4KJ,Petrol,192
37912,37910,3,Hyundai,Santa,2019,G4KJ,Petrol,192
28540,28539,3,Hyundai,Sonata,2017,G4NE,Hybrid,192
28541,28539,3,Hyundai,Sonata,2017,G4NE,Hybrid,192
37915,37914,3,Hyundai,Sonata,2019,G4NE,Hybrid,192
37917,37914,3,Hyundai,Sonata,2019,G4NE,Hybrid,192
28581,28580,3,Jaguar,F-Type,2016,AJ126,Petrol,340
28582,28580,3,Jaguar,F-Type,2016,AJ126,Petrol,340
28585,28584,3,Jaguar,F-Type,2016,AJ126,Petrol,380
28586,28584,3,Jaguar,F-Type,2016,AJ126,Petrol,380
28596,28595,3,Jaguar,F-Type,2017,AJ126,Petrol,340
28597,28595,3,Jaguar,F-Type,2017,AJ126,Petrol,340
28599,28598,3,Jaguar,F-Type,2017,AJ126,Petrol,380
28600,28598,3,Jaguar,F-Type,2017,AJ126,Petrol,380
27297,27295,3,Jaguar,Xj,2015,AJ126,Petrol,340
27299,27295,3,Jaguar,Xj,2015,AJ126,Petrol,340
38204,38201,3,Jeep,Wrangler,2018,3.6 Pentastar,Petrol,283
38205,38201,3,Jeep,Wrangler,2018,3.6 Pentastar,Petrol,283
28677,28676,3,Kia,Optima,2017,G4NE,Hybrid,192
28679,28676,3,Kia,Optima,2017,G4NE,Hybrid,192
38352,38351,3,Kia,Optima,2018,G4NE,Hybrid,192
38353,38351,3,Kia,Optima,2018,G4NE,Hybrid,192
27371,27370,3,Land Rover,LR2,2015,204PT,Petrol,240
27372,27370,3,Land Rover,LR2,2015,204PT,Petrol,240
34866,34864,3,Land Rover,Range,2014,AJ126,Petrol,340
34867,34864,3,Land Rover,Range,2014,AJ126,Petrol,340
38532,38529,3,Land Rover,Range,2020,508PS,Petrol,510
38533,38529,3,Land Rover,Range,2020,508PS,Petrol,510
38550,38547,3,Land Rover,Range,2021,508PS,Petrol,510
38552,38547,3,Land Rover,Range,2021,508PS,Petrol,510
38582,38580,3,Land Rover,Range,2023,204PT,Petrol,246
38583,38580,3,Land Rover,Range,2023,204PT,Petrol,246
38600,38597,3,Land Rover,Range,2024,204PT,Petrol,246
38601,38597,3,Land Rover,Range,2024,204PT,Petrol,246
38612,38610,3,Land Rover,Range,2025,204PT,Petrol,246
38613,38610,3,Land Rover,Range,2025,204PT,Petrol,246
4923,4921,3,Land Rover,Range Rover,2003,M62B44,Petrol,282
4925,4921,3,Land Rover,Range Rover,2003,M62B44,Petrol,282
27390,27388,3,Lexus,Gx,2015,1UR-FE,Petrol,300
27392,27388,3,Lexus,Gx,2015,1UR-FE,Petrol,300
27415,27413,3,Lexus,NX,2015,8AR-FTS,Petrol,241
27417,27413,3,Lexus,NX,2015,8AR-FTS,Petrol,241
34893,34892,3,Lexus,Rx,2012,2GR-FE,Petrol,272
34894,34892,3,Lexus,Rx,2012,2GR-FE,Petrol,272
34903,34902,3,Lexus,Rx,2013,2GR-FE,Petrol,272
34904,34902,3,Lexus,Rx,2013,2GR-FE,Petrol,272
34913,34911,3,Lexus,Rx,2014,2GR-FE,Petrol,272
34914,34911,3,Lexus,Rx,2014,2GR-FE,Petrol,272
28717,28716,3,Lexus,Rx,2016,2GR-FKS,Petrol,301
28718,28716,3,Lexus,Rx,2016,2GR-FKS,Petrol,301
38699,38698,3,Lexus,Rx,2023,T24A-FTS,Petrol,278
38700,38698,3,Lexus,Rx,2023,T24A-FTS,Petrol,278
38717,38716,3,Lexus,Rx,2024,T24A-FTS,Petrol,278
38718,38716,3,Lexus,Rx,2024,T24A-FTS,Petrol,278
38736,38735,3,Lexus,Rx,2025,T24A-FTS,Petrol,278
38737,38735,3,Lexus,Rx,2025,T24A-FTS,Petrol,278
27442,27441,3,Lincoln,Navigator,2015,3.5 V6 EcoBoost,Petrol,365
27443,27441,3,Lincoln,Navigator,2015,3.5 V6 EcoBoost,Petrol,365
34993,34992,3,Mazda,3,2012,L5-VE,Petrol,170
34994,34992,3,Mazda,3,2012,L5-VE,Petrol,170
35015,35014,3,Mazda,3,2013,L5-VE,Petrol,170
35016,35014,3,Mazda,3,2013,L5-VE,Petrol,170
38852,38851,3,Mazda,3,2021,Skyactiv-G 2.5 (PY),Petrol,187
38853,38851,3,Mazda,3,2021,Skyactiv-G 2.5 (PY),Petrol,187
27448,27447,3,Mazda,5,2015,L5-VE,Petrol,170
27449,27447,3,Mazda,5,2015,L5-VE,Petrol,170
38826,38825,3,Mazda,6,2018,Skyactiv-G 2.5 (PY),Petrol,187
38827,38825,3,Mazda,6,2018,Skyactiv-G 2.5 (PY),Petrol,187
38858,38857,3,Mazda,CX-30,2021,Skyactiv-G 2.5 (PY),Petrol,187
38859,38857,3,Mazda,CX-30,2021,Skyactiv-G 2.5 (PY),Petrol,187
38880,38879,3,Mazda,Cx-5,2024,Skyactiv-G 2.5 (PY),Petrol,187
38881,38879,3,Mazda,Cx-5,2024,Skyactiv-G 2.5 (PY),Petrol,187
27470,27469,3,Mercedes,C63,2015,M177.980,Petrol,476
27471,27469,3,Mercedes,C63,2015,M177.980,Petrol,476
27493,27491,3,Mercedes,E63,2015,M157.981,Petrol,525
27495,27491,3,Mercedes,E63,2015,M157.981,Petrol,525
27513,27512,3,Mercedes,S550,2015,M278.929,Petrol,455
27515,27512,3,Mercedes,S550,2015,M278.929,Petrol,455
5581,5577,3,Mercedes,Sprinter,2000,OM611DE22LA,Diesel,80
5585,5577,3,Mercedes,Sprinter,2000,OM611DE22LA,Diesel,80
5582,5578,3,Mercedes,Sprinter,2000,OM611DE22LA,Diesel,107
5586,5578,3,Mercedes,Sprinter,2000,OM611DE22LA,Diesel,107
5583,5579,3,Mercedes,Sprinter,2000,OM611DE22LA,Diesel,127
5587,5579,3,Mercedes,Sprinter,2000,OM611DE22LA,Diesel,127
5584,5580,3,Mercedes,Sprinter,2000,OM612DE27LA,Diesel,154
5588,5580,3,Mercedes,Sprinter,2000,OM612DE27LA,Diesel,154
5590,5589,3,Mercedes,Sprinter,2000,M111E23,Petrol,141
5591,5589,3,Mercedes,Sprinter,2000,M111E23,Petrol,141
5601,5592,3,Mercedes,Sprinter,2006,OM646DE22LA,Diesel,87
5610,5592,3,Mercedes,Sprinter,2006,OM646DE22LA,Diesel,87
5602,5593,3,Mercedes,Sprinter,2009,OM651DE22LA,Diesel,94
5616,5593,3,Mercedes,Sprinter,2009,OM651DE22LA,Diesel,94
5845,5843,3,Mitsubishi,Lancer Evolution,2000,4G63T,Petrol,276
5847,5843,3,Mitsubishi,Lancer Evolution,2000,4G63T,Petrol,276
27583,27582,3,Nissan,Leaf,2015,Leaf Electric (EM57),Electric,147
27584,27582,3,Nissan,Leaf,2015,Leaf Electric (EM57),Electric,147
27596,27594,3,Nissan,NV200,2015,MR20DE,Petrol,139
27597,27594,3,Nissan,NV200,2015,MR20DE,Petrol,139
34000,33998,3,Ram,2500,2013,EZH,Petrol,352
34001,33998,3,Ram,2500,2013,EZH,Petrol,352
35472,35471,3,Saab,9-3,2012,B207R US,Petrol,210
35473,35471,3,Saab,9-3,2012,B207R US,Petrol,210
39808,39807,3,Toyota,4Runner,2025,T24A-FTS,Petrol,278
39809,39807,3,Toyota,4Runner,2025,T24A-FTS,Petrol,278
39638,39637,3,Toyota,Camry,2019,A25A-FXS,Hybrid,208
39640,39637,3,Toyota,Camry,2019,A25A-FXS,Hybrid,208
39667,39665,3,Toyota,Camry,2020,A25A-FXS,Hybrid,208
39669,39665,3,Toyota,Camry,2020,A25A-FXS,Hybrid,208
39695,39693,3,Toyota,Camry,2022,A25A-FXS,Hybrid,208
39697,39693,3,Toyota,Camry,2022,A25A-FXS,Hybrid,208
39727,39725,3,Toyota,Camry,2023,A25A-FXS,Hybrid,208
39729,39725,3,Toyota,Camry,2023,A25A-FXS,Hybrid,208
39765,39763,3,Toyota,Camry,2024,A25A-FXS,Hybrid,208
39767,39763,3,Toyota,Camry,2024,A25A-FXS,Hybrid,208
39779,39777,3,Toyota,Grand,2024,A25A-FXS,Hybrid,208
39780,39777,3,Toyota,Grand,2024,A25A-FXS,Hybrid,208
39824,39822,3,Toyota,Grand,2025,A25A-FXS,Hybrid,208
39825,39822,3,Toyota,Grand,2025,A25A-FXS,Hybrid,208
39712,39711,3,Toyota,Sienna,2022,A25A-FXS,Hybrid,208
39713,39711,3,Toyota,Sienna,2022,A25A-FXS,Hybrid,208
39749,39748,3,Toyota,Sienna,2023,A25A-FXS,Hybrid,208
39750,39748,3,Toyota,Sienna,2023,A25A-FXS,Hybrid,208
39792,39791,3,Toyota,Sienna,2024,A25A-FXS,Hybrid,208
39794,39791,3,Toyota,Sienna,2024,A25A-FXS,Hybrid,208
39835,39834,3,Toyota,Sienna,2025,A25A-FXS,Hybrid,208
39836,39834,3,Toyota,Sienna,2025,A25A-FXS,Hybrid,208
39657,39655,3,Toyota,Tundra,2019,3UR-FE,Petrol,362
39658,39655,3,Toyota,Tundra,2019,3UR-FE,Petrol,362
39721,39720,3,Toyota,Tundra,2022,V35A-FTS,Petrol,389
39722,39720,3,Toyota,Tundra,2022,V35A-FTS,Petrol,389
39758,39757,3,Toyota,Tundra,2023,V35A-FTS,Petrol,389
39759,39757,3,Toyota,Tundra,2023,V35A-FTS,Petrol,389
39803,39802,3,Toyota,Tundra,2024,V35A-FTS,Petrol,389
39804,39802,3,Toyota,Tundra,2024,V35A-FTS,Petrol,389
39844,39843,3,Toyota,Tundra,2025,V35A-FTS,Petrol,389
39845,39843,3,Toyota,Tundra,2025,V35A-FTS,Petrol,389
39884,39881,3,Volkswagen,Atlas,2020,2.0 TSI EA888 (Atlas 2.0T),Petrol,235
39885,39881,3,Volkswagen,Atlas,2020,2.0 TSI EA888 (Atlas 2.0T),Petrol,235
39883,39882,3,Volkswagen,Atlas,2020,CDVC,Petrol,276
39886,39882,3,Volkswagen,Atlas,2020,CDVC,Petrol,276
39898,39895,3,Volkswagen,Atlas,2021,2.0 TSI EA888 (Atlas 2.0T),Petrol,235
39900,39895,3,Volkswagen,Atlas,2021,2.0 TSI EA888 (Atlas 2.0T),Petrol,235
39899,39897,3,Volkswagen,Atlas,2021,CDVC,Petrol,276
39901,39897,3,Volkswagen,Atlas,2021,CDVC,Petrol,276
39913,39912,3,Volkswagen,Atlas,2022,CDVC,Petrol,276
39915,39912,3,Volkswagen,Atlas,2022,CDVC,Petrol,276
39927,39925,3,Volkswagen,Atlas,2023,CDVC,Petrol,276
39929,39925,3,Volkswagen,Atlas,2023,CDVC,Petrol,276
27781,27780,3,Volkswagen,Beetle,2015,CXBA,Petrol,170
27784,27780,3,Volkswagen,Beetle,2015,CXBA,Petrol,170
29054,29053,3,Volkswagen,Beetle,2016,CXBA,Petrol,170
29057,29053,3,Volkswagen,Beetle,2016,CXBA,Petrol,170
29059,29058,3,Volkswagen,CC,2016,CCTA,Petrol,200
29061,29058,3,Volkswagen,CC,2016,CCTA,Petrol,200
39872,39869,3,Volkswagen,Golf,2019,CZEA,Petrol,147
39874,39869,3,Volkswagen,Golf,2019,CZEA,Petrol,147
27829,27827,3,Volvo,S60,2015,B4204T11,Petrol,240
27831,27827,3,Volvo,S60,2015,B4204T11,Petrol,240
29122,29121,3,Volvo,S60,2017,B4204T11,Petrol,240
29123,29121,3,Volvo,S60,2017,B4204T11,Petrol,240
29107,29106,3,Volvo,V60,2016,B4204T11,Petrol,240
29113,29106,3,Volvo,V60,2016,B4204T11,Petrol,240
27844,27839,3,Volvo,Xc60,2015,B4204T11,Petrol,240
27850,27839,3,Volvo,Xc60,2015,B4204T11,Petrol,240
33129,33124,2,Acura,MDX,2013,J37A1,Petrol,300
26716,26710,2,Acura,MDX,2015,J35Y5,Petrol,290
33120,33118,2,Acura,RDX,2012,K23A1,Petrol,240
33131,33127,2,Acura,RDX,2013,J35Z2,Petrol,273
26713,26712,2,Acura,RDX,2015,J35Z2,Petrol,273
33121,33117,2,Acura,TSX,2012,K24Z3,Petrol,201
33134,33132,2,Acura,TSX,2013,K24Z3,Petrol,201
35636,35635,2,Alfa Romeo,Tonale,2025,1.3 GSE PHEV (Hornet R/T),Hybrid,285
26724,26723,2,Audi,A3,2015,CWZA,Petrol,228
27871,27869,2,Audi,A3,2016,CWZA,Petrol,228
27877,27876,2,Audi,A5,2016,CNCD,Petrol,220
1397,1393,2,Audi,A6,2004,BMK,Diesel,221
33211,33210,2,Audi,A6,2013,CNCD,Petrol,220
33213,33212,2,Audi,A6,2013,CTUA,Petrol,310
26736,26732,2,Audi,A6,2015,CNCD,Petrol,220
26735,26734,2,Audi,A6,2015,CTUA,Petrol,310
27882,27880,2,Audi,A6,2016,CNCD,Petrol,220
27881,27879,2,Audi,A6,2016,CTWA,Petrol,333
27912,27911,2,Audi,A6,2017,CNCD,Petrol,220
27914,27910,2,Audi,A6,2017,CTWA,Petrol,333
35643,35642,2,Audi,A6,2018,CTWA,Petrol,333
35668,35667,2,Audi,A6,2019,CTWA,Petrol,333
35692,35690,2,Audi,A6,2020,CTWA,Petrol,333
35726,35724,2,Audi,A6,2021,DBPA,Petrol,252
35727,35725,2,Audi,A6,2021,CTWA,Petrol,333
35764,35763,2,Audi,A6,2022,CTWA,Petrol,333
35798,35796,2,Audi,A6,2023,CTWA,Petrol,333
35834,35832,2,Audi,A6,2024,CTWA,Petrol,333
35864,35862,2,Audi,A6,2025,CTWA,Petrol,333
33193,33192,2,Audi,A8,2012,CDRA,Petrol,366
33252,33250,2,Audi,A8,2014,CTUA,Petrol,310
26742,26740,2,Audi,A8,2015,CTUA,Petrol,310
27887,27885,2,Audi,A8,2016,CTUA,Petrol,310
35697,35695,2,Audi,A8,2020,CTWA,Petrol,333
35732,35730,2,Audi,A8,2021,CTWA,Petrol,333
26778,26777,2,Audi,Allroad,2015,CNCD,Petrol,220
35803,35801,2,Audi,Q3,2023,CWZA,Petrol,228
35839,35837,2,Audi,Q3,2024,CWZA,Petrol,228
33222,33220,2,Audi,Q5,2013,CTUC,Petrol,272
33255,33254,2,Audi,Q5,2014,CNCD,Petrol,220
33257,33256,2,Audi,Q5,2014,CTUD,Petrol,354
26748,26747,2,Audi,Q5,2015,CNCD,Petrol,220
26750,26749,2,Audi,Q5,2015,CTUD,Petrol,354
27893,27892,2,Audi,Q5,2016,CTUD,Petrol,354
27920,27919,2,Audi,Q5,2017,CNCD,Petrol,220
27922,27921,2,Audi,Q5,2017,CTUD,Petrol,354
33226,33223,2,Audi,Q7,2013,CRCA,Diesel,241
27925,27924,2,Audi,Q7,2017,CREC,Petrol,329
35651,35650,2,Audi,Q7,2018,CREC,Petrol,329
35676,35675,2,Audi,Q7,2019,CREC,Petrol,329
35703,35700,2,Audi,Q7,2020,CREC,Petrol,329
35737,35735,2,Audi,Q7,2021,CREC,Petrol,329
35773,35772,2,Audi,Q7,2022,CREC,Petrol,329
35811,35808,2,Audi,Q7,2023,CREC,Petrol,329
35847,35845,2,Audi,Q7,2024,CREC,Petrol,329
35876,35874,2,Audi,Q7,2025,CREC,Petrol,329
33198,33197,2,Audi,R8,2012,"5.2 V10 FSI (R8 42, 525hp)",Petrol,525
33261,33260,2,Audi,R8,2014,"5.2 V10 FSI (R8 42, 525hp)",Petrol,525
26759,26758,2,Audi,R8,2015,"5.2 V10 FSI (R8 42, 525hp)",Petrol,525
26762,26760,2,Audi,RS 5,2015,4.2 V8 FSI (RS4/RS5),Petrol,450
26764,26763,2,Audi,S3,2015,"2.0 TFSI (S3 8V, 292hp)",Petrol,292
26769,26768,2,Audi,S5,2015,CTWA,Petrol,333
26772,26771,2,Audi,Sq5,2015,CTUD,Petrol,354
1820,1818,2,BMW,3 Series,2001,M54B25,Petrol,189
1841,1809,2,BMW,3 Series,2005,N46B20,Petrol,148
26785,26784,2,BMW,328d,2015,N47D20 (328d),Diesel,180
33469,33468,2,BMW,328i,2014,N20B20 (328i/28i US),Petrol,240
26803,26801,2,BMW,528i,2015,N20B20 (328i/28i US),Petrol,240
33368,33367,2,BMW,650i,2012,N63B44,Petrol,407
33372,33371,2,BMW,650xi,2012,N63B44,Petrol,407
26824,26822,2,BMW,740Li,2015,N55B30A,Petrol,302
26826,26825,2,BMW,750Li,2015,N63B44B,Petrol,449
33385,33383,2,BMW,750i,2012,N63B44 (ActiveHybrid),Hybrid,455
26828,26827,2,BMW,750i,2015,N63B44B,Petrol,449
26840,26839,2,BMW,M3,2015,S55B30,Petrol,425
26843,26842,2,BMW,M4,2015,S55B30,Petrol,425
26844,26841,2,BMW,M5,2015,S63B44B,Petrol,552
33449,33446,2,BMW,M6,2013,S63B44B,Petrol,552
2090,2083,2,BMW,X Series,2010,N55B30,Petrol,302
2139,2135,2,BMW,X Series,2014,B47D20A,Diesel,188
35998,35997,2,BMW,X5,2020,B58B30 (40i),Petrol,335
36043,36041,2,BMW,X5,2021,B58B30 (40i),Petrol,335
36086,36083,2,BMW,X5,2022,B58B30 (40i),Petrol,335
36125,36123,2,BMW,X5,2023,B58B30 (40i),Petrol,335
36160,36158,2,BMW,X5,2024,B58B30 (40i),Petrol,335
36182,36181,2,BMW,X5,2025,B58B30 (40i),Petrol,335
36001,36000,2,BMW,X6,2020,B58B30 (40i),Petrol,335
36045,36044,2,BMW,X6,2021,B58B30 (40i),Petrol,335
36089,36088,2,BMW,X6,2022,B58B30 (40i),Petrol,335
36129,36128,2,BMW,X6,2023,B58B30 (40i),Petrol,335
25649,25648,2,BMW,i3,2012,W20K06A,Hybrid,102
26206,26205,2,BMW,i3,2012,W20K06A,Hybrid,170
26868,26867,2,BMW,i3,2015,i3 Electric (I01),Electric,170
22539,22538,2,BYD,G3,2008,483QA,Petrol,122
15578,15577,2,Bentley,CONTINENTAL FLYING SPUR,2004,MTBHT,Petrol,560
33539,33538,2,Buick,Encore,2014,LUV,Petrol,138
26873,26870,2,Buick,Encore,2015,LUV,Petrol,138
36223,36221,2,Buick,Encore,2021,LUV,Petrol,138
36230,36228,2,Buick,Encore,2022,L3T,Petrol,155
36234,36233,2,Buick,Encore,2023,L3T,Petrol,155
36240,36238,2,Buick,Encore,2024,L3T,Petrol,155
36246,36244,2,Buick,Encore,2025,L3T,Petrol,155
33522,33521,2,Buick,LaCrosse,2012,LUK,Petrol,182
33524,33519,2,Buick,LaCrosse,2012,LLT,Petrol,280
33531,33529,2,Buick,LaCrosse,2013,LUK,Petrol,182
33532,33530,2,Buick,LaCrosse,2013,LLT,Petrol,280
33542,33540,2,Buick,LaCrosse,2014,LFX,Petrol,304
26877,26876,2,Buick,LaCrosse,2015,LFX,Petrol,304
28025,28024,2,Buick,LaCrosse,2016,LFX,Petrol,304
36193,36192,2,Buick,LaCrosse,2018,LCV,Petrol,194
36194,36191,2,Buick,LaCrosse,2018,LGX,Petrol,310
36207,36206,2,Buick,LaCrosse,2019,LCV,Petrol,194
36205,36204,2,Buick,LaCrosse,2019,LGX,Petrol,310
33545,33544,2,Buick,Regal,2014,LTG,Petrol,259
26880,26878,2,Buick,Regal,2015,LTG,Petrol,259
28028,28026,2,Buick,Regal,2016,LTG,Petrol,259
28041,28039,2,Buick,Regal,2017,LTG,Petrol,259
36197,36195,2,Buick,Regal,2018,LTG,Petrol,250
36210,36208,2,Buick,Regal,2019,LTG,Petrol,250
36219,36217,2,Buick,Regal,2020,LTG,Petrol,250
33549,33547,2,Buick,Verano,2014,LEA,Petrol,180
33550,33548,2,Buick,Verano,2014,LTG,Petrol,250
26886,26884,2,Cadillac,ATS,2015,LTG,Petrol,276
28044,28043,2,Cadillac,ATS,2016,LTG,Petrol,276
36284,36283,2,Cadillac,CT4,2020,LTG,Petrol,276
36286,36285,2,Cadillac,CT4,2020,L3B,Petrol,310
36302,36301,2,Cadillac,CT4,2021,LTG,Petrol,276
36305,36300,2,Cadillac,CT4,2021,L3B,Petrol,310
36319,36317,2,Cadillac,CT4,2022,LTG,Petrol,276
36321,36318,2,Cadillac,CT4,2022,L3B,Petrol,310
36337,36336,2,Cadillac,CT4,2023,LTG,Petrol,276
36341,36338,2,Cadillac,CT4,2023,L3B,Petrol,310
36359,36358,2,Cadillac,CT4,2024,LTG,Petrol,276
36362,36357,2,Cadillac,CT4,2024,L3B,Petrol,310
36380,36378,2,Cadillac,CT4,2025,LTG,Petrol,276
36382,36379,2,Cadillac,CT4,2025,L3B,Petrol,310
36288,36287,2,Cadillac,CT5,2020,LTG,Petrol,276
36290,36289,2,Cadillac,CT5,2020,LGW,Petrol,404
36304,36303,2,Cadillac,CT5,2021,LTG,Petrol,276
36309,36306,2,Cadillac,CT5,2021,LGW,Petrol,404
36323,36322,2,Cadillac,CT5,2022,LTG,Petrol,276
36326,36324,2,Cadillac,CT5,2022,LGW,Petrol,404
36342,36340,2,Cadillac,CT5,2023,LTG,Petrol,276
36345,36343,2,Cadillac,CT5,2023,LGW,Petrol,404
36363,36361,2,Cadillac,CT5,2024,LTG,Petrol,276
36366,36364,2,Cadillac,CT5,2024,LGW,Petrol,404
36385,36383,2,Cadillac,CT5,2025,LTG,Petrol,276
36388,36384,2,Cadillac,CT5,2025,LGW,Petrol,404
28067,28064,2,Cadillac,CT6,2017,LTG,Petrol,276
36255,36252,2,Cadillac,CT6,2018,LTG,Petrol,276
36272,36271,2,Cadillac,CT6,2019,LTA,Petrol,550
33574,33573,2,Cadillac,Cts,2012,LFX,Petrol,322
33584,33583,2,Cadillac,Cts,2013,LFX,Petrol,322
26889,26888,2,Cadillac,Cts,2015,LTG,Petrol,276
28052,28051,2,Cadillac,Cts,2016,LTG,Petrol,276
28069,28068,2,Cadillac,Cts,2017,LTG,Petrol,276
36257,36256,2,Cadillac,Cts,2018,LTG,Petrol,276
36274,36273,2,Cadillac,Cts,2019,LTG,Petrol,276
30980,30978,2,Cadillac,Escalade,2009,L92,Petrol,409
33556,33555,2,Cadillac,Escalade,2010,L9H,Petrol,409
33568,33566,2,Cadillac,Escalade,2011,L9H,Petrol,409
33578,33576,2,Cadillac,Escalade,2012,L9H,Petrol,409
33589,33587,2,Cadillac,Escalade,2013,L9H,Petrol,409
36390,36387,2,Cadillac,Escalade,2025,L87,Petrol,420
36297,36295,2,Cadillac,XT5,2020,LTG,Petrol,276
36298,36296,2,Cadillac,XT5,2020,LGX,Petrol,335
36313,36311,2,Cadillac,XT5,2021,LTG,Petrol,276
36314,36312,2,Cadillac,XT5,2021,LGX,Petrol,335
36332,36330,2,Cadillac,XT5,2022,LTG,Petrol,276
36333,36331,2,Cadillac,XT5,2022,LGX,Petrol,335
36353,36352,2,Cadillac,XT5,2023,LTG,Petrol,276
36354,36351,2,Cadillac,XT5,2023,LGX,Petrol,335
36374,36373,2,Cadillac,XT5,2024,LTG,Petrol,276
36375,36372,2,Cadillac,XT5,2024,LGX,Petrol,335
36396,36395,2,Cadillac,XT5,2025,LTG,Petrol,276
36397,36394,2,Cadillac,XT5,2025,LGX,Petrol,335
23057,23056,2,Chevrolet,AVALANCHE 2500 Crew Cab Pickup,2001,L18,Petrol,345
36453,36450,2,Chevrolet,Blazer,2019,LCV,Petrol,196
36452,36451,2,Chevrolet,Blazer,2019,LGX,Petrol,310
36510,36507,2,Chevrolet,Blazer,2020,LCV,Petrol,196
36509,36508,2,Chevrolet,Blazer,2020,LGX,Petrol,310
36555,36554,2,Chevrolet,Blazer,2021,LCV,Petrol,196
36556,36553,2,Chevrolet,Blazer,2021,LGX,Petrol,310
36602,36600,2,Chevrolet,Blazer,2022,LGX,Petrol,310
36647,36645,2,Chevrolet,Blazer,2023,LGX,Petrol,310
36687,36686,2,Chevrolet,Blazer,2024,LGX,Petrol,310
36726,36724,2,Chevrolet,Blazer,2025,LGX,Petrol,310
36514,36513,2,Chevrolet,Camaro,2020,LTG,Petrol,276
36560,36558,2,Chevrolet,Camaro,2021,LTG,Petrol,276
36605,36603,2,Chevrolet,Camaro,2022,LTG,Petrol,276
36651,36650,2,Chevrolet,Camaro,2023,LTG,Petrol,276
33766,33764,2,Chevrolet,Captiva,2013,LE5,Petrol,165
31098,31097,2,Chevrolet,Chevy,2007,,Petrol,
33712,33709,2,Chevrolet,Chevy,2012,LMG,Petrol,310
33713,33711,2,Chevrolet,Chevy,2012,L96,Petrol,360
26916,26914,2,Chevrolet,Colorado,2015,LCV,Petrol,196
28086,28083,2,Chevrolet,Colorado,2016,LCV,Petrol,196
28142,28140,2,Chevrolet,Colorado,2017,LCV,Petrol,196
36408,36407,2,Chevrolet,Colorado,2018,LCV,Petrol,196
36462,36460,2,Chevrolet,Colorado,2019,LCV,Petrol,196
36519,36518,2,Chevrolet,Colorado,2020,LCV,Petrol,196
36522,36521,2,Chevrolet,Colorado,2020,LGZ,Petrol,308
36567,36565,2,Chevrolet,Colorado,2021,LGZ,Petrol,308
36612,36611,2,Chevrolet,Colorado,2022,LGZ,Petrol,308
33771,33770,2,Chevrolet,Cruze,2013,LUW,Petrol,139
33831,33830,2,Chevrolet,Cruze,2014,LUW,Petrol,139
26923,26922,2,Chevrolet,Cruze,2015,LUW,Petrol,139
28091,28090,2,Chevrolet,Cruze,2016,LUW,Petrol,139
28147,28146,2,Chevrolet,Cruze,2017,LUV,Petrol,140
36414,36413,2,Chevrolet,Cruze,2018,LUV,Petrol,140
36469,36467,2,Chevrolet,Cruze,2019,LUV,Petrol,140
33728,33727,2,Chevrolet,Equinox,2012,LEA,Petrol,182
33777,33776,2,Chevrolet,Equinox,2013,LEA,Petrol,182
33834,33832,2,Chevrolet,Equinox,2014,LEA,Petrol,182
33835,33833,2,Chevrolet,Equinox,2014,LFX,Petrol,322
26925,26924,2,Chevrolet,Equinox,2015,LEA,Petrol,182
28094,28093,2,Chevrolet,Equinox,2016,LEA,Petrol,182
28150,28149,2,Chevrolet,Equinox,2017,LEA,Petrol,182
36417,36416,2,Chevrolet,Equinox,2018,LYX,Petrol,170
36471,36470,2,Chevrolet,Equinox,2019,LYX,Petrol,170
36525,36524,2,Chevrolet,Equinox,2020,LYX,Petrol,170
33781,33780,2,Chevrolet,Express,2013,LMF,Petrol,310
33838,33837,2,Chevrolet,Express,2014,LMF,Petrol,310
26931,26927,2,Chevrolet,Express,2015,L20,Petrol,306
33846,33845,2,Chevrolet,Impala,2014,LCV,Petrol,196
28102,28101,2,Chevrolet,Impala,2016,LFX,Petrol,322
28157,28156,2,Chevrolet,Impala,2017,LFX,Petrol,322
33790,33787,2,Chevrolet,Malibu,2013,LCV,Petrol,196
33850,33849,2,Chevrolet,Malibu,2014,LCV,Petrol,196
26938,26936,2,Chevrolet,Malibu,2015,LCV,Petrol,196
28107,28105,2,Chevrolet,Malibu,2016,LFV,Petrol,163
28108,28106,2,Chevrolet,Malibu,2016,LTG,Petrol,276
29402,29400,2,Chevrolet,S10,2000,LN2,Petrol,120
23074,23073,2,Chevrolet,SILVERADO 2500 Cab & Chassis,2000,L18,Petrol,345
23079,23078,2,Chevrolet,SILVERADO 2500 HD Crew Cab Pickup,2000,L18,Petrol,345
26940,26939,2,Chevrolet,SS,2015,LS3,Petrol,430
23092,23091,2,Chevrolet,SUBURBAN 1500 Closed Off-Road Vehicle,2000,L18,Petrol,345
33745,33744,2,Chevrolet,Silverado,2012,L96,Petrol,360
33797,33796,2,Chevrolet,Silverado,2013,L20,Petrol,306
33802,33799,2,Chevrolet,Silverado,2013,LC9,Petrol,325
33855,33853,2,Chevrolet,Silverado,2014,L83,Petrol,355
26948,26945,2,Chevrolet,Silverado,2015,LC8,Petrol,306
26944,26941,2,Chevrolet,Silverado,2015,L83,Petrol,355
28120,28116,2,Chevrolet,Silverado,2016,LC8,Petrol,306
28115,28112,2,Chevrolet,Silverado,2016,L83,Petrol,355
28166,28163,2,Chevrolet,Silverado,2017,L83,Petrol,355
36433,36430,2,Chevrolet,Silverado,2018,L83,Petrol,355
36492,36489,2,Chevrolet,Silverado,2019,L96,Petrol,360
36621,36620,2,Chevrolet,Silverado,2022,L3B,Petrol,310
36626,36622,2,Chevrolet,Silverado,2022,L84,Petrol,355
36625,36624,2,Chevrolet,Silverado,2022,L87,Petrol,420
36665,36664,2,Chevrolet,Silverado,2023,L3B,Petrol,310
36669,36666,2,Chevrolet,Silverado,2023,L84,Petrol,355
36671,36668,2,Chevrolet,Silverado,2023,L87,Petrol,420
36704,36703,2,Chevrolet,Silverado,2024,L3B,Petrol,310
36706,36702,2,Chevrolet,Silverado,2024,L84,Petrol,355
36736,36735,2,Chevrolet,Silverado,2025,L3B,Petrol,310
36739,36737,2,Chevrolet,Silverado,2025,L84,Petrol,355
33749,33748,2,Chevrolet,Sonic,2012,LUW,Petrol,139
33809,33808,2,Chevrolet,Sonic,2013,LUH,Petrol,138
33807,33806,2,Chevrolet,Sonic,2013,LUW,Petrol,139
33863,33862,2,Chevrolet,Sonic,2014,LUH,Petrol,138
33861,33860,2,Chevrolet,Sonic,2014,LUW,Petrol,139
26953,26952,2,Chevrolet,Sonic,2015,LUH,Petrol,138
26951,26950,2,Chevrolet,Sonic,2015,LUW,Petrol,139
28124,28123,2,Chevrolet,Sonic,2016,LUH,Petrol,138
28122,28121,2,Chevrolet,Sonic,2016,LUW,Petrol,139
28173,28172,2,Chevrolet,Sonic,2017,LUH,Petrol,138
28171,28170,2,Chevrolet,Sonic,2017,LUW,Petrol,139
36440,36439,2,Chevrolet,Sonic,2018,LUH,Petrol,138
36438,36437,2,Chevrolet,Sonic,2018,LUW,Petrol,139
36496,36495,2,Chevrolet,Suburban,2019,L83,Petrol,355
36545,36544,2,Chevrolet,Suburban,2020,L83,Petrol,355
36634,36632,2,Chevrolet,Suburban,2022,L84,Petrol,355
36676,36673,2,Chevrolet,Suburban,2023,L84,Petrol,355
36713,36710,2,Chevrolet,Suburban,2024,L84,Petrol,355
36746,36744,2,Chevrolet,Suburban,2025,L84,Petrol,355
36444,36443,2,Chevrolet,Tahoe,2018,L83,Petrol,355
36499,36498,2,Chevrolet,Tahoe,2019,L83,Petrol,355
36548,36547,2,Chevrolet,Tahoe,2020,L83,Petrol,355
36638,36635,2,Chevrolet,Tahoe,2022,L84,Petrol,355
36680,36677,2,Chevrolet,Tahoe,2023,L84,Petrol,355
36717,36714,2,Chevrolet,Tahoe,2024,L84,Petrol,355
36750,36747,2,Chevrolet,Tahoe,2025,L84,Petrol,355
36594,36593,2,Chevrolet,TrailBlazer,2021,LIH,Petrol,137
36595,36592,2,Chevrolet,TrailBlazer,2021,L3T,Petrol,155
36641,36640,2,Chevrolet,TrailBlazer,2022,LIH,Petrol,137
36642,36639,2,Chevrolet,TrailBlazer,2022,L3T,Petrol,155
36683,36681,2,Chevrolet,TrailBlazer,2023,L3T,Petrol,155
36720,36718,2,Chevrolet,TrailBlazer,2024,L3T,Petrol,155
36753,36751,2,Chevrolet,TrailBlazer,2025,L3T,Petrol,155
36502,36501,2,Chevrolet,Traverse,2019,LGX,Petrol,310
36598,36597,2,Chevrolet,Trax,2021,LUJ,Petrol,140
33889,33888,2,Chrysler,200,2012,3.6 Pentastar,Petrol,283
33897,33896,2,Chrysler,200,2013,3.6 Pentastar,Petrol,283
33908,33907,2,Chrysler,200,2014,3.6 Pentastar,Petrol,283
33892,33890,2,Chrysler,300,2012,3.6 Pentastar,Petrol,283
33893,33891,2,Chrysler,300,2012,EZH,Petrol,352
33901,33900,2,Chrysler,300,2013,3.6 Pentastar,Petrol,283
33911,33910,2,Chrysler,300,2014,3.6 Pentastar,Petrol,283
26992,26990,2,Chrysler,300,2015,3.6 Pentastar,Petrol,283
28185,28183,2,Chrysler,300,2016,3.6 Pentastar,Petrol,283
28192,28190,2,Chrysler,300,2017,3.6 Pentastar,Petrol,283
36757,36756,2,Chrysler,300,2018,3.6 Pentastar,Petrol,283
36759,36758,2,Chrysler,300,2018,EZH,Petrol,352
36763,36762,2,Chrysler,300,2019,3.6 Pentastar,Petrol,283
36764,36761,2,Chrysler,300,2019,EZH,Petrol,352
36768,36766,2,Chrysler,300,2020,3.6 Pentastar,Petrol,283
36769,36767,2,Chrysler,300,2020,EZH,Petrol,352
36773,36772,2,Chrysler,300,2021,3.6 Pentastar,Petrol,283
36779,36777,2,Chrysler,300,2022,3.6 Pentastar,Petrol,283
36783,36782,2,Chrysler,300,2023,3.6 Pentastar,Petrol,283
18954,18953,2,Chrysler,Pacifica,2003,EGN,Petrol,253
33965,33964,2,Dodge,Avenger,2012,3.6 Pentastar,Petrol,283
34007,34004,2,Dodge,Avenger,2013,3.6 Pentastar,Petrol,283
34051,34048,2,Dodge,Avenger,2014,3.6 Pentastar,Petrol,283
33980,33976,2,Dodge,Charger,2012,3.6 Pentastar,Petrol,283
33978,33977,2,Dodge,Charger,2012,EZH,Petrol,352
34018,34014,2,Dodge,Charger,2013,3.6 Pentastar,Petrol,283
34016,34015,2,Dodge,Charger,2013,EZH,Petrol,352
34062,34058,2,Dodge,Charger,2014,3.6 Pentastar,Petrol,283
34060,34059,2,Dodge,Charger,2014,EZH,Petrol,352
27022,27018,2,Dodge,Charger,2015,3.6 Pentastar,Petrol,283
27020,27019,2,Dodge,Charger,2015,EZH,Petrol,352
28220,28216,2,Dodge,Charger,2016,3.6 Pentastar,Petrol,283
28218,28217,2,Dodge,Charger,2016,EZH,Petrol,352
28264,28262,2,Dodge,Charger,2017,3.6 Pentastar,Petrol,283
28263,28260,2,Dodge,Charger,2017,EZH,Petrol,352
36814,36813,2,Dodge,Charger,2018,3.6 Pentastar,Petrol,283
36815,36812,2,Dodge,Charger,2018,EZH,Petrol,352
36850,36849,2,Dodge,Charger,2019,3.6 Pentastar,Petrol,283
36852,36851,2,Dodge,Charger,2019,EZH,Petrol,352
36886,36885,2,Dodge,Charger,2020,3.6 Pentastar,Petrol,283
36888,36887,2,Dodge,Charger,2020,EZH,Petrol,352
36922,36921,2,Dodge,Charger,2021,3.6 Pentastar,Petrol,283
36925,36924,2,Dodge,Charger,2021,EZH,Petrol,352
36957,36956,2,Dodge,Charger,2022,3.6 Pentastar,Petrol,283
36959,36958,2,Dodge,Charger,2022,EZH,Petrol,352
36995,36992,2,Dodge,Charger,2023,3.6 Pentastar,Petrol,283
36996,36994,2,Dodge,Charger,2023,EZH,Petrol,352
34021,34019,2,Dodge,Dart,2013,1.4 MultiAir Turbo (Dart/Renegade),Petrol,160
34023,34022,2,Dodge,Dart,2013,2.0 TigerShark (Dart),Petrol,160
34066,34065,2,Dodge,Dart,2014,2.0 TigerShark (Dart),Petrol,160
34067,34064,2,Dodge,Dart,2014,ED8,Petrol,184
27029,27024,2,Dodge,Dart,2015,1.4 MultiAir Turbo (Dart/Renegade),Petrol,160
28226,28222,2,Dodge,Dart,2016,1.4 MultiAir Turbo (Dart/Renegade),Petrol,160
28227,28225,2,Dodge,Dart,2016,2.0 TigerShark (Dart),Petrol,160
33984,33981,2,Dodge,Durango,2012,3.6 Pentastar,Petrol,283
33983,33982,2,Dodge,Durango,2012,EZH,Petrol,352
34027,34024,2,Dodge,Durango,2013,3.6 Pentastar,Petrol,283
34026,34025,2,Dodge,Durango,2013,EZH,Petrol,352
34071,34068,2,Dodge,Durango,2014,3.6 Pentastar,Petrol,283
34070,34069,2,Dodge,Durango,2014,EZH,Petrol,352
27034,27031,2,Dodge,Durango,2015,3.6 Pentastar,Petrol,283
27033,27032,2,Dodge,Durango,2015,EZH,Petrol,352
28230,28228,2,Dodge,Durango,2016,3.6 Pentastar,Petrol,283
28231,28229,2,Dodge,Durango,2016,EZH,Petrol,352
28268,28266,2,Dodge,Durango,2017,3.6 Pentastar,Petrol,283
28269,28267,2,Dodge,Durango,2017,EZH,Petrol,352
36819,36817,2,Dodge,Durango,2018,3.6 Pentastar,Petrol,283
36820,36818,2,Dodge,Durango,2018,EZH,Petrol,352
36857,36855,2,Dodge,Durango,2019,3.6 Pentastar,Petrol,283
36858,36856,2,Dodge,Durango,2019,EZH,Petrol,352
36894,36892,2,Dodge,Durango,2020,3.6 Pentastar,Petrol,283
36895,36893,2,Dodge,Durango,2020,EZH,Petrol,352
36929,36926,2,Dodge,Durango,2021,3.6 Pentastar,Petrol,283
36930,36927,2,Dodge,Durango,2021,EZH,Petrol,352
36964,36963,2,Dodge,Durango,2022,3.6 Pentastar,Petrol,283
36965,36962,2,Dodge,Durango,2022,EZH,Petrol,352
36999,36998,2,Dodge,Durango,2023,3.6 Pentastar,Petrol,283
37001,37000,2,Dodge,Durango,2023,EZH,Petrol,352
37020,37018,2,Dodge,Durango,2024,3.6 Pentastar,Petrol,283
37021,37019,2,Dodge,Durango,2024,EZH,Petrol,352
37039,37038,2,Dodge,Durango,2025,3.6 Pentastar,Petrol,283
37041,37040,2,Dodge,Durango,2025,EZH,Petrol,352
34031,34029,2,Dodge,Journey,2013,ED3,Petrol,173
34032,34030,2,Dodge,Journey,2013,3.6 Pentastar,Petrol,283
34075,34074,2,Dodge,Journey,2014,3.6 Pentastar,Petrol,283
27039,27036,2,Dodge,Journey,2015,ED3,Petrol,173
27038,27037,2,Dodge,Journey,2015,3.6 Pentastar,Petrol,283
28235,28234,2,Dodge,Journey,2016,3.6 Pentastar,Petrol,283
28273,28272,2,Dodge,Journey,2017,3.6 Pentastar,Petrol,283
36825,36824,2,Dodge,Journey,2018,3.6 Pentastar,Petrol,283
36863,36862,2,Dodge,Journey,2019,3.6 Pentastar,Petrol,283
33993,33991,2,Dodge,Pickup,2012,6.7 Cummins ISB,Diesel,350
33992,33990,2,Dodge,Pickup,2012,EZH,Petrol,352
28238,28237,2,Dodge,ProMaster,2016,3.6 Pentastar,Petrol,283
28277,28276,2,Dodge,ProMaster,2017,ED6,Petrol,188
36828,36827,2,Dodge,ProMaster,2018,ED6,Petrol,188
36969,36968,2,Dodge,ProMaster,2022,ED6,Petrol,188
34082,34080,2,Fiat,500,2013,1.4 MultiAir NA (500/500c),Petrol,101
34086,34084,2,Fiat,500,2014,1.4 MultiAir NA (500/500c),Petrol,101
27055,27054,2,Fiat,500,2015,1.4 MultiAir Turbo (Dart/Renegade),Petrol,135
27048,27047,2,Fiat,500,2015,1.4 MultiAir Turbo (Dart/Renegade),Petrol,160
2870,2868,2,Fiat,500C,2015,169 A4.000,Petrol,83
2897,2894,2,Fiat,500X,2015,55263624,Petrol,138
28284,28282,2,Fiat,500X,2016,ED8,Petrol,180
28290,28289,2,Fiat,500X,2017,ED8,Petrol,180
37052,37050,2,Fiat,500X,2018,ED8,Petrol,180
37268,37267,2,Ford,Bronco,2021,2.7 EcoBoost,Petrol,325
37331,37329,2,Ford,Bronco,2022,2.3 EcoBoost,Petrol,310
37333,37330,2,Ford,Bronco,2022,2.7 EcoBoost,Petrol,325
37397,37395,2,Ford,Bronco,2023,2.3 EcoBoost,Petrol,310
37398,37396,2,Ford,Bronco,2023,2.7 EcoBoost,Petrol,325
37461,37459,2,Ford,Bronco,2024,2.3 EcoBoost,Petrol,310
37462,37460,2,Ford,Bronco,2024,2.7 EcoBoost,Petrol,325
3209,3208,2,Ford,C-Max,2015,1.5 TDCi,Diesel,148
37272,37271,2,Ford,E-350,2021,7.3 Godzilla V8,Petrol,350
37337,37336,2,Ford,E-350,2022,7.3 Godzilla V8,Petrol,350
37403,37402,2,Ford,E-350,2023,7.3 Godzilla V8,Petrol,350
37274,37273,2,Ford,E-450,2021,7.3 Godzilla V8,Petrol,350
37339,37338,2,Ford,E-450,2022,7.3 Godzilla V8,Petrol,350
37405,37404,2,Ford,E-450,2023,7.3 Godzilla V8,Petrol,350
29795,29793,2,Ford,E450,2000,6.8 Triton V10 2V,Petrol,305
29839,29838,2,Ford,E450,2001,6.8 Triton V10 2V,Petrol,305
29885,29884,2,Ford,E450,2002,6.8 Triton V10 2V,Petrol,305
31462,31461,2,Ford,E450,2005,6.8 Triton V10 2V,Petrol,305
34184,34182,2,Ford,Econoline,2012,6.8 Triton V10 2V,Petrol,305
37073,37072,2,Ford,Ecosport,2018,2.0 Duratec,Petrol,143
37144,37142,2,Ford,Ecosport,2019,2.0 Duratec,Petrol,143
37208,37207,2,Ford,Ecosport,2020,2.0 Duratec,Petrol,143
37277,37276,2,Ford,Ecosport,2021,2.0 Duratec,Petrol,143
28298,28297,2,Ford,Edge,2016,2.0 T 16v Ecoboost,Petrol,236
28369,28368,2,Ford,Edge,2017,2.0 T 16v Ecoboost,Petrol,236
37075,37074,2,Ford,Edge,2018,2.0 T 16v Ecoboost,Petrol,236
34232,34231,2,Ford,Escape,2013,2.0 T 16v Ecoboost,Petrol,236
27079,27078,2,Ford,Escape,2015,2.5 I4 (Duratec 25),Petrol,170
28304,28302,2,Ford,Escape,2016,2.5 I4 (Duratec 25),Petrol,170
37081,37080,2,Ford,Escape,2018,2.0 T 16v Ecoboost,Petrol,236
37150,37149,2,Ford,Escape,2019,2.0 T 16v Ecoboost,Petrol,236
37213,37212,2,Ford,Escape,2020,1.5 EcoBoost,Petrol,181
37215,37214,2,Ford,Escape,2020,2.0 T 16v Ecoboost,Petrol,236
37282,37280,2,Ford,Escape,2021,1.5 EcoBoost,Petrol,181
37284,37283,2,Ford,Escape,2021,2.0 T 16v Ecoboost,Petrol,236
37346,37344,2,Ford,Escape,2022,1.5 EcoBoost,Petrol,181
37348,37347,2,Ford,Escape,2022,2.0 T 16v Ecoboost,Petrol,236
29851,29849,2,Ford,Excursion,2001,5.4 Triton 2V,Petrol,260
34237,34235,2,Ford,Explorer,2013,3.5 Cyclone V6,Petrol,282
34291,34290,2,Ford,Explorer,2014,3.5 Cyclone V6,Petrol,282
27087,27085,2,Ford,Explorer,2015,3.5 Cyclone V6,Petrol,282
28308,28306,2,Ford,Explorer,2016,3.5 Cyclone V6,Petrol,282
28378,28377,2,Ford,Explorer,2017,3.5 Cyclone V6,Petrol,282
37085,37084,2,Ford,Explorer,2018,3.5 Cyclone V6,Petrol,282
37154,37153,2,Ford,Explorer,2019,3.5 Cyclone V6,Petrol,282
37220,37217,2,Ford,Explorer,2020,2.3 EcoBoost,Petrol,310
37290,37286,2,Ford,Explorer,2021,2.3 EcoBoost,Petrol,310
37354,37350,2,Ford,Explorer,2022,2.3 EcoBoost,Petrol,310
37419,37416,2,Ford,Explorer,2023,2.3 EcoBoost,Petrol,310
37480,37477,2,Ford,Explorer,2024,2.3 EcoBoost,Petrol,310
34241,34238,2,Ford,F-150,2013,3.5 V6 EcoBoost,Petrol,365
34243,34239,2,Ford,F-150,2013,6.2 Boss V8,Petrol,385
34293,34292,2,Ford,F-150,2014,3.5 V6 EcoBoost,Petrol,365
34297,34295,2,Ford,F-150,2014,6.2 Boss V8,Petrol,385
27091,27089,2,Ford,F-150,2015,5.0 Coyote V8,Petrol,395
28313,28312,2,Ford,F-150,2016,3.5 Cyclone V6,Petrol,282
28383,28382,2,Ford,F-150,2017,3.5 Cyclone V6,Petrol,282
37090,37087,2,Ford,F-150,2018,3.5 V6 EcoBoost,Petrol,365
37159,37156,2,Ford,F-150,2019,3.5 V6 EcoBoost,Petrol,365
37226,37223,2,Ford,F-150,2020,3.5 V6 EcoBoost,Petrol,365
37296,37292,2,Ford,F-150,2021,3.5 V6 EcoBoost,Petrol,365
37361,37360,2,Ford,F-150,2022,3.3 Ti-VCT V6,Petrol,290
37359,37355,2,Ford,F-150,2022,3.5 V6 EcoBoost,Petrol,365
37428,37427,2,Ford,F-150,2023,3.3 Ti-VCT V6,Petrol,290
37094,37093,2,Ford,F-250,2018,6.7 Power Stroke,Diesel,390
37163,37162,2,Ford,F-250,2019,6.7 Power Stroke,Diesel,390
37231,37229,2,Ford,F-250,2020,6.7 Power Stroke,Diesel,390
37301,37299,2,Ford,F-250,2021,6.7 Power Stroke,Diesel,390
37365,37363,2,Ford,F-250,2022,6.7 Power Stroke,Diesel,390
37430,37429,2,Ford,F-250,2023,6.7 Power Stroke,Diesel,390
37491,37490,2,Ford,F-250,2024,6.7 Power Stroke,Diesel,390
37097,37096,2,Ford,F-350,2018,6.7 Power Stroke,Diesel,390
37166,37165,2,Ford,F-350,2019,6.7 Power Stroke,Diesel,390
37235,37233,2,Ford,F-350,2020,6.7 Power Stroke,Diesel,390
37305,37304,2,Ford,F-350,2021,6.7 Power Stroke,Diesel,390
37369,37366,2,Ford,F-350,2022,6.7 Power Stroke,Diesel,390
37434,37433,2,Ford,F-350,2023,6.7 Power Stroke,Diesel,390
37494,37493,2,Ford,F-350,2024,6.7 Power Stroke,Diesel,390
34249,34248,2,Ford,F-450,2013,6.7 Power Stroke,Diesel,390
34303,34302,2,Ford,F-450,2014,6.7 Power Stroke,Diesel,390
27098,27097,2,Ford,F-450,2015,6.7 Power Stroke,Diesel,390
28319,28318,2,Ford,F-450,2016,6.7 Power Stroke,Diesel,390
28389,28388,2,Ford,F-450,2017,6.7 Power Stroke,Diesel,390
37099,37098,2,Ford,F-450,2018,6.7 Power Stroke,Diesel,390
37168,37167,2,Ford,F-450,2019,6.7 Power Stroke,Diesel,390
37238,37236,2,Ford,F-450,2020,6.7 Power Stroke,Diesel,390
37307,37306,2,Ford,F-450,2021,6.7 Power Stroke,Diesel,390
37371,37370,2,Ford,F-450,2022,6.7 Power Stroke,Diesel,390
37439,37437,2,Ford,F-450,2023,6.7 Power Stroke,Diesel,390
37498,37497,2,Ford,F-450,2024,6.7 Power Stroke,Diesel,390
34252,34251,2,Ford,F-550,2013,6.7 Power Stroke,Diesel,390
34306,34305,2,Ford,F-550,2014,6.7 Power Stroke,Diesel,390
27101,27100,2,Ford,F-550,2015,6.7 Power Stroke,Diesel,390
28322,28321,2,Ford,F-550,2016,6.7 Power Stroke,Diesel,390
28392,28391,2,Ford,F-550,2017,6.7 Power Stroke,Diesel,390
37103,37101,2,Ford,F-550,2018,6.7 Power Stroke,Diesel,390
37171,37170,2,Ford,F-550,2019,6.7 Power Stroke,Diesel,390
34195,34193,2,Ford,F450,2012,6.7 Power Stroke,Diesel,390
34310,34308,2,Ford,Fiesta,2014,1.6 16v,Petrol,122
27105,27103,2,Ford,Fiesta,2015,1.6 16v,Petrol,122
28325,28324,2,Ford,Fiesta,2016,1.6 16v,Petrol,122
28396,28394,2,Ford,Fiesta,2017,1.6 16v,Petrol,122
34257,34255,2,Ford,Flex,2013,3.5 Cyclone V6,Petrol,282
34313,34311,2,Ford,Flex,2014,3.5 Cyclone V6,Petrol,282
27108,27106,2,Ford,Flex,2015,3.5 Cyclone V6,Petrol,282
28329,28327,2,Ford,Flex,2016,3.5 Cyclone V6,Petrol,282
28398,28397,2,Ford,Flex,2017,3.5 Cyclone V6,Petrol,282
37107,37105,2,Ford,Flex,2018,3.5 Cyclone V6,Petrol,282
34315,34314,2,Ford,Focus,2014,2.0 Duratec GDI,Petrol,160
27111,27110,2,Ford,Focus,2015,2.0 Duratec GDI,Petrol,160
34263,34260,2,Ford,Fusion,2013,2.5 I4 (Duratec 25),Petrol,170
34262,34259,2,Ford,Fusion,2013,2.0 T 16v Ecoboost,Petrol,236
34321,34317,2,Ford,Fusion,2014,2.5 I4 (Duratec 25),Petrol,170
34319,34316,2,Ford,Fusion,2014,2.0 T 16v Ecoboost,Petrol,236
27117,27114,2,Ford,Fusion,2015,2.5 I4 (Duratec 25),Petrol,170
27118,27113,2,Ford,Fusion,2015,2.0 T 16v Ecoboost,Petrol,236
28339,28336,2,Ford,Fusion,2016,2.5 I4 (Duratec 25),Petrol,170
28337,28335,2,Ford,Fusion,2016,2.0 T 16v Ecoboost,Petrol,236
28409,28406,2,Ford,Fusion,2017,2.5 I4 (Duratec 25),Petrol,170
28407,28405,2,Ford,Fusion,2017,2.0 T 16v Ecoboost,Petrol,236
37117,37114,2,Ford,Fusion,2018,2.5 I4 (Duratec 25),Petrol,170
37116,37113,2,Ford,Fusion,2018,2.0 T 16v Ecoboost,Petrol,236
37179,37177,2,Ford,Fusion,2019,2.5 I4 (Duratec 25),Petrol,170
37181,37178,2,Ford,Fusion,2019,2.0 T 16v Ecoboost,Petrol,236
37246,37244,2,Ford,Fusion,2020,2.5 I4 (Duratec 25),Petrol,170
37245,37242,2,Ford,Fusion,2020,1.5 EcoBoost,Petrol,181
37243,37241,2,Ford,Fusion,2020,2.0 T 16v Ecoboost,Petrol,236
37249,37247,2,Ford,Mustang,2020,2.3 EcoBoost,Petrol,310
34328,34326,2,Ford,Police,2014,3.7 Ti-VCT V6,Petrol,302
27125,27124,2,Ford,Police,2015,3.7 Ti-VCT V6,Petrol,302
28346,28345,2,Ford,Police,2016,3.7 Ti-VCT V6,Petrol,302
28417,28416,2,Ford,Police,2017,3.7 Ti-VCT V6,Petrol,302
37125,37124,2,Ford,Police,2018,3.7 Ti-VCT V6,Petrol,302
37190,37187,2,Ford,Police,2019,3.7 Ti-VCT V6,Petrol,302
37254,37253,2,Ford,Police,2020,3.3 V6 Hybrid,Hybrid,318
37512,37510,2,Ford,Ranger,2024,2.3 EcoBoost,Petrol,310
13910,13909,2,Ford,STREET KA (RL2),2003,CDRB,Petrol,95
25603,25602,2,Ford,TRANSIT Box,2012,CVF5,Diesel,155
34272,34268,2,Ford,Taurus,2013,3.5 Cyclone V6,Petrol,282
34332,34331,2,Ford,Taurus,2014,3.5 Cyclone V6,Petrol,282
27129,27127,2,Ford,Taurus,2015,3.5 Cyclone V6,Petrol,282
28350,28349,2,Ford,Taurus,2016,3.5 Cyclone V6,Petrol,282
28421,28420,2,Ford,Taurus,2017,3.5 Cyclone V6,Petrol,282
34335,34334,2,Ford,Transit,2014,2.5 I4 (Duratec 25),Petrol,170
27132,27131,2,Ford,Transit,2015,2.5 I4 (Duratec 25),Petrol,170
28353,28351,2,Ford,Transit,2016,2.5 I4 (Duratec 25),Petrol,170
37195,37194,2,Ford,Transit,2019,2.0 Duratec GDI,Petrol,160
37258,37257,2,Ford,Transit,2020,2.0 Duratec GDI,Petrol,160
37321,37320,2,Ford,Transit,2021,2.0 Duratec GDI,Petrol,160
37387,37386,2,Ford,Transit,2022,2.0 Duratec GDI,Petrol,160
28456,28454,2,GMC,Acadia,2017,LGX,Petrol,310
37523,37522,2,GMC,Acadia,2018,LCV,Petrol,193
37521,37520,2,GMC,Acadia,2018,LGX,Petrol,310
37548,37546,2,GMC,Acadia,2019,LCV,Petrol,193
37549,37547,2,GMC,Acadia,2019,LGX,Petrol,310
37578,37577,2,GMC,Acadia,2020,LCV,Petrol,193
37580,37579,2,GMC,Acadia,2020,LGX,Petrol,310
37608,37606,2,GMC,Acadia,2021,LCV,Petrol,193
37610,37609,2,GMC,Acadia,2021,LGX,Petrol,310
37632,37631,2,GMC,Acadia,2022,LSY,Petrol,228
37633,37630,2,GMC,Acadia,2022,LGX,Petrol,310
37656,37653,2,GMC,Acadia,2023,LSY,Petrol,228
37655,37654,2,GMC,Acadia,2023,LGX,Petrol,310
27150,27146,2,GMC,Canyon,2015,LCV,Petrol,196
28436,28433,2,GMC,Canyon,2016,LCV,Petrol,196
28461,28457,2,GMC,Canyon,2017,LCV,Petrol,196
37528,37527,2,GMC,Canyon,2018,LCV,Petrol,196
37526,37525,2,GMC,Canyon,2018,LGZ,Petrol,308
37554,37551,2,GMC,Canyon,2019,LCV,Petrol,196
37553,37550,2,GMC,Canyon,2019,LGZ,Petrol,308
37586,37584,2,GMC,Canyon,2020,LCV,Petrol,196
37583,37582,2,GMC,Canyon,2020,LGZ,Petrol,308
30100,30099,2,GMC,Envoy,2003,LL8,Petrol,275
30127,30126,2,GMC,Envoy,2004,LL8,Petrol,275
34396,34395,2,GMC,Savana,2012,LMF,Petrol,310
34431,34428,2,GMC,Savana,2013,LMF,Petrol,310
34458,34457,2,GMC,Savana,2014,LMF,Petrol,310
27155,27151,2,GMC,Savana,2015,L20,Petrol,306
34438,34437,2,GMC,Sierra,2013,L20,Petrol,306
34443,34440,2,GMC,Sierra,2013,LC9,Petrol,325
34441,34435,2,GMC,Sierra,2013,L9H,Petrol,409
27162,27159,2,GMC,Sierra,2015,LC8,Petrol,306
28448,28445,2,GMC,Sierra,2016,LC8,Petrol,306
37567,37565,2,GMC,Sierra,2019,L96,Petrol,360
37643,37642,2,GMC,Sierra,2022,L87,Petrol,420
37663,37662,2,GMC,Sierra,2023,L87,Petrol,420
34471,34469,2,GMC,Terrain,2014,LFX,Petrol,301
27165,27163,2,GMC,Terrain,2015,LEA,Petrol,182
28450,28449,2,GMC,Terrain,2016,LEA,Petrol,182
28474,28472,2,GMC,Terrain,2017,LEA,Petrol,182
37542,37541,2,GMC,Terrain,2018,LYX,Petrol,170
37544,37540,2,GMC,Terrain,2018,LTG,Petrol,252
37571,37570,2,GMC,Terrain,2019,LYX,Petrol,170
37573,37569,2,GMC,Terrain,2019,LTG,Petrol,252
37601,37600,2,GMC,Terrain,2020,LYX,Petrol,170
37602,37599,2,GMC,Terrain,2020,LTG,Petrol,252
34417,34413,2,GMC,Yukon,2012,LC9,Petrol,325
34418,34414,2,GMC,Yukon,2012,L9H,Petrol,409
34454,34449,2,GMC,Yukon,2013,LC9,Petrol,325
34453,34450,2,GMC,Yukon,2013,L9H,Petrol,409
34476,34472,2,GMC,Yukon,2014,L9H,Petrol,409
27167,27166,2,GMC,Yukon,2015,L86,Petrol,420
16109,16108,2,Geely,BL Coupe,2004,MR479Q,Petrol,86
16111,16110,2,Geely,BL Coupe,2004,MR479QA,Petrol,94
16113,16112,2,Geely,CK Saloon,2004,MR479Q,Petrol,86
16115,16114,2,Geely,CK Saloon,2004,MR479QA,Petrol,94
16117,16116,2,Geely,CK Saloon,2004,MR481QA,Petrol,107
16119,16118,2,Geely,HQ Hatchback,2004,JL376QE,Petrol,52
16121,16120,2,Geely,HQ Hatchback,2004,MR479Q,Petrol,86
16127,16126,2,Geely,HQ SRV,2004,JL376QE,Petrol,52
16129,16128,2,Geely,HQ SRV,2004,JL378QE,Petrol,54
16131,16130,2,Geely,HQ SRV,2004,MR479Q,Petrol,86
16123,16122,2,Geely,HQ Sedan,2004,JL378QE,Petrol,54
16125,16124,2,Geely,HQ Sedan,2004,MR479Q,Petrol,86
23860,23859,2,Geely,MK Hatchback,2011,MR479QA,Petrol,94
16133,16132,2,Geely,MR Hatchback,2004,MR479Q,Petrol,86
16135,16134,2,Geely,MR Hatchback,2004,MR479QA,Petrol,94
16137,16136,2,Geely,MR Sedan,2004,JL376QE,Petrol,52
16139,16138,2,Geely,MR Sedan,2004,JL378QE,Petrol,54
16141,16140,2,Geely,MR Sedan,2004,MR479Q,Petrol,86
16143,16142,2,Geely,MR Sedan,2004,MR479QA,Petrol,94
16145,16144,2,Geely,PU,2004,JL376QE,Petrol,52
16147,16146,2,Geely,PU,2004,JL378QE,Petrol,54
16149,16148,2,Geely,PU,2004,MR479Q,Petrol,86
20972,20971,2,HSV,CLUBSPORT Saloon (VX),2000,LS1,Petrol,347
20974,20973,2,HSV,CLUBSPORT Saloon (VY),2002,LS1,Petrol,354
20976,20975,2,HSV,CLUBSPORT Saloon (VY),2003,LS1,Petrol,388
20978,20977,2,HSV,CLUBSPORT Saloon (VZ),2003,LS2,Petrol,404
21352,21351,2,HSV,GRANGE Saloon (WH),2000,LS1,Petrol,347
21355,21354,2,HSV,GRANGE Saloon (WL),2003,LS2,Petrol,404
25915,25913,2,Holden,CALAIS Saloon (VX),2000,L36,Petrol,207
25922,25921,2,Holden,CALAIS Saloon (VZ),2003,LS1,Petrol,320
21318,21317,2,Holden,COMMODORE Pickup (VU),2000,LS1,Petrol,306
21312,21311,2,Holden,COMMODORE Pickup (VY),2002,LS1,Petrol,306
21320,21319,2,Holden,COMMODORE Pickup (VY),2002,LS1,Petrol,320
21322,21321,2,Holden,COMMODORE Pickup (VY),2002,LS1,Petrol,333
21315,21313,2,Holden,COMMODORE Pickup (VZ),2003,HB,Petrol,238
21345,21344,2,Holden,COMMODORE Saloon (VE),2005,H7,Petrol,265
21262,21261,2,Holden,STATESMAN Saloon (WK),2003,LS1,Petrol,333
27179,27177,2,Honda,Accord,2015,K24W,Petrol,189
34546,34545,2,Honda,CR-Z,2014,CR-Z 1.5 IMA Hybrid,Hybrid,130
37878,37877,2,Honda,Civic,2025,Honda 2.0 i-MMD Hybrid,Hybrid,204
34503,34502,2,Honda,Cr-V,2012,K24Z9,Petrol,185
34524,34523,2,Honda,Cr-V,2013,K24Z9,Petrol,185
34544,34543,2,Honda,Cr-V,2014,K24Z9,Petrol,185
34508,34507,2,Honda,Crosstour,2012,J35Z2,Petrol,271
34531,34530,2,Honda,Crosstour,2013,J35Y1,Petrol,278
34552,34551,2,Honda,Crosstour,2014,J35Y1,Petrol,278
34513,34512,2,Honda,Pilot,2012,J35A9,Petrol,250
34536,34535,2,Honda,Pilot,2013,J35A9,Petrol,250
15840,15839,2,Hummer,HUMMER H2  SUT,2003,LQ4,Petrol,322
15995,15994,2,Hummer,HUMMER H3,2004,L52,Petrol,220
27222,27221,2,Hyundai,Azera,2015,Lambda 3.3 GDI (Cadenza/Sedona/Sorento),Petrol,276
37966,37965,2,Hyundai,Elantra,2022,G4NH,Petrol,147
37983,37982,2,Hyundai,Elantra,2023,G4NH,Petrol,147
38002,38001,2,Hyundai,Elantra,2024,G4NH,Petrol,147
38020,38018,2,Hyundai,Elantra,2025,G4NH,Petrol,147
27232,27229,2,Hyundai,Equus,2015,Tau 5.0 GDI (K900/Equus),Petrol,420
4033,4032,2,Hyundai,I20,2009,G4FA,Petrol,125
37908,37907,2,Hyundai,Kona,2019,G4NH,Petrol,147
37930,37929,2,Hyundai,Kona,2020,G4NH,Petrol,147
37950,37949,2,Hyundai,Kona,2021,G4NH,Petrol,147
37970,37969,2,Hyundai,Kona,2022,G4NH,Petrol,147
37988,37987,2,Hyundai,Kona,2023,G4NH,Petrol,147
38006,38005,2,Hyundai,Kona,2024,G4NH,Petrol,147
38023,38022,2,Hyundai,Kona,2025,G4NH,Petrol,147
34599,34598,2,Hyundai,Santa,2012,Lambda II 3.5 GDI (Sorento/Carnival/Sedona),Petrol,276
34616,34614,2,Hyundai,Santa,2013,G4KJ,Petrol,192
34632,34630,2,Hyundai,Santa,2014,G4KJ,Petrol,192
28521,28519,2,Hyundai,Santa,2016,G4KJ,Petrol,192
28536,28534,2,Hyundai,Santa,2017,G4KJ,Petrol,192
37894,37892,2,Hyundai,Santa,2018,G4KJ,Petrol,192
37934,37933,2,Hyundai,Santa,2020,G4KJ,Petrol,192
37973,37972,2,Hyundai,Santa,2022,G4KN,Petrol,194
37991,37990,2,Hyundai,Santa,2023,G4KN,Petrol,194
38009,38008,2,Hyundai,Santa,2024,G4KN,Petrol,194
38026,38025,2,Hyundai,Santa,2025,G4KN,Petrol,194
34601,34600,2,Hyundai,Sonata,2012,G4KJ,Petrol,192
34619,34617,2,Hyundai,Sonata,2013,G4KJ,Petrol,192
27246,27245,2,Hyundai,Veloster,2015,G4FD,Petrol,138
37922,37920,2,Hyundai,Veloster,2019,G4NH,Petrol,147
37942,37940,2,Hyundai,Veloster,2020,G4NH,Petrol,147
37961,37959,2,Hyundai,Veloster,2021,G4NH,Petrol,147
27253,27248,2,Infiniti,Q40,2015,VQ37VHR,Petrol,328
27250,27249,2,Infiniti,Q50,2015,VQ35HR Hybrid (Direct Response),Hybrid,360
28547,28545,2,Infiniti,Q50,2016,M274DE20,Petrol,208
28549,28546,2,Infiniti,Q50,2016,VR30DDTT,Petrol,300
28563,28561,2,Infiniti,Q50,2017,M274DE20,Petrol,208
28564,28562,2,Infiniti,Q50,2017,VR30DDTT,Petrol,300
38037,38034,2,Infiniti,Q50,2018,M274DE20,Petrol,208
38038,38035,2,Infiniti,Q50,2018,VR30DDTT,Petrol,300
28566,28565,2,Infiniti,Q60,2017,M274DE20,Petrol,208
28568,28567,2,Infiniti,Q60,2017,VR30DDTT,Petrol,300
38041,38039,2,Infiniti,Q60,2018,M274DE20,Petrol,208
38042,38040,2,Infiniti,Q60,2018,VR30DDTT,Petrol,300
27280,27278,2,Infiniti,Qx70,2015,VQ37VHR,Petrol,325
28593,28592,2,Jaguar,F-Pace,2017,AJ126,Petrol,340
38096,38095,2,Jaguar,F-Pace,2018,AJ126,Petrol,340
38153,38150,2,Jaguar,F-Pace,2021,204PT,Petrol,246
38151,38149,2,Jaguar,F-Pace,2021,AJ300P,Petrol,395
38162,38159,2,Jaguar,F-Pace,2022,204PT,Petrol,246
38164,38161,2,Jaguar,F-Pace,2022,AJ300P,Petrol,395
27285,27284,2,Jaguar,F-Type,2015,AJ126,Petrol,340
27287,27286,2,Jaguar,F-Type,2015,AJ126,Petrol,380
27303,27302,2,Jaguar,XJR,2015,AJ133S,Petrol,550
27306,27305,2,Jaguar,XKR,2015,AJ133,Petrol,510
27309,27307,2,Jaguar,XKR-S,2015,AJ133S,Petrol,550
38104,38103,2,Jaguar,Xe,2018,AJ126,Petrol,340
34717,34716,2,Jaguar,Xf,2014,AJ126,Petrol,340
27291,27290,2,Jaguar,Xf,2015,AJ126,Petrol,340
27293,27292,2,Jaguar,Xf,2015,AJ133,Petrol,470
28607,28606,2,Jaguar,Xf,2017,AJ126,Petrol,340
38107,38106,2,Jaguar,Xf,2018,AJ126,Petrol,340
27298,27294,2,Jaguar,Xfr,2015,AJ133,Petrol,510
34708,34704,2,Jaguar,Xj,2013,AJ126,Petrol,340
34723,34719,2,Jaguar,Xj,2014,AJ126,Petrol,340
27301,27300,2,Jaguar,Xj,2015,AJ133,Petrol,470
28589,28588,2,Jaguar,Xj,2016,AJ126,Petrol,340
28610,28608,2,Jaguar,Xj,2017,AJ126,Petrol,340
38109,38108,2,Jaguar,Xj,2018,AJ126,Petrol,340
38132,38131,2,Jaguar,Xj,2019,AJ126,Petrol,340
38134,38133,2,Jaguar,Xj,2019,AJ133,Petrol,470
27308,27304,2,Jaguar,Xk,2015,AJ133,Petrol,385
34765,34763,2,Jeep,Cherokee,2014,ED6,Petrol,188
38188,38187,2,Jeep,Cherokee,2018,3.2 Pentastar,Petrol,271
38249,38246,2,Jeep,Cherokee,2021,2.0 Turbo GME,Petrol,268
38250,38248,2,Jeep,Cherokee,2021,3.2 Pentastar,Petrol,271
38272,38270,2,Jeep,Cherokee,2022,3.2 Pentastar,Petrol,271
27315,27314,2,Jeep,Compass,2015,ED3,Petrol,172
38254,38253,2,Jeep,Gladiator,2021,3.6 Pentastar,Petrol,283
38276,38275,2,Jeep,Gladiator,2022,3.6 Pentastar,Petrol,283
38299,38297,2,Jeep,Gladiator,2023,3.6 Pentastar,Petrol,283
38306,38304,2,Jeep,Grand,2023,ESG,Petrol,471
38307,38305,2,Jeep,Grand,2023,3.0 Hurricane I6 H.O. (Grand Wagoneer),Petrol,510
34746,34745,2,Jeep,Grand Cherokee,2012,3.6 Pentastar,Petrol,283
34757,34755,2,Jeep,Grand Cherokee,2013,3.6 Pentastar,Petrol,283
34771,34769,2,Jeep,Grand Cherokee,2014,3.6 Pentastar,Petrol,283
27318,27316,2,Jeep,Grand Cherokee,2015,3.6 Pentastar,Petrol,283
28620,28618,2,Jeep,Grand Cherokee,2016,3.6 Pentastar,Petrol,283
28640,28638,2,Jeep,Grand Cherokee,2017,3.6 Pentastar,Petrol,283
38193,38192,2,Jeep,Grand Cherokee,2018,3.6 Pentastar,Petrol,283
38213,38212,2,Jeep,Grand Cherokee,2019,3.6 Pentastar,Petrol,283
38233,38232,2,Jeep,Grand Cherokee,2020,3.6 Pentastar,Petrol,283
38257,38255,2,Jeep,Grand Cherokee,2021,3.6 Pentastar,Petrol,283
38279,38277,2,Jeep,Grand Cherokee,2022,3.6 Pentastar,Petrol,283
38302,38301,2,Jeep,Grand Cherokee,2023,3.6 Pentastar,Petrol,283
38325,38324,2,Jeep,Grand Cherokee,2024,3.6 Pentastar,Petrol,283
38338,38336,2,Jeep,Grand Cherokee,2025,2.0 Turbo GME (4xe),Hybrid,375
27323,27322,2,Jeep,Patriot,2015,ED3,Petrol,172
27326,27325,2,Jeep,Renegade,2015,ED8,Petrol,180
28627,28626,2,Jeep,Renegade,2016,1.4 MultiAir Turbo (Dart/Renegade),Petrol,160
28629,28628,2,Jeep,Renegade,2016,ED8,Petrol,180
28647,28646,2,Jeep,Renegade,2017,ED8,Petrol,180
38220,38218,2,Jeep,Renegade,2019,1.3 GSE Turbo (Renegade),Petrol,177
38223,38219,2,Jeep,Renegade,2019,ED8,Petrol,180
38239,38237,2,Jeep,Renegade,2020,1.3 GSE Turbo (Renegade),Petrol,177
38241,38238,2,Jeep,Renegade,2020,ED8,Petrol,180
38263,38260,2,Jeep,Renegade,2021,1.3 GSE Turbo (Renegade),Petrol,177
38262,38261,2,Jeep,Renegade,2021,ED8,Petrol,180
38311,38310,2,Jeep,Wagoneer,2023,5.7 HEMI V8 eTorque (Wagoneer),Petrol,392
38312,38309,2,Jeep,Wagoneer,2023,3.0 Hurricane I6,Petrol,420
38329,38328,2,Jeep,Wagoneer,2024,3.0 Hurricane I6,Petrol,420
38341,38340,2,Jeep,Wagoneer,2025,3.0 Hurricane I6,Petrol,420
38224,38222,2,Jeep,Wrangler,2019,3.6 Pentastar,Petrol,283
38268,38264,2,Jeep,Wrangler,2021,2.0 Turbo GME,Petrol,268
38289,38286,2,Jeep,Wrangler,2022,2.0 Turbo GME,Petrol,268
38292,38291,2,Jeep,Wrangler,2022,3.6 Pentastar,Petrol,283
38317,38313,2,Jeep,Wrangler,2023,2.0 Turbo GME,Petrol,268
38319,38318,2,Jeep,Wrangler,2023,3.6 Pentastar,Petrol,283
38332,38330,2,Jeep,Wrangler,2024,2.0 Turbo GME,Petrol,268
38344,38342,2,Jeep,Wrangler,2025,2.0 Turbo GME,Petrol,268
27336,27331,2,Kia,Cadenza,2015,Lambda 3.3 GDI (Cadenza/Sedona/Sorento),Petrol,276
27338,27335,2,Kia,Forte,2015,G4NB,Petrol,147
27334,27332,2,Kia,Forte,2015,G4FJ,Petrol,184
27340,27333,2,Kia,Forte,2015,G4FJ,Petrol,201
27345,27339,2,Kia,Forte5,2015,G4FJ,Petrol,184
34807,34804,2,Kia,Optima,2012,G4KF,Petrol,211
34822,34820,2,Kia,Optima,2013,G4KJ,Petrol,192
34823,34821,2,Kia,Optima,2013,G4KF,Petrol,211
34811,34810,2,Kia,Sorento,2012,G4KJ,Petrol,192
34813,34812,2,Kia,Sorento,2012,Lambda II 3.5 GDI (Sorento/Carnival/Sedona),Petrol,276
34827,34825,2,Kia,Sorento,2013,G4KJ,Petrol,192
34828,34826,2,Kia,Sorento,2013,Lambda II 3.5 GDI (Sorento/Carnival/Sedona),Petrol,276
34842,34840,2,Kia,Sorento,2014,Lambda 3.3 GDI (Cadenza/Sedona/Sorento),Petrol,276
27361,27358,2,Kia,Sorento,2015,Lambda 3.3 GDI (Cadenza/Sedona/Sorento),Petrol,276
28662,28661,2,Kia,Sorento,2016,G4KJ,Petrol,192
28663,28660,2,Kia,Sorento,2016,Lambda 3.3 GDI (Cadenza/Sedona/Sorento),Petrol,276
28685,28684,2,Kia,Sorento,2017,G4KJ,Petrol,192
28686,28683,2,Kia,Sorento,2017,Lambda 3.3 GDI (Cadenza/Sedona/Sorento),Petrol,276
38360,38359,2,Kia,Sorento,2018,G4KJ,Petrol,192
38361,38358,2,Kia,Sorento,2018,Lambda 3.3 GDI (Cadenza/Sedona/Sorento),Petrol,276
38384,38383,2,Kia,Sorento,2019,G4KJ,Petrol,192
38385,38382,2,Kia,Sorento,2019,Lambda 3.3 GDI (Cadenza/Sedona/Sorento),Petrol,276
38405,38404,2,Kia,Sorento,2020,G4KJ,Petrol,192
38406,38403,2,Kia,Sorento,2020,Lambda 3.3 GDI (Cadenza/Sedona/Sorento),Petrol,276
27365,27364,2,Kia,Soul,2015,Soul EV Electric,Electric,109
14156,14155,2,Lamborghini,GALLARDO,2003,L510,Petrol,500
38524,38522,2,Land Rover,Defender,2020,204PT,Petrol,296
38525,38523,2,Land Rover,Defender,2020,AJ300P,Petrol,395
38588,38584,2,Land Rover,Defender,2024,204PT,Petrol,296
38587,38585,2,Land Rover,Defender,2024,AJ300P,Petrol,395
38543,38542,2,Land Rover,Discovery,2021,204PT,Petrol,296
38544,38541,2,Land Rover,Discovery,2021,AJ300P,Petrol,355
38561,38557,2,Land Rover,Discovery,2022,204PT,Petrol,296
38560,38558,2,Land Rover,Discovery,2022,AJ300P,Petrol,355
38576,38572,2,Land Rover,Discovery,2023,204PT,Petrol,296
38573,38571,2,Land Rover,Discovery,2023,AJ300P,Petrol,355
38593,38590,2,Land Rover,Discovery,2024,204PT,Petrol,296
38592,38589,2,Land Rover,Discovery,2024,AJ300P,Petrol,355
38606,38604,2,Land Rover,Discovery,2025,204PT,Petrol,296
38603,38602,2,Land Rover,Discovery,2025,AJ300P,Petrol,355
32108,32106,2,Land Rover,Range,2006,AJ41,Petrol,305
34856,34855,2,Land Rover,Range,2012,508PN,Petrol,375
34865,34863,2,Land Rover,Range,2014,508PS,Petrol,510
28697,28696,2,Land Rover,Range,2016,AJ126,Petrol,340
28698,28692,2,Land Rover,Range,2016,508PS,Petrol,510
38509,38506,2,Land Rover,Range,2018,204PT,Petrol,247
38507,38505,2,Land Rover,Range,2018,AJ126,Petrol,340
38521,38519,2,Land Rover,Range,2019,204PT,Petrol,246
38518,38514,2,Land Rover,Range,2019,AJ126,Petrol,340
38537,38535,2,Land Rover,Range,2020,204PT,Petrol,246
38536,38531,2,Land Rover,Range,2020,AJ300P,Petrol,395
38549,38548,2,Land Rover,Range,2021,AJ300P,Petrol,395
38567,38566,2,Land Rover,Range,2022,204PT,Petrol,246
38564,38563,2,Land Rover,Range,2022,AJ300P,Petrol,395
38565,38562,2,Land Rover,Range,2022,508PS,Petrol,510
38581,38578,2,Land Rover,Range,2023,AJ300P,Petrol,395
38579,38575,2,Land Rover,Range,2023,P530 4.4 V8 TT (N63TU3),Petrol,523
38598,38596,2,Land Rover,Range,2024,AJ300P,Petrol,395
38599,38595,2,Land Rover,Range,2024,P530 MHEV 4.4 V8 TT (S68),Petrol,523
38609,38608,2,Land Rover,Range,2025,AJ300P,Petrol,395
38611,38607,2,Land Rover,Range,2025,P530 MHEV 4.4 V8 TT (S68),Petrol,523
4924,4922,2,Land Rover,Range Rover,2002,M62B44,Petrol,282
4980,4979,2,Land Rover,Range Rover,2013,AJ133,Petrol,510
27383,27381,2,Lexus,CT,2015,2ZR-FXE,Hybrid,99
27394,27389,2,Lexus,Gs,2015,2GR-FXE,Hybrid,295
27418,27416,2,Lexus,NX,2015,2AR-FXE,Hybrid,160
28715,28713,2,Lexus,NX,2016,2AR-FXE,Hybrid,160
38703,38702,2,Lexus,UX,2023,M20A-FXS,Hybrid,194
38722,38721,2,Lexus,UX,2024,M20A-FXS,Hybrid,194
38741,38740,2,Lexus,UX,2025,M20A-FXS,Hybrid,194
28746,28743,2,Lincoln,Continental,2017,3.7 Ti-VCT V6,Petrol,305
38745,38743,2,Lincoln,Continental,2018,3.7 Ti-VCT V6,Petrol,305
38777,38776,2,Lincoln,Corsair,2020,2.0 T 16v Ecoboost,Petrol,250
38790,38788,2,Lincoln,Corsair,2021,2.0 T 16v Ecoboost,Petrol,250
38798,38797,2,Lincoln,Corsair,2022,2.0 T 16v Ecoboost,Petrol,250
28730,28729,2,Lincoln,MKC,2016,2.0 T 16v Ecoboost,Petrol,240
28749,28747,2,Lincoln,MKC,2017,2.0 T 16v Ecoboost,Petrol,240
38748,38746,2,Lincoln,MKC,2018,2.0 T 16v Ecoboost,Petrol,240
38761,38760,2,Lincoln,MKC,2019,2.0 T 16v Ecoboost,Petrol,240
27437,27434,2,Lincoln,MKX,2015,3.7 Ti-VCT V6,Petrol,303
38766,38765,2,Lincoln,MKZ,2019,2.0 T 16v Ecoboost,Petrol,245
38770,38768,2,Lincoln,Nautilus,2019,2.0 T 16v Ecoboost,Petrol,245
38784,38782,2,Lincoln,Nautilus,2020,2.0 T 16v Ecoboost,Petrol,250
38785,38783,2,Lincoln,Nautilus,2020,2.7 EcoBoost,Petrol,335
38794,38791,2,Lincoln,Nautilus,2021,2.0 T 16v Ecoboost,Petrol,250
38795,38792,2,Lincoln,Nautilus,2021,2.7 EcoBoost,Petrol,335
38802,38800,2,Lincoln,Nautilus,2022,2.0 T 16v Ecoboost,Petrol,250
38804,38801,2,Lincoln,Nautilus,2022,2.7 EcoBoost,Petrol,335
38810,38807,2,Lincoln,Nautilus,2023,2.0 T 16v Ecoboost,Petrol,250
38812,38809,2,Lincoln,Nautilus,2023,2.7 EcoBoost,Petrol,335
10579,10578,2,MG,MG 6 Hatchback,2009,18K4C,Petrol,133
10577,10575,2,MG,MG 6 Hatchback,2009,18K4G,Petrol,160
34985,34984,2,Mazda,2,2012,1.5 MZR (Mazda2),Petrol,100
35006,35005,2,Mazda,2,2013,1.5 MZR (Mazda2),Petrol,100
34990,34986,2,Mazda,3,2012,L3-VE,Petrol,263
35010,35008,2,Mazda,3,2013,L3-VE,Petrol,263
35028,35026,2,Mazda,3,2014,Skyactiv-G 2.0 (PE),Petrol,155
27446,27445,2,Mazda,3,2015,Skyactiv-G 2.0 (PE),Petrol,155
28760,28758,2,Mazda,3,2016,Skyactiv-G 2.0 (PE),Petrol,155
28771,28768,2,Mazda,3,2017,Skyactiv-G 2.0 (PE),Petrol,155
28770,28769,2,Mazda,3,2017,Skyactiv-G 2.5 (PY),Petrol,187
38834,38833,2,Mazda,3,2019,Skyactiv-G 2.5 (PY),Petrol,187
38844,38843,2,Mazda,3,2020,Skyactiv-G 2.5 (PY),Petrol,187
35031,35030,2,Mazda,6,2014,Skyactiv-G 2.5 (PY),Petrol,187
27451,27450,2,Mazda,6,2015,Skyactiv-G 2.5 (PY),Petrol,187
35003,35002,2,Mazda,CX-9,2012,3.7 V6 Duratec 37 (MZI),Petrol,273
35022,35021,2,Mazda,CX-9,2013,3.7 V6 Duratec 37 (MZI),Petrol,273
35035,35034,2,Mazda,CX-9,2014,3.7 V6 Duratec 37 (MZI),Petrol,273
27456,27455,2,Mazda,CX-9,2015,3.7 V6 Duratec 37 (MZI),Petrol,273
27454,27453,2,Mazda,Cx-5,2015,Skyactiv-G 2.5 (PY),Petrol,187
28765,28763,2,Mazda,Cx-5,2016,Skyactiv-G 2.5 (PY),Petrol,187
38838,38837,2,Mazda,Cx-5,2019,Skyactiv-G 2.5 (PY),Petrol,187
34999,34998,2,Mazda,Cx-7,2012,L5-VE,Petrol,170
35001,35000,2,Mazda,Cx-7,2012,L3-VE,Petrol,263
27467,27462,2,Mercedes,B250,2015,M270.920,Petrol,184
5261,5251,2,Mercedes,C,2003,M271DE18ML,Petrol,168
27465,27463,2,Mercedes,C300,2015,M274.920,Petrol,241
27464,27461,2,Mercedes,C350,2015,"M276 3.5 V6 (C350/GLE350, 302hp)",Petrol,302
39106,39102,2,Mercedes,C43,2023,M139 43-series,Petrol,402
25229,25228,2,Mercedes,CITAN Combi (415),2012,M200.711,Petrol,114
27474,27473,2,Mercedes,CLA250,2015,M270.920,Petrol,184
27477,27476,2,Mercedes,CLS400,2015,M276.820,Petrol,333
27480,27478,2,Mercedes,CLS550,2015,M278.922,Petrol,408
27482,27481,2,Mercedes,E250,2015,OM651.924,Diesel,204
27484,27483,2,Mercedes,E350,2015,M276.957,Petrol,306
27490,27489,2,Mercedes,E550,2015,M278.922,Petrol,408
27503,27501,2,Mercedes,GLA250,2015,M270.920,Petrol,184
27506,27504,2,Mercedes,GLK350,2015,M272E35,Petrol,268
27509,27508,2,Mercedes,ML350,2015,M276.957,Petrol,306
5488,5487,2,Mercedes,R,2009,OM642DE30LAR,Diesel,188
27518,27517,2,Mercedes,S63,2015,M157.980,Petrol,571
27520,27519,2,Mercedes,S65,2015,M279.980,Petrol,630
27526,27525,2,Mercedes,SLK250,2015,M271.860,Petrol,204
27528,27527,2,Mercedes,SLS,2015,M159.980,Petrol,571
5604,5595,2,Mercedes,Sprinter,2006,OM646DE22LA,Diesel,127
5605,5596,2,Mercedes,Sprinter,2009,OM651DE22LA,Diesel,127
27533,27532,2,Mercedes,Sprinter,2015,OM642.992,Diesel,184
27542,27541,2,Mini,Cooper,2015,N16B16A,Petrol,121
27537,27535,2,Mini,Cooper,2015,B38A15A,Petrol,134
27539,27536,2,Mini,Cooper,2015,N18B16A,Petrol,181
27540,27538,2,Mini,Cooper,2015,B46A20A,Petrol,189
39214,39212,2,Mini,Cooper,2020,B46A20A,Petrol,189
39217,39216,2,Mini,Cooper,2021,B46A20A,Petrol,189
39220,39218,2,Mini,Cooper,2022,B46A20A,Petrol,189
39223,39222,2,Mini,Cooper,2023,B46A20A,Petrol,189
39226,39225,2,Mini,Cooper,2024,B46A20A,Petrol,189
5740,5739,2,Mitsubishi,Airtrek,2004,4G63,Petrol,158
28878,28877,2,Mitsubishi,Lancer,2016,4B12,Petrol,168
28885,28883,2,Mitsubishi,Lancer,2017,4B12,Petrol,168
5862,5861,2,Mitsubishi,Lancer Evolution,2003,4G63T,Petrol,276
5866,5865,2,Mitsubishi,Lancer Evolution,2004,4G63T,Petrol,276
5897,5896,2,Mitsubishi,Lancer Evolution,2008,4B11,Petrol,295
35265,35263,2,Mitsubishi,Outlander,2012,4B12,Petrol,168
35271,35270,2,Mitsubishi,Outlander,2013,4B12,Petrol,168
27555,27553,2,Mitsubishi,Outlander,2015,4B11,Petrol,148
39232,39230,2,Mitsubishi,Outlander,2018,4B12,Petrol,166
39238,39236,2,Mitsubishi,Outlander,2019,4B12,Petrol,166
39244,39242,2,Mitsubishi,Outlander,2020,4B12,Petrol,166
10583,10582,2,Mitsubishi,i (HA_),2009,3B20T,Petrol,64
35354,35352,2,Nissan,Altima,2013,QR25DE,Petrol,171
35383,35382,2,Nissan,Altima,2014,QR25DE,Petrol,171
27565,27563,2,Nissan,Altima,2015,QR25DE,Petrol,171
28893,28892,2,Nissan,Altima,2016,QR25DE,Petrol,171
28919,28918,2,Nissan,Altima,2017,QR25DE,Petrol,171
39260,39259,2,Nissan,Altima,2018,QR25DE,Petrol,171
39290,39288,2,Nissan,Altima,2019,PR25DD,Petrol,188
39289,39287,2,Nissan,Altima,2019,KR20DDET,Petrol,248
39318,39317,2,Nissan,Altima,2020,PR25DD,Petrol,188
39339,39338,2,Nissan,Altima,2021,PR25DD,Petrol,188
39361,39359,2,Nissan,Altima,2022,PR25DD,Petrol,188
39374,39373,2,Nissan,Altima,2023,PR25DD,Petrol,188
39395,39393,2,Nissan,Altima,2024,PR25DD,Petrol,188
35323,35322,2,Nissan,Armada,2012,VK56DE,Petrol,309
35356,35355,2,Nissan,Armada,2013,VK56DE,Petrol,309
35386,35385,2,Nissan,Armada,2014,VK56DE,Petrol,309
27567,27566,2,Nissan,Armada,2015,VK56DE,Petrol,309
35327,35326,2,Nissan,Frontier,2012,QR25DE,Petrol,171
35328,35325,2,Nissan,Frontier,2012,VQ40DE,Petrol,266
35360,35358,2,Nissan,Frontier,2013,VQ40DE,Petrol,266
35390,35389,2,Nissan,Frontier,2014,QR25DE,Petrol,171
35391,35388,2,Nissan,Frontier,2014,VQ40DE,Petrol,266
27570,27569,2,Nissan,Frontier,2015,QR25DE,Petrol,171
27571,27568,2,Nissan,Frontier,2015,VQ40DE,Petrol,266
28898,28896,2,Nissan,Frontier,2016,QR25DE,Petrol,171
28897,28895,2,Nissan,Frontier,2016,VQ40DE,Petrol,266
28925,28924,2,Nissan,Frontier,2017,QR25DE,Petrol,171
28923,28922,2,Nissan,Frontier,2017,VQ40DE,Petrol,266
39266,39265,2,Nissan,Frontier,2018,QR25DE,Petrol,171
39264,39263,2,Nissan,Frontier,2018,VQ40DE,Petrol,266
39295,39294,2,Nissan,Frontier,2019,QR25DE,Petrol,171
39293,39292,2,Nissan,Frontier,2019,VQ40DE,Petrol,266
27593,27590,2,Nissan,NV1500,2015,VQ40DE,Petrol,266
39349,39348,2,Nissan,NV2500,2021,VQ40DE,Petrol,266
35403,35401,2,Nissan,NV3500,2014,VK56DE,Petrol,309
27601,27600,2,Nissan,NV3500,2015,VK56DE,Petrol,309
28909,28908,2,Nissan,NV3500,2016,VK56DE,Petrol,309
39277,39275,2,Nissan,NV3500,2018,VK56VD,Petrol,360
39306,39304,2,Nissan,NV3500,2019,VK56VD,Petrol,360
39331,39329,2,Nissan,NV3500,2020,VK56VD,Petrol,360
35341,35339,2,Nissan,Pathfinder,2012,VQ40DE,Petrol,266
39355,39354,2,Nissan,Rogue,2021,PR25DD,Petrol,188
35347,35346,2,Nissan,Titan,2012,VK56DE,Petrol,309
35378,35377,2,Nissan,Titan,2013,VK56DE,Petrol,309
35409,35408,2,Nissan,Titan,2014,VK56DE,Petrol,309
27626,27625,2,Nissan,Titan,2015,VK56DE,Petrol,309
32694,32693,2,Porsche,911,2008,M96.05,Petrol,325
35438,35434,2,Porsche,911,2012,MA1.04,Petrol,350
27648,27645,2,Porsche,911,2015,3.8 H6 (991.1 Carrera GTS),Petrol,430
27659,27658,2,Porsche,Boxster,2015,MA1.22,Petrol,265
27663,27661,2,Porsche,Boxster,2015,MA1.23,Petrol,315
27662,27660,2,Porsche,Boxster,2015,3.4 H6 (981 GTS),Petrol,330
35431,35430,2,Porsche,Cayenne,2011,M55.02,Petrol,300
27668,27667,2,Porsche,Cayman,2015,MA1.22,Petrol,275
27672,27671,2,Porsche,Cayman,2015,MA1.23,Petrol,325
27670,27669,2,Porsche,Cayman,2015,3.4 H6 (981 GTS),Petrol,340
28968,28965,2,Porsche,Macan,2017,MCT.LA,Petrol,400
39433,39432,2,Porsche,Macan,2018,MCT.LA,Petrol,400
33996,33994,2,Ram,1500,2013,EZH,Petrol,352
34037,34036,2,Ram,1500,2014,EZH,Petrol,352
27000,26996,2,Ram,1500,2015,3.6 Pentastar,Petrol,283
26999,26997,2,Ram,1500,2015,EZH,Petrol,352
28200,28198,2,Ram,1500,2016,EXL,Diesel,211
28199,28196,2,Ram,1500,2016,3.6 Pentastar,Petrol,283
28201,28197,2,Ram,1500,2016,EZH,Petrol,352
28244,28241,2,Ram,1500,2017,EXL,Diesel,211
28243,28242,2,Ram,1500,2017,3.6 Pentastar,Petrol,283
28245,28240,2,Ram,1500,2017,EZH,Petrol,352
36795,36792,2,Ram,1500,2018,EXL,Diesel,211
36796,36793,2,Ram,1500,2018,EZH,Petrol,352
36835,36833,2,Ram,1500,2019,EXL,Diesel,211
36834,36832,2,Ram,1500,2019,EZH,Petrol,352
36869,36865,2,Ram,1500,2020,3.6 Pentastar,Petrol,283
36871,36870,2,Ram,1500,2020,EZH,Petrol,352
36904,36903,2,Ram,1500,2021,3.6 Pentastar,Petrol,283
36907,36906,2,Ram,1500,2021,EZH,Petrol,352
36938,36936,2,Ram,1500,2022,EXL,Diesel,211
36939,36937,2,Ram,1500,2022,3.6 Pentastar,Petrol,283
36942,36941,2,Ram,1500,2022,EZH,Petrol,352
36974,36971,2,Ram,1500,2023,EXL,Diesel,211
36975,36970,2,Ram,1500,2023,3.6 Pentastar,Petrol,283
36978,36977,2,Ram,1500,2023,EZH,Petrol,352
37008,37006,2,Ram,1500,2024,3.6 Pentastar,Petrol,283
37010,37007,2,Ram,1500,2024,EZH,Petrol,352
37030,37028,2,Ram,1500,2025,3.6 Pentastar,Petrol,283
37029,37027,2,Ram,1500,2025,3.0 Hurricane I6,Petrol,420
34042,34038,2,Ram,2500,2014,EZH,Petrol,352
34041,34040,2,Ram,2500,2014,ESA,Petrol,410
27005,27001,2,Ram,2500,2015,EZH,Petrol,352
27004,27002,2,Ram,2500,2015,ESA,Petrol,410
28206,28202,2,Ram,2500,2016,EZH,Petrol,352
28205,28203,2,Ram,2500,2016,ESA,Petrol,410
28250,28246,2,Ram,2500,2017,EZH,Petrol,352
28249,28247,2,Ram,2500,2017,ESA,Petrol,410
36800,36797,2,Ram,2500,2018,EZH,Petrol,352
36801,36798,2,Ram,2500,2018,ESA,Petrol,410
36838,36836,2,Ram,2500,2019,ESA,Petrol,410
36874,36872,2,Ram,2500,2020,ESA,Petrol,410
36910,36908,2,Ram,2500,2021,ESA,Petrol,410
36945,36943,2,Ram,2500,2022,ESA,Petrol,410
36981,36979,2,Ram,2500,2023,ESA,Petrol,410
37013,37011,2,Ram,2500,2024,ESA,Petrol,410
37033,37032,2,Ram,2500,2025,6.7 Cummins ISB,Diesel,370
37034,37031,2,Ram,2500,2025,ESA,Petrol,410
34046,34044,2,Ram,3500,2014,ESA,Petrol,410
27009,27006,2,Ram,3500,2015,ESA,Petrol,410
37037,37036,2,Ram,3500,2025,6.7 Cummins ISB,Diesel,370
32735,32734,2,Saturn,Ion,2006,L61,Petrol,145
32743,32742,2,Saturn,Ion,2007,L61,Petrol,145
27684,27678,2,Scion,Fr-S,2015,FA20,Petrol,200
27683,27679,2,Scion,tC,2015,2AR-FE,Petrol,179
27682,27680,2,Scion,xB,2015,2AZ-FE,Petrol,158
27687,27685,2,Smart,Fortwo,2015,M132.910,Petrol,70
35541,35540,2,Subaru,Forester,2014,FB25,Petrol,170
27694,27692,2,Subaru,Forester,2015,FB25,Petrol,170
28981,28980,2,Subaru,Forester,2016,FB25,Petrol,170
28992,28991,2,Subaru,Forester,2017,FB25,Petrol,170
27711,27709,2,Subaru,WRX,2015,EJ257,Petrol,305
39668,39666,2,Toyota,Camry,2020,2GR-FKS,Petrol,301
39696,39694,2,Toyota,Camry,2022,2GR-FKS,Petrol,301
39728,39726,2,Toyota,Camry,2023,2GR-FKS,Petrol,301
39766,39764,2,Toyota,Camry,2024,2GR-FKS,Petrol,301
39811,39810,2,Toyota,Camry,2025,A25A-FXS,Hybrid,208
39673,39672,2,Toyota,Highlander,2020,A25A-FXS,Hybrid,208
39703,39702,2,Toyota,Highlander,2022,A25A-FXS,Hybrid,208
39740,39739,2,Toyota,Highlander,2023,A25A-FXS,Hybrid,208
39782,39781,2,Toyota,Highlander,2024,A25A-FXS,Hybrid,208
27735,27731,2,Toyota,Land Cruiser,2015,3UR-FE,Petrol,362
39680,39679,2,Toyota,Rav4,2020,A25A-FXS,Hybrid,208
39709,39707,2,Toyota,Rav4,2022,A25A-FXS,Hybrid,208
39746,39745,2,Toyota,Rav4,2023,A25A-FXS,Hybrid,208
39789,39788,2,Toyota,Rav4,2024,A25A-FXS,Hybrid,208
39831,39830,2,Toyota,Rav4,2025,A25A-FXS,Hybrid,208
27755,27754,2,Toyota,Sequoia,2015,3UR-FE,Petrol,362
29016,29015,2,Toyota,Sequoia,2016,3UR-FE,Petrol,362
29043,29042,2,Toyota,Sequoia,2017,3UR-FE,Petrol,362
39622,39621,2,Toyota,Sequoia,2018,3UR-FE,Petrol,362
39716,39715,2,Toyota,Supra,2022,B58B30 (M40i/M340i),Petrol,382
39753,39752,2,Toyota,Supra,2023,B58B30 (M40i/M340i),Petrol,382
39796,39793,2,Toyota,Supra,2024,B58B30 (M40i/M340i),Petrol,382
27766,27765,2,Toyota,Tacoma,2015,1GR-FE,Petrol,278
29019,29018,2,Toyota,Tacoma,2016,2GR-FKS,Petrol,301
29048,29046,2,Toyota,Tacoma,2017,2TR-FE,Petrol,158
29047,29045,2,Toyota,Tacoma,2017,2GR-FKS,Petrol,301
39626,39625,2,Toyota,Tacoma,2018,2TR-FE,Petrol,158
39627,39624,2,Toyota,Tacoma,2018,2GR-FKS,Petrol,301
39654,39652,2,Toyota,Tacoma,2019,2GR-FKS,Petrol,301
39686,39684,2,Toyota,Tacoma,2020,2GR-FKS,Petrol,301
39719,39717,2,Toyota,Tacoma,2022,2GR-FKS,Petrol,301
39756,39754,2,Toyota,Tacoma,2023,2GR-FKS,Petrol,301
27768,27767,2,Toyota,Tundra,2015,3UR-FE,Petrol,362
29022,29021,2,Toyota,Tundra,2016,3UR-FE,Petrol,362
29050,29049,2,Toyota,Tundra,2017,3UR-FE,Petrol,362
39629,39628,2,Toyota,Tundra,2018,3UR-FE,Petrol,362
27772,27771,2,Toyota,Venza,2015,1AR-FE,Petrol,188
27773,27770,2,Toyota,Venza,2015,2GR-FE,Petrol,272
10724,10723,2,UAZ,HUNTER (3151),2003,ZMZ-409.10,Petrol,128
10718,10717,2,UAZ,PATRIOT,2003,ZMZ-409.10,Petrol,128
10722,10721,2,UAZ,PICKUP (2360),2003,ZMZ-409.10,Petrol,128
39849,39847,2,Volkswagen,Atlas,2018,CDVC,Petrol,276
39865,39864,2,Volkswagen,Atlas,2019,CDVC,Petrol,276
39914,39911,2,Volkswagen,Atlas,2022,2.0 TSI EA888 (Atlas 2.0T),Petrol,235
39928,39924,2,Volkswagen,Atlas,2023,2.0 TSI EA888 (Atlas 2.0T),Petrol,235
27783,27782,2,Volkswagen,Beetle,2015,CCTA,Petrol,200
29056,29055,2,Volkswagen,Beetle,2016,CCTA,Petrol,200
27788,27787,2,Volkswagen,CC,2015,CCTA,Petrol,200
29082,29081,2,Volkswagen,CC,2017,CCTA,Petrol,200
27790,27789,2,Volkswagen,Eos,2015,CCTA,Petrol,200
29062,29060,2,Volkswagen,Eos,2016,CCTA,Petrol,200
29064,29063,2,Volkswagen,GTI,2016,CXCA,Petrol,210
27800,27799,2,Volkswagen,Golf,2015,2.0 TSI EA888 Gen3 (Golf R),Petrol,292
27806,27805,2,Volkswagen,Jetta,2015,CXBA,Petrol,170
29072,29071,2,Volkswagen,Jetta,2016,CXBA,Petrol,170
29089,29088,2,Volkswagen,Jetta,2017,CZEA,Petrol,150
39858,39856,2,Volkswagen,Jetta,2018,CZEA,Petrol,150
39876,39875,2,Volkswagen,Jetta,2019,CZEA,Petrol,147
39891,39890,2,Volkswagen,Jetta,2020,CZEA,Petrol,147
27814,27813,2,Volkswagen,Passat,2015,CXBA,Petrol,170
29074,29073,2,Volkswagen,Passat,2016,CXBA,Petrol,170
29092,29091,2,Volkswagen,Passat,2017,CXBA,Petrol,170
27824,27823,2,Volkswagen,e-Golf,2015,e-Golf Electric,Electric,134
29103,29101,2,Volvo,S60,2016,B6304T4,Petrol,300
27832,27828,2,Volvo,S80,2015,B4204T11,Petrol,240
39960,39958,2,Volvo,S90,2018,B4204TSH (T8 PHEV),Hybrid,400
39956,39954,2,Volvo,S90,2018,B4204T23 (T5 2.0 SPA),Petrol,250
39959,39957,2,Volvo,S90,2018,B4204T27,Petrol,316
27835,27833,2,Volvo,V60,2015,B4204T11,Petrol,240
27838,27836,2,Volvo,V60,2015,B5254T12,Petrol,250
29110,29109,2,Volvo,V60,2016,B6304T4,Petrol,300
27841,27840,2,Volvo,Xc60,2015,B6324S5,Petrol,240
27846,27843,2,Volvo,Xc60,2015,B6304T4,Petrol,300
29117,29112,2,Volvo,Xc60,2016,B4204T11,Petrol,240
27849,27847,2,Volvo,Xc70,2015,B6324S5,Petrol,240
11722,11721,2,ZAZ,SLAVUTA (1103),2001,MEMZ-310,Petrol,60
