engine_code,displacement_cc,cylinders,fuel,variants,old_descriptor,cc_per_cyl
1AR-FE,2671,6,Petrol,13,NEDCAR,445
OM651.957,2143,6,Diesel,13,without tensioner pulley damper,357
B5254T12,2497,6,Petrol,11,T5,416
D5244T15,2400,6,Diesel,7,D5,400
D5244T11,2400,6,Diesel,6,D5,400
B5254T3,2521,6,Petrol,6,T5,420
OM651.916,2143,6,Diesel,5,Expose accident damage for inspection (corr.),357
4G69S4N,2378,6,Petrol,4,FAMILY II,396
B5254T4,2521,6,Petrol,3,WINSTORM,420
EJ251,2457,6,Petrol,3,WINSTORM,410
D5244T9,2400,6,Diesel,3,D5,400
244DT,2402,6,Diesel,3,Off-set Right [mm],400
CYR5,2198,6,Diesel,3,"A4 (8D2, B5)",366
CY24,2198,6,Diesel,3,"A4 (8D2, B5)",366
D5244T23,2400,6,Diesel,3,D5,400
CEPB,2480,6,Petrol,2,Lubrication,413
CYRB,2198,6,Diesel,2,"A4 (8D2, B5)",366
CYRC,2198,6,Diesel,2,"A4 (8D2, B5)",366
F23Z5,2254,6,Petrol,2,G6,376
4GZ4,2438,6,Petrol,2,FAMILY II,406
ED4,2360,6,Petrol,2,Radiator grille touch-up paint (stage 3),393
2TR702,2488,6,Petrol,2,SONICA,415
B5254T14,2497,6,Petrol,2,T5,416
GW25TCI,2499,6,Diesel,1,Tooth System,416
OM651.980,2143,6,Diesel,1,COLORADO,357
F23A1,2254,6,Petrol,1,G6,376
2TR700,2488,6,Petrol,1,SONICA,415
2TR703,2488,6,Petrol,1,SONICA,415
4JK1E5S-L,2499,6,Diesel,1,Repair radiator support plate *,416
D82PHEV,2400,6,Diesel,1,Brake Caliper Paint (corr.),400
CPAA,2498,6,Petrol,1,Form Plate at Spring Eye,416
OM612.966,2685,6,Diesel,1,Strainer,448
