table,ref,field,action,old,new,evidence
engines,955 A8.000,ecu,OVERWRITE,Magneti Marelli/8GMF,Magneti Marelli/8GMF MPC5565,unanimous
engines,940 A1.000,ecu,OVERWRITE,Bosch/MED17.3.3,Bosch/MED17.3.1,unanimous
engines,955 A6.000,ecu,OVERWRITE,Magneti Marelli/8GMF,Magneti Marelli/8GMF MPC5553,unanimous
engines,955 A2.000,ecu,OVERWRITE,Magneti Marelli/8GMF,Magneti Marelli/8GMF MPC5565,unanimous
engines,AM11,ecu,OVERWRITE,Ford/EEC-VI,Bosch/ME17.8.31,unanimous
engines,AM28,ecu,OVERWRITE,Ford/EEC-VI,Bosch/ME17.8.31,unanimous
engines,CAXA,ecu,OVERWRITE,Bosch/MED17.5.5,Bosch/MED17.5.5 TC1766,unanimous
engines,CNVA,ecu,OVERWRITE,Bosch/MED17.5.5,Bosch/MED17.5.5 TC1766,unanimous
engines,BAD,ecu,OVERWRITE,Bosch/MED7.5.11,Bosch/MED9.5,unanimous
engines,AGN,ecu,OVERWRITE,Bosch/ME7.5.X,Bosch/ME7.5.10,unanimous
engines,BKC,ecu,OVERWRITE,Bosch/EDC16U,Bosch/EDC16U1,unanimous
engines,CFGB,ecu,OVERWRITE,Bosch/EDC17CP14,Bosch/EDC17C46,unanimous
engines,CMSA,ecu,OVERWRITE,Bosch/MED17.5.5,Bosch/MED17.5.5 TC1766,unanimous
engines,BZB,ecu,OVERWRITE,Bosch/MED17.5,Bosch/MED17.5.1,unanimous
engines,CMBA,ecu,OVERWRITE,Bosch/MED17.5.5,Bosch/MED17.5.21,unanimous
engines,CPTA,ecu,OVERWRITE,Bosch/MED17.5.5,Bosch/MED17.5.21,unanimous
engines,CCTA,ecu,OVERWRITE,Bosch/MED17.5,Bosch/MED17.5.2,unanimous
engines,CBFA,ecu,OVERWRITE,Bosch/MED17.5,Bosch/MED17.5.2,unanimous
engines,AFB,ecu,OVERWRITE,Bosch/EDC15VM+,Bosch/EDC15VM-V6,unanimous
engines,AKN,ecu,OVERWRITE,Bosch/EDC15VM+,Bosch/EDC15VM-V6,unanimous
engines,AYM,ecu,OVERWRITE,Bosch/EDC15VM+,Bosch/EDC15VM-V6,unanimous
engines,BFC,ecu,OVERWRITE,Bosch/EDC15VM+ 8Mbit,Bosch/EDC15VM-V6-8Mbit,unanimous
engines,BAU,ecu,OVERWRITE,Bosch/EDC15VM+ 8Mbit,Bosch/EDC15VM-V6-8Mbit,unanimous
engines,BDH,ecu,OVERWRITE,Bosch/EDC15VM+ 8Mbit,Bosch/EDC15VM-V6-8Mbit,unanimous
engines,BGN,ecu,OVERWRITE,Bosch/ME7.1,Bosch/ME7.1.1,unanimous
engines,CGKB,ecu,OVERWRITE,Bosch/EDC17CP14,Bosch/EDC17CP04,unanimous
engines,CAMB,ecu,OVERWRITE,Bosch/EDC17CP14,Bosch/EDC17CP04,unanimous
engines,CAMA,ecu,OVERWRITE,Bosch/EDC17CP04,Bosch/EDC17CP14,unanimous
engines,CJEB,ecu,OVERWRITE,Continental/Simos 12,Continental/SIMOS12.1,unanimous
engines,CAEB,ecu,OVERWRITE,Bosch/MED17.1,Bosch/MED17.1 TC1796,unanimous
engines,CAEA,ecu,OVERWRITE,Bosch/MED17.1,Bosch/MED17.1 TC1796,unanimous
engines,CFKA,ecu,OVERWRITE,Bosch/MED17.1,Bosch/MED17.1 TC1796,unanimous
engines,CALA,ecu,OVERWRITE,Continental/Simos 8.x,Continental/SIMOS8.2x,unanimous
engines,ARE,ecu,OVERWRITE,Bosch/ME7.1,Bosch/ME7.1.1,unanimous
engines,ASG,ecu,OVERWRITE,Bosch/ME7.1,Bosch/ME7.1.1,unanimous
engines,CAED,ecu,OVERWRITE,Bosch/MED17.1,Bosch/MED17.1 TC1796,unanimous
engines,BMC,ecu,OVERWRITE,Bosch/EDC16CP34 V8 M&S,Bosch/EDC16CP34 M&S,unanimous
engines,BVN,ecu,OVERWRITE,Bosch/EDC16CP34 V8 M&S,Bosch/EDC16CP34 M&S,unanimous
engines,CDRA,ecu,OVERWRITE,Bosch/MED17.1.1,Bosch/MED17.1.1 TC1797,unanimous
engines,CZGA,ecu,OVERWRITE,Bosch/MED17.1.1,Bosch/MED17.1.1 TC1796,unanimous
engines,CPMA,ecu,OVERWRITE,Bosch/MED17.1,Bosch/MED17.1 TC1796,unanimous
engines,CALB,ecu,OVERWRITE,Continental/Simos 8.2,Continental/SIMOS8.2x,unanimous
engines,CASB,ecu,OVERWRITE,Bosch/EDC17CP04,Bosch/EDC17CP14,unanimous
engines,CCMA,ecu,OVERWRITE,Bosch/EDC17CP24,Bosch/EDC17CP44,unanimous
engines,BTR,ecu,OVERWRITE,Bosch/EDC16CP34 V8 M&S,Bosch/EDC16CP34 M&S,unanimous
engines,BHK,ecu,OVERWRITE,Bosch/MED9.1,Bosch/MED9.1.1,unanimous
engines,CNDA,ecu,OVERWRITE,Bosch/MED9.1,Bosch/MED9.1.2,unanimous
engines,CZGB,ecu,OVERWRITE,Bosch/MED17.1.1,Bosch/MED17.1.1 TC1796,unanimous
engines,CFSA,ecu,OVERWRITE,Bosch/MED17.1.1,Bosch/MED17.1.1 TC1796,unanimous
engines,CWUB,ecu,OVERWRITE,Bosch/MED17.1.1,Bosch/MED17.1.1 TC1797,unanimous
engines,CWZA,ecu,OVERWRITE,Continental/Simos 18,Continental/SIMOS18.1,unanimous
engines,CGWC,ecu,OVERWRITE,Continental/Simos 8.4,Continental/SIMOS8.5,unanimous
engines,CTUB,ecu,OVERWRITE,Continental/Simos 8.4,Continental/SIMOS8.5,unanimous
engines,CTFA,ecu,OVERWRITE,Bosch/MED17.1.1,Bosch/MED17.1.1 TC1797,unanimous
engines,CETA,ecu,OVERWRITE,Bosch/MED17.1,Bosch/MED17.1 TC1796,unanimous
engines,CESA,ecu,OVERWRITE,Bosch/MED17.1,Continental/SIMOS12.2,unanimous
engines,B47C20A,ecu,OVERWRITE,Bosch/EDC17C50,Bosch/EDC17C50 Fxx,unanimous
engines,B48A20M0,ecu,OVERWRITE,Bosch/MEVD17.2.3,Bosch/MG1CS003 (Locked),unanimous
engines,M57D29,ecu,OVERWRITE,Bosch/DDE4.0,Bosch/EDC15C4,unanimous
engines,M54B22,ecu,OVERWRITE,Siemens/MS43,Siemens/MS45,unanimous
engines,M54B25,ecu,OVERWRITE,Siemens/MS43.0,Siemens/MS45,unanimous
engines,N57D30OL,ecu,OVERWRITE,Bosch/EDC17CP09,Bosch/EDC17CP09 Exx,unanimous
engines,M57D30T2,ecu,OVERWRITE,Bosch/EDC16C35,Bosch/EDC17CP09 Exx,unanimous
engines,N55B30A,ecu,OVERWRITE,Bosch/MEVD17.2.G,Bosch/MEVD17.2.6 Fxx,unanimous
engines,M57D25,ecu,OVERWRITE,Bosch/DDE4.0,Bosch/EDC15C4,unanimous
engines,M62B44,ecu,OVERWRITE,Bosch/M5.2,Bosch/ME7.2,unanimous
engines,M57D30TOP,ecu,OVERWRITE,Bosch/EDC16CP35,Bosch/EDC16C35,unanimous
engines,M51D25S,ecu,OVERWRITE,Bosch/DDE3.0,Bosch/EDC15C4,unanimous
engines,Y20DTH,ecu,OVERWRITE,Bosch/EDC15M,Bosch/PSG16,unanimous
engines,B10D1,ecu,OVERWRITE,Continental/D42,Ac Delco/E83,unanimous
engines,LUW,ecu,OVERWRITE,Siemens/SIMTEC 76,Ac Delco/E78,unanimous
engines,A16LER,ecu,OVERWRITE,Ac Delco/E83,Bosch/ME7.6.4,unanimous
engines,X25D1,ecu,OVERWRITE,Continental/SIM2K,Siemens/SIM2K-160,unanimous
engines,A18XER,ecu,OVERWRITE,Siemens/SIMTEC 76,Ac Delco/E83,unanimous
engines,LMM,ecu,OVERWRITE,Bosch/EDC16C37,Bosch/EDC16C42,unanimous
engines,Y22DTR,ecu,OVERWRITE,Bosch/EDC15M,Bosch/PSG16,unanimous
engines,EDJ,ecu,OVERWRITE,Bosch/EDC15C2,Bosch/EDC16C2,unanimous
engines,K9K 612,ecu,OVERWRITE,Bosch/EDC17C42,Bosch/MD1CS006,unanimous
engines,K9K,ecu,OVERWRITE,Bosch/EDC17C42,Bosch/MD1CS016,unanimous
engines,ESF,ecu,OVERWRITE,Motorola/NCG5,Ac Delco/E83,unanimous
engines,2.0,ecu,OVERWRITE,Bosch/ME7.9.7,Bosch/MG1US008,unanimous
engines,188 A5.000,ecu,OVERWRITE,Bosch/ME7.3H4,Bosch/ME7.3.1,unanimous
engines,192 B2.000,ecu,OVERWRITE,Bosch/ME7.3H4,Bosch/ME7.9.10,unanimous
engines,F1AE0481N,ecu,OVERWRITE,Magneti Marelli/MJ8F3,Bosch/EDC16C39,unanimous
engines,F1AE3481E,ecu,OVERWRITE,Magneti Marelli/MJ8F3,Continental/SID208,unanimous
engines,188 A2.000,ecu,OVERWRITE,Bosch/EDC15C,Bosch/EDC15C7,unanimous
engines,192 B3.000,ecu,OVERWRITE,Magneti Marelli/IAW 5SF,Magneti Marelli/IAW5SF8 - IAW5SF9 (CAN),unanimous
engines,DW10,ecu,OVERWRITE,Siemens/SID803A,Bosch/EDC15C7,unanimous
engines,T3DA,ecu,OVERWRITE,Siemens/SID807,Bosch/EDC17C10,unanimous
engines,T1DA,ecu,OVERWRITE,Siemens/SID807,Bosch/EDC17C10,unanimous
engines,TPBA,ecu,OVERWRITE,Bosch/MED17.2.2,Bosch/MED17.0,unanimous
engines,IXDA,ecu,OVERWRITE,Siemens/SID803A,Siemens/FOMOCO SID803A,unanimous
engines,M1DD,ecu,OVERWRITE,Bosch/MED17.2,Bosch/MED17.0.1,unanimous
engines,R9DA,ecu,OVERWRITE,Bosch/MED17.2,Bosch/MED17.0,unanimous
engines,BAA,ecu,OVERWRITE,Ford/EEC-V,Bosch/ME17.1.1,unanimous
engines,JTBB,ecu,OVERWRITE,Bosch/MED17.2,Bosch/MED17.0,unanimous
engines,HUBA,ecu,OVERWRITE,Bosch/ME9,Bosch/ME9.0,unanimous
engines,HUWA,ecu,OVERWRITE,Bosch/ME9,Bosch/ME9.0,unanimous
engines,XVG,ecu,OVERWRITE,Bosch/EDC17C70-3.10,Bosch/EDC17C10,unanimous
engines,XWG,ecu,OVERWRITE,Bosch/EDC17C70-3.10,Bosch/EDC17C10,unanimous
engines,XUC,ecu,OVERWRITE,Bosch/EDC17C70-3.10,Bosch/EDC17C10,unanimous
engines,XVC,ecu,OVERWRITE,Bosch/EDC17C70-3.10,Bosch/EDC17C10,unanimous
engines,GW4G15T,ecu,OVERWRITE,Bosch/ME7.8.8,Bosch/MG1UA008,unanimous
engines,4JJ1-TCX,ecu,OVERWRITE,Delphi/N/A,Transtron/L4.3S,unanimous
engines,LY7,ecu,OVERWRITE,Bosch/ME9.1,Bosch/MED9.1,unanimous
engines,N22A2,ecu,OVERWRITE,Bosch/EDC17CP06,Bosch/EDC16C7,unanimous_by_power
engines,L13A,ecu,OVERWRITE,Bosch/ME7.9.3,Keihin/37820-xxx-xxx SH7058 (CAN),unanimous
engines,L13Z1,ecu,OVERWRITE,Keihin/37805-Rxx,Keihin/37820-xxx-xxx SH7058 (CAN),unanimous
engines,R18A2,ecu,OVERWRITE,Keihin/37805-Rxx,Keihin/37820-xxx-xxx SH7058 (CAN),unanimous
engines,K20Z4,ecu,OVERWRITE,Keihin/37805-Rxx,Keihin/37820-xxx-xxx SH7058 (CAN),unanimous
engines,G4ED,ecu,OVERWRITE,Bosch/M7.9.7,Bosch/M7.9.8,unanimous
engines,G6DH,ecu,OVERWRITE,Bosch/MEG17.9.2,Continental/SIM2K-341 ECU,unanimous
engines,G4HD,ecu,OVERWRITE,Bosch/M7.9.0,Siemens/SIM2K-141,unanimous
engines,G4HG,ecu,OVERWRITE,Bosch/M7.9.7,Bosch/MEG17.9.13,unanimous
engines,G4LA,ecu,OVERWRITE,Bosch/ME17.9.11,Bosch/ME17.9.11.1,unanimous
engines,LFY,ecu,OVERWRITE,Bosch/ME7.9.4,Ac Delco/E82,unanimous
engines,VQ37VHR,ecu,OVERWRITE,Hitachi/NEC001-097,Hitachi/BED508,unanimous
engines,VK56VD,ecu,OVERWRITE,Hitachi/DEA030-2xx,Hitachi/BED310,unanimous
engines,1MZ-FE,ecu,OVERWRITE,Bosch/MED17.8.31,Denso/175822-737,unanimous
engines,AJ133,ecu,OVERWRITE,Bosch/MED17.8.31,Denso/P5.0SC,unanimous
engines,AJ30,ecu,OVERWRITE,Denso/MB079700,Denso/P4.2NA,unanimous
engines,AJ25,ecu,OVERWRITE,Denso/MB079700,Denso/P4.2NA,unanimous
engines,AJ34,ecu,OVERWRITE,Denso/MB079700,Denso/P4.2NA,unanimous
engines,2.0 T,ecu,OVERWRITE,Bosch/MED17.2,Bosch/MG1US008,unanimous
engines,224DT,ecu,OVERWRITE,Bosch/EDC17CP42,Bosch/EDC16CP39,unanimous
engines,1UR-FSE,ecu,OVERWRITE,Denso/275036-3410 (CAN),Denso/Toyota_Denso_275036-3410,unanimous
engines,2GR-FE,ecu,OVERWRITE,Denso/275063-0360,Denso/275036-0360,unanimous
engines,S5,ecu,OVERWRITE,Denso/S5,Denso/Denso_S5xx,unanimous
engines,Y6,ecu,OVERWRITE,Bosch/EDC16C3,Bosch/EDC16C34,unanimous
engines,L8,ecu,OVERWRITE,Denso/N/A,Mitsubishi/L872,unanimous
engines,OM640DE20LAR,ecu,OVERWRITE,Bosch/EDC16C31,Bosch/EDC17C43,unanimous
engines,OM611DE22LAR,ecu,OVERWRITE,Bosch/EDC15C5,Bosch/EDC15C6,unanimous
engines,OM611DE22LA,ecu,OVERWRITE,Bosch/EDC15C5,Bosch/EDC15C6,unanimous
engines,M113E55ML,ecu,OVERWRITE,Bosch/ME2.8,Bosch/ME2.8.1,unanimous
engines,M278DE46LA,ecu,OVERWRITE,Bosch/MED17.7.1,Bosch/MED17.7.3,unanimous
engines,N47C16U1,ecu,OVERWRITE,Bosch/EDC17C41 DDE8,Bosch/EDC17C41 Exx,unanimous
engines,N47C16K1,ecu,OVERWRITE,Bosch/EDC17C41 DDE8,Bosch/EDC17C41 Exx,unanimous
engines,N47N,ecu,OVERWRITE,Bosch/EDC17C41 DDE8,Bosch/EDC17C41 Exx,unanimous
engines,N16B16M0,ecu,OVERWRITE,Bosch/MEV17.2.2,Bosch/MEV17.2.2 TC1767,unanimous
engines,N16B16U0,ecu,OVERWRITE,Bosch/MEV17.2.2,Bosch/MEV17.2.2 TC1767,unanimous
engines,N14B16T0,ecu,OVERWRITE,Bosch/MED17.2,Bosch/MEVD17.2.2,unanimous
engines,4N13,ecu,OVERWRITE,Denso/RA6,Denso/4N13,unanimous
engines,4M41,ecu,OVERWRITE,Mitsubishi/E6T0xx,Denso/RA6,unanimous
engines,4J11,ecu,OVERWRITE,Mitsubishi/E6T97XX,Melco/E6T8359x MH8115,unanimous
engines,M9T,ecu,OVERWRITE,Bosch/EDC17C11,Continental/SID310,unanimous
engines,Z12XEP,ecu,OVERWRITE,Bosch/ME7.6.1,Ac Delco/E78,unanimous
engines,Z24XE,ecu,OVERWRITE,Bosch/ME7.9.9,Ac Delco/E83,unanimous
engines,Z17DTR,ecu,OVERWRITE,Denso/D0700,Denso/SH7055,unanimous
engines,Z16LET,ecu,OVERWRITE,Bosch/ME7.6.2,Bosch/ME7.6.4,unanimous
engines,Y13DT,ecu,OVERWRITE,Magneti Marelli/MJT 1300,Magneti Marelli/6JO,unanimous
engines,A20NHT,ecu,OVERWRITE,Bosch/MED9.6.1,Bosch/ME9.6.1,unanimous
engines,G9T 720,ecu,OVERWRITE,Bosch/EDC15C2,Bosch/EDC15C3,unanimous
engines,Z30DT,ecu,OVERWRITE,Denso/D0600,Denso/275xxx-xxx (SH70xx),unanimous
engines,Z28NET,ecu,OVERWRITE,Bosch/ME9.6,Bosch/MED9.6.1,unanimous
engines,Y30DT,ecu,OVERWRITE,Denso/D0100,Denso/275xxx-xxx (SH70xx),unanimous
engines,F9Q 762,ecu,OVERWRITE,Bosch/EDC15C2,Bosch/EDC15C3,unanimous
engines,A17DTJ,ecu,OVERWRITE,Denso/D0900,Ac Delco/E87,unanimous
engines,M96.03,ecu,OVERWRITE,Bosch/ME7.8,Bosch/ME7.2,unanimous
engines,MDA.BA,ecu,OVERWRITE,Continental/SDI9,Continental/SDI21.3,unanimous
engines,MDB.CA,ecu,OVERWRITE,Continental/SDI9,Continental/SDI21.3,unanimous
engines,MA1.21,ecu,OVERWRITE,Continental/SDI3,Continental/VDOSDI3,unanimous
engines,M02.2Y,ecu,OVERWRITE,Bosch/ME7.1.1,Bosch/ME7.2,unanimous
engines,M48.01,ecu,OVERWRITE,Continental/SDI4,Continental/VDOSDI4,unanimous
engines,M48.51,ecu,OVERWRITE,Continental/SDI4,Continental/VDOSDI4,unanimous
engines,MCY.XA,ecu,OVERWRITE,Continental/SDI8,Continental/SDI10.4,unanimous
engines,MCN.CC,ecu,OVERWRITE,Continental/Simos18,Continental/SIMOS18.1,unanimous
engines,MCY.NA,ecu,OVERWRITE,Continental/Simos18,Continental/SIMOS18.1,unanimous
engines,MDC.NA,ecu,OVERWRITE,/,Continental/SDI10.2,unanimous
engines,K9K 646,ecu,OVERWRITE,Bosch/EDC17C84,Continental/SID310,unanimous
engines,G9T,ecu,OVERWRITE,Bosch/EDC16C0/C3,Bosch/EDC16C36,unanimous
engines,D223L,ecu,OVERWRITE,Bosch/EDC15M,Bosch/PSG16,unanimous
engines,FA20,ecu,OVERWRITE,Denso/N/A,Denso/SH72531,unanimous_by_power
engines,AWC,ecu,OVERWRITE,Bosch/ME7.X 8Mbit,Bosch/ME7.5,unanimous
engines,ATM,ecu,OVERWRITE,Bosch/ME7.X 4Mbit,Bosch/ME7.5,unanimous
engines,AYL,ecu,OVERWRITE,Bosch/ME7.X 8Mbit,Bosch/ME7.1,unanimous
engines,AUE,ecu,OVERWRITE,Bosch/ME7.X 8Mbit,Bosch/ME7.1,unanimous
engines,CAVA,ecu,OVERWRITE,Bosch/MED17.X CAN,Bosch/MED17.5.5 TC1766,unanimous
engines,BJB,ecu,OVERWRITE,Bosch/EDC16,Bosch/EDC16U1,unanimous
engines,CEGA,ecu,OVERWRITE,Bosch/EDC17CP04,Bosch/EDC17CP14,unanimous
engines,ALL,ecu,OVERWRITE,Bosch/ME7.X 4Mbit,Bosch/ME7.5.10,unanimous
engines,AHT,ecu,OVERWRITE,Bosch/ME7.X 4Mbit,Bosch/ME7.5.10,unanimous
engines,ALD,ecu,OVERWRITE,Bosch/ME7.X 4Mbit,Bosch/ME7.5.10,unanimous
engines,ANV,ecu,OVERWRITE,Bosch/ME7.X 4Mbit,Bosch/ME7.5.10,unanimous
engines,AUC,ecu,OVERWRITE,Bosch/ME7.X 4Mbit,Bosch/ME7.5.10,unanimous
engines,AKK,ecu,OVERWRITE,Bosch/ME7.X 4Mbit,Bosch/ME7.5.10,unanimous
engines,ANW,ecu,OVERWRITE,Bosch/ME7.X 4Mbit,Bosch/ME7.5.10,unanimous
engines,AUD,ecu,OVERWRITE,Bosch/ME7.X 4Mbit,Bosch/ME7.5.10,unanimous
engines,ALM,ecu,OVERWRITE,Bosch/ME7.X 4Mbit,Bosch/ME7.5.10,unanimous
engines,AUR,ecu,OVERWRITE,Bosch/ME7.X 4Mbit,Bosch/ME7.5.10,unanimous
engines,BTS,ecu,OVERWRITE,Magneti Marelli/7GV,Bosch/ME17.5.20,unanimous
engines,BBU,ecu,OVERWRITE,Bosch/ME7.X 8Mbit,Bosch/ME7.5,unanimous
engines,BJX,ecu,OVERWRITE,Bosch/ME7.X 8Mbit,Bosch/ME7.5,unanimous
engines,CLNA,ecu,OVERWRITE,Continental/PCR 2.1,Continental/SIMOS PCR2.1,unanimous
engines,BXJ,ecu,OVERWRITE,Bosch/EDC16U31,Bosch/EDC17U01,unanimous
engines,CAVF,ecu,OVERWRITE,Bosch/MED17.5.5,Bosch/MED17.5.5 TC1766,unanimous
engines,AXP,ecu,OVERWRITE,Bosch/ME7.X 4Mbit,Bosch/ME7.5.10,unanimous
engines,BCA,ecu,OVERWRITE,Bosch/ME7.X 4Mbit,Bosch/ME7.5.10,unanimous
engines,AUS,ecu,OVERWRITE,Bosch/ME7.X 4Mbit,Bosch/ME7.5.10,unanimous
engines,AZD,ecu,OVERWRITE,Bosch/ME7.X 4Mbit,Bosch/ME7.5.10,unanimous
engines,AQN,ecu,OVERWRITE,Bosch/ME7.X 8Mbit,Bosch/ME7.1,unanimous
engines,APK,ecu,OVERWRITE,Bosch/ME7.X 4Mbit,Bosch/ME7.5,unanimous
engines,AQY,ecu,OVERWRITE,Bosch/ME7.X 4Mbit,Bosch/ME7.5,unanimous
engines,AZJ,ecu,OVERWRITE,Bosch/ME7.X 4Mbit,Bosch/ME7.5,unanimous
engines,BYJ,ecu,OVERWRITE,Bosch/MED17.X CAN,Bosch/MED17.1 TC1796,unanimous
engines,BVX,ecu,OVERWRITE,Bosch/MED9.5 FSI,Bosch/MED9.5.10,unanimous
engines,CHHB,ecu,OVERWRITE,Continental/Simos 18,Continental/SIMOS18.6,unanimous
engines,CFBA,ecu,OVERWRITE,Bosch/MED17.X CAN,Bosch/MED17.5.20,unanimous
engines,CEA,ecu,OVERWRITE,Bosch/MED17.5,Bosch/MED17.1 TC1796,unanimous
engines,M135E15,ecu,OVERWRITE,Mitsubishi/MH8304F,Bosch/ME17.7.20,unanimous
engines,OM660DE08LA,ecu,OVERWRITE,Bosch/EDC15C5,Bosch/EDC16C32,unanimous
engines,EJ207,ecu,OVERWRITE,Denso/GW,Denso/Denso_Gasoline_MB112700,unanimous
engines,EJ255,ecu,OVERWRITE,Denso/GW,Denso/Denso_Gasoline_MB112700,unanimous
engines,EJ25,ecu,OVERWRITE,Denso/CJ,Denso/Denso_Gasoline_MB112700,unanimous
engines,1CD-FTV,ecu,OVERWRITE,Denso/(K-Line),Denso/175822-762,unanimous
engines,NGD 3.0E,ecu,OVERWRITE,Siemens/SID901,Siemens/SID901 ( CAN ),unanimous
engines,CPRA,ecu,OVERWRITE,Continental/Simos 18,Continental/SIMOS18.2,unanimous_by_power
engines,CPLA,ecu,OVERWRITE,Continental/Simos 18,Continental/SIMOS18.1,unanimous
engines,CPPA,ecu,OVERWRITE,Continental/Simos 18,Continental/SIMOS18.1,unanimous
engines,CCCA,ecu,OVERWRITE,Bosch/MED17.5,Bosch/ME17.5,unanimous
engines,ATN,ecu,OVERWRITE,Bosch/ME7.X 4Mbit,Bosch/ME7.5.10,unanimous
engines,AQP,ecu,OVERWRITE,Bosch/ME7.X 8Mbit,Bosch/ME7.1,unanimous
engines,CBTA,ecu,OVERWRITE,Bosch/MED17.X CAN,Bosch/ME17.5,unanimous
engines,BSU,ecu,OVERWRITE,Bosch/EDC16U,Bosch/EDC16U34,unanimous
engines,BDJ,ecu,OVERWRITE,Bosch/EDC16U,Bosch/EDC16U1,unanimous
engines,BST,ecu,OVERWRITE,Bosch/EDC16U34,Bosch/EDC16U1,unanimous
engines,CFHE,ecu,OVERWRITE,Bosch/EDC17CP20,Bosch/EDC17C46,unanimous
engines,CCHA,ecu,OVERWRITE,Bosch/EDC17CP14,Bosch/EDC17CP20,unanimous
engines,AXC,ecu,OVERWRITE,Bosch/EDC16U,Bosch/EDC16U1,unanimous
engines,AXB,ecu,OVERWRITE,Bosch/EDC16U,Bosch/EDC16U1,unanimous
engines,AXD,ecu,OVERWRITE,Bosch/EDC16U,Bosch/EDC16U1,unanimous
engines,AXE,ecu,OVERWRITE,Bosch/EDC16U,Bosch/EDC16U1,unanimous
engines,BJJ,ecu,OVERWRITE,Bosch/EDC16CP34,Bosch/EDC16CP34 CRAFTER,unanimous
engines,CEBA,ecu,OVERWRITE,Bosch/EDC17CP20,Bosch/EDC17CP20 CRAFTER,unanimous
engines,BJK,ecu,OVERWRITE,Bosch/EDC16CP34,Bosch/EDC16CP34 CRAFTER,unanimous
engines,CEBB,ecu,OVERWRITE,Bosch/EDC17CP20,Bosch/EDC17CP20 CRAFTER,unanimous
engines,BJL,ecu,OVERWRITE,Bosch/EDC16CP34,Bosch/EDC16CP34 CRAFTER,unanimous
engines,CECA,ecu,OVERWRITE,Bosch/EDC17CP20,Bosch/EDC17CP20 CRAFTER,unanimous
engines,BJM,ecu,OVERWRITE,Bosch/EDC16CP34,Bosch/EDC16CP34 CRAFTER,unanimous
engines,CECB,ecu,OVERWRITE,Bosch/EDC17CP20,Bosch/EDC17CP20 CRAFTER,unanimous
engines,AZG,ecu,OVERWRITE,Bosch/ME7.X 4Mbit,Bosch/ME7.5,unanimous
engines,BRU,ecu,OVERWRITE,Bosch/EDC16U,Bosch/EDC16U1,unanimous
engines,BDK,ecu,OVERWRITE,Bosch/EDC16U,Bosch/EDC16U1,unanimous
engines,BKG,ecu,OVERWRITE,Bosch/ME9.5 FSI,Bosch/MED9.5.10,unanimous
engines,BLN,ecu,OVERWRITE,Bosch/ME9.5 FSI,Bosch/MED9.5.10,unanimous
engines,CXDA,ecu,OVERWRITE,Continental/Simos 18.20,Continental/SIMOS18.1,unanimous
engines,BRM,ecu,OVERWRITE,Bosch/EDC16U31,Bosch/EDC16U34,unanimous
engines,CAWA,ecu,OVERWRITE,Bosch/MED17.X CAN,Bosch/MED17.5,unanimous
engines,CMSB,ecu,OVERWRITE,Bosch/MED17.5.5,Bosch/MED17.5.5 TC1766,unanimous
engines,AVY,ecu,OVERWRITE,Bosch/ME7.X 4Mbit,Bosch/ME7.5.10,unanimous
engines,AVC,ecu,OVERWRITE,Bosch/ME7.X 4Mbit,Bosch/ME7.5,unanimous
engines,AWU,ecu,OVERWRITE,Bosch/ME7.X 4Mbit,Bosch/ME7.5,unanimous
engines,AWV,ecu,OVERWRITE,Bosch/ME7.X 4Mbit,Bosch/ME7.5,unanimous
engines,AXJ,ecu,OVERWRITE,Bosch/ME7.X 8Mbit,Bosch/ME7.1,unanimous
engines,BGW,ecu,OVERWRITE,Bosch/EDC16U,Bosch/EDC16U31,unanimous
engines,BHW,ecu,OVERWRITE,Bosch/EDC16U,Bosch/EDC16U31,unanimous
engines,BVE,ecu,OVERWRITE,Bosch/EDC16U34,Bosch/EDC16U1,unanimous
engines,BMA,ecu,OVERWRITE,Bosch/EDC16U,Bosch/EDC16U1,unanimous
engines,CDGA,ecu,OVERWRITE,Bosch/MED17.X CAN,Bosch/MED17.1 TC1796,unanimous
engines,CGYA,ecu,OVERWRITE,Bosch/MED17.X CAN,Bosch/MED17.5,unanimous
engines,CEAA,ecu,OVERWRITE,Bosch/MED17.X CAN,Bosch/MED17.5.2,unanimous
engines,DCXA,ecu,OVERWRITE,Bosch/EDC17CP74,Bosch/EDC17C74,unanimous
engines,DFCA,ecu,OVERWRITE,Bosch/EDC17CP74,Bosch/EDC17C74,unanimous
engines,AJS,ecu,OVERWRITE,Bosch/EDC16U2.1 M&S,Bosch/EDC16U1,unanimous
engines,AYT,ecu,OVERWRITE,Bosch/ME7.X 8Mbit,Bosch/MED17.1.1 TC1797,unanimous
engines,BKL,ecu,OVERWRITE,Bosch/ME7.X 8Mbit,Bosch/MED17.1.1 TC1797,unanimous
engines,BRK,ecu,OVERWRITE,Bosch/ME7.X 8Mbit,Bosch/MED17.1.1 TC1797,unanimous
engines,BGH,ecu,OVERWRITE,Bosch/ME7.1.1,Bosch/MED17.1.1 TC1797,unanimous
engines,BGJ,ecu,OVERWRITE,Bosch/ME7.1.1,Bosch/MED17.1.1 TC1797,unanimous
engines,BAN,ecu,OVERWRITE,Bosch/ME7.1.1,Bosch/MED17.1.1 TC1797,unanimous
engines,BRN,ecu,OVERWRITE,Bosch/ME7.1.1,Bosch/MED17.1.1 TC1797,unanimous
engines,BTT,ecu,OVERWRITE,Bosch/ME7.1.1,Bosch/MED17.1.1 TC1797,unanimous
engines,ARC,ecu,OVERWRITE,Bosch/ME7.X 4Mbit,Bosch/ME7.5.10,unanimous
engines,BWB,ecu,OVERWRITE,Bosch/EDC15P+,Bosch/EDC17U01,unanimous
engines,CAVB,ecu,OVERWRITE,Bosch/MED17.X CAN,Bosch/MED17.5.5 TC1766,unanimous
engines,BVH,ecu,OVERWRITE,Bosch/EDC16U,Bosch/EDC16U31,unanimous
engines,CCZD,ecu,OVERWRITE,Bosch/MED17.X CAN,Bosch/MED17.5.2,unanimous
engines,BLK,ecu,OVERWRITE,Bosch/EDC16U,Bosch/EDC16U1,unanimous
engines,BPD,ecu,OVERWRITE,Bosch/EDC16U34,Bosch/EDC16U31,unanimous
engines,BAC,ecu,OVERWRITE,Bosch/EDC16U,Bosch/EDC16U1,unanimous
engines,BPE,ecu,OVERWRITE,Bosch/EDC16U34,Bosch/EDC16U31,unanimous
engines,AYH,ecu,OVERWRITE,Bosch/EDC16U2.1 M&S,Bosch/EDC16U1,unanimous
engines,BLE,ecu,OVERWRITE,Bosch/EDC16U2.1 M&S,Bosch/EDC16U31,unanimous
engines,BWF,ecu,OVERWRITE,Bosch/EDC16U2.1 M&S,Bosch/EDC16U1,unanimous
engines,CBWA,ecu,OVERWRITE,Bosch/EDC16U2.1 M&S,Bosch/EDC16U31,unanimous
engines,CASD,ecu,OVERWRITE,Bosch/EDC17CP14,Bosch/EDC17CP44,unanimous
engines,CGNA,ecu,OVERWRITE,Bosch/MED17.1.1,Bosch/MED17.1.1 TC1796,unanimous
engines,AVQ,ecu,OVERWRITE,Bosch/EDC15P+,Bosch/EDC16U1,unanimous
engines,CAVC,ecu,OVERWRITE,Bosch/MED17.X CAN,Bosch/MED17.5.5 TC1766,unanimous
engines,D4164T,ecu,OVERWRITE,Bosch/EDC16C34,Bosch/EDC16C31,unanimous
engines,B5244S4,ecu,OVERWRITE,Bosch/ME7.0,Denso/079700-91xx,unanimous
engines,B5244S,ecu,OVERWRITE,Bosch/ME7.0,Denso/079700-9540,unanimous
engines,B5244T5,ecu,OVERWRITE,Bosch/ME7.0,Bosch/ME7.0.1,unanimous
engines,D5244T2,ecu,OVERWRITE,Bosch/EDC15C2,Bosch/EDC15C11,unanimous
engines,D5244T,ecu,OVERWRITE,Bosch/EDC15C2,Bosch/EDC15C11,unanimous
engines,D4162T,ecu,OVERWRITE,Siemens/SID807,Continental/SID807EVO,unanimous
engines,M4R711,ecu,OVERWRITE,Sagem/S3000,Continental/EMS3110,unanimous
engines,JQDB,ecu,OVERWRITE,Bosch/MED17.2,Bosch/MED17.0,unanimous
engines,JTDA,ecu,FILL,Unknown/Unknown,Bosch/MED17.0,unanimous
engines,JTDB,ecu,FILL,Unknown/Unknown,Bosch/MED17.0,unanimous
engines,CTHA,ecu,OVERWRITE,Bosch/MED17.5.5,Bosch/MED17.5.5 TC1767,unanimous
engines,CFWA,ecu,FILL,Unknown/Unknown,Delphi/DCM3.7,unanimous
engines,EM61,ecu,FILL,Unknown/Unknown,Denso/23740-3Nxxx Gen1 SH72531,unanimous_by_power
engines,306DT,ecu,FILL,Unknown/Unknown,Bosch/EDC17CP55,unanimous
engines,508PS,ecu,FILL,Unknown/Unknown,Bosch/MED17.8.31,unanimous
engines,312A3.000,ecu,OVERWRITE,Magneti Marelli/8GMF,Bosch/ME17.3.0 (2021),unanimous_by_power
engines,LSA,ecu,FILL,Unknown/Unknown,Ac Delco/E67,unanimous
engines,CCHB,ecu,OVERWRITE,Bosch/EDC17CP14,Bosch/EDC17CP20,unanimous
engines,MCN.RB,ecu,OVERWRITE,Continental/Simos18,Bosch/EDC17CP44,unanimous
engines,DW12BTED4,ecu,OVERWRITE,Siemens/SID803A,Bosch/EDC16CP39,unanimous
engines,N47C16A,ecu,OVERWRITE,Bosch/EDC17C06,Bosch/EDC17C50 Exx,unanimous
engines,1AR-FE,ecu,FILL,Unknown/Unknown,Denso/275036-5810,unanimous
engines,2AZ-FXE,ecu,OVERWRITE,Denso/275036-1152,Denso/175822-737,unanimous
engines,350A2.000,ecu,OVERWRITE,Magneti Marelli/9GF,Bosch/EDC16C39,unanimous
engines,LS3,ecu,FILL,Unknown/Unknown,Ac Delco/E38,unanimous
engines,M271.860,ecu,OVERWRITE,Bosch/MED17.7.2,Continental/SIM271DE,unanimous_by_power
engines,ERB,ecu,FILL,Unknown/Unknown,Continental/GPEC2,unanimous
engines,EXL,ecu,FILL,Unknown/Unknown,Bosch/EDC16CP31,unanimous
engines,K9K770,ecu,OVERWRITE,Bosch/EDC17C84,Delphi/DCM3.4,unanimous
engines,M9R615,ecu,OVERWRITE,Bosch/EDC16CP33,Bosch/EDC17C84,unanimous
engines,F4R870,ecu,OVERWRITE,Sagem/S3000,Continental/EMS3110,unanimous
engines,N12B16A,ecu,OVERWRITE,Bosch/MEV17.2,Bosch/MEV17.2 TC1766,unanimous
engines,K9K898,ecu,OVERWRITE,Bosch/EDC17C84,Continental/SID305,unanimous
engines,OM642.992,ecu,OVERWRITE,Bosch/EDC15C5,Bosch/EDC17CP46,unanimous
engines,OM642.896,ecu,OVERWRITE,Bosch/EDC15C5,Bosch/EDC17CP46,unanimous
engines,OM642.898,ecu,OVERWRITE,Bosch/EDC15C5,Bosch/EDC17CP46,unanimous
engines,UKWA,ecu,FILL,Unknown/Unknown,Siemens/SID206,unanimous
engines,OM651.955,ecu,OVERWRITE,Bosch/EDC15C5,Delphi/CRD3x.x TC1793,unanimous
engines,3ZR-FAE,ecu,OVERWRITE,Denso/275036-4820,Denso/175822-737,unanimous
engines,K9K636,ecu,OVERWRITE,Bosch/EDC17C84,Continental/SID307,unanimous
engines,2NZ-FE,ecu,FILL,Unknown/Unknown,Denso/275036-1152,unanimous
engines,A22DM,ecu,FILL,Unknown/Unknown,Delphi/DCM3.7,unanimous
engines,A22DMH,ecu,FILL,Unknown/Unknown,Delphi/DCM3.7,unanimous
engines,B4164T3,ecu,OVERWRITE,Mitsubishi/E2T7318x,Bosch/MED17.0,unanimous
engines,B4164T,ecu,OVERWRITE,Mitsubishi/E2T7318x,Bosch/MED17.0,unanimous
engines,B4204T7,ecu,FILL,Unknown/Unknown,Bosch/MED17.0,unanimous
engines,B6304T4,ecu,OVERWRITE,Denso/MB279700-94xx,Denso/MB279700-9500,unanimous
engines,N47C20A,ecu,OVERWRITE,Bosch/EDC17C06,Bosch/EDC17C50 Exx,unanimous
engines,D4F732,ecu,OVERWRITE,Bosch/EDC16C39-5.41,Valeo/V40,unanimous
engines,T1WB,ecu,FILL,Unknown/Unknown,Continental/SID807EVO,unanimous
engines,TPWA,ecu,FILL,Unknown/Unknown,Bosch/MED17.0,unanimous
engines,R20A1,ecu,OVERWRITE,Keihin/37805-Rxx,Keihin/37820-xxx-xxx MPC5566,unanimous_by_power
engines,K24Z7,ecu,OVERWRITE,Keihin/37805-Rxx,Keihin/37820-xxx-xxx SH72543,unanimous
engines,JTBA,ecu,OVERWRITE,Bosch/MED17.2,Bosch/MED17.0,unanimous
engines,HR12DE,ecu,FILL,Unknown/Unknown,Hitachi/A56-XXX,unanimous
engines,B3LA,ecu,FILL,Unknown/Unknown,Kefico/KMEG1.9.0 ECU,unanimous
engines,M278.928,ecu,OVERWRITE,Bosch/MED17.7.2,Bosch/MED17.7.3,unanimous
engines,OM651.912,ecu,OVERWRITE,Bosch/EDC15C5,Delphi/CRD3x.x TC1797,unanimous_by_power
engines,OM651.940,ecu,OVERWRITE,Bosch/EDC15C5,Delphi/CRD2.x MPC556x,unanimous
engines,OM642.890,ecu,OVERWRITE,Bosch/EDC15C5,Bosch/EDC17CP10,unanimous
engines,LC3,ecu,FILL,Unknown/Unknown,Ac Delco/E67,unanimous
engines,CHVA,ecu,FILL,Unknown/Unknown,Continental/SIMOS8.6,unanimous
engines,CGWB,ecu,OVERWRITE,Continental/Simos 8.4,Continental/SIMOS8.5,unanimous
engines,CTKA,ecu,FILL,Unknown/Unknown,Bosch/MED17.5.5 TC1767,unanimous
engines,CJTA,ecu,FILL,Unknown/Unknown,Continental/SIMOS8.5,unanimous
engines,CVWA,ecu,FILL,Unknown/Unknown,Bosch/EDC17CP44,unanimous
engines,LZ1,ecu,FILL,Unknown/Unknown,Ac Delco/E67,unanimous
engines,T18SED,ecu,FILL,Unknown/Unknown,Ac Delco/E83A,unanimous
engines,F16D4,ecu,OVERWRITE,Continental/D42,Ac Delco/E83,unanimous
engines,LL8,ecu,FILL,Unknown/Unknown,Ac Delco/E67,unanimous
engines,OM640.941,ecu,OVERWRITE,Bosch/EDC15C5,Bosch/EDC16C32,unanimous
engines,K10B,ecu,FILL,Unknown/Unknown,Bosch/ME17.9.5,unanimous
engines,CGXB,ecu,OVERWRITE,Continental/Simos 8.4,Continental/SIMOS8.5,unanimous
engines,CTUA,ecu,OVERWRITE,Continental/Simos 8.4,Continental/SIMOS8.5,unanimous
engines,CGWD,ecu,OVERWRITE,Continental/Simos 8.4,Continental/SIMOS8.5,unanimous
engines,2AR-FE,ecu,FILL,Unknown/Unknown,Denso/275036-5650_,unanimous
engines,LUU,ecu,FILL,Unknown/Unknown,Ac Delco/E78,unanimous
engines,EDG,ecu,FILL,Unknown/Unknown,Continental/GPEC2,unanimous
engines,ED3,ecu,FILL,Unknown/Unknown,Continental/GPEC2,unanimous
engines,LM7,ecu,FILL,Unknown/Unknown,Ac Delco/E38,unanimous
engines,LH2,ecu,FILL,Unknown/Unknown,Ac Delco/E67,unanimous
engines,OM651.925,ecu,OVERWRITE,Bosch/EDC15C5,Delphi/CRD2.x MPC556x,unanimous
engines,OM642.862,ecu,OVERWRITE,Bosch/EDC15C5,Bosch/EDC17CP46,unanimous
engines,OM642.868,ecu,OVERWRITE,Bosch/EDC15C5,Bosch/EDC17CP46,unanimous
engines,OM642.850,ecu,OVERWRITE,Bosch/EDC15C5,Bosch/EDC17CP10,unanimous
engines,F6JD,ecu,OVERWRITE,Siemens/SID802/SID804,Siemens/SID206,unanimous
engines,G9U754,ecu,OVERWRITE,Bosch/EDC16C36,Bosch/EDC15C13,unanimous
engines,ZD3200,ecu,OVERWRITE,Bosch/EDC16C0/C3,Bosch/EDC16C3 9.12,unanimous
engines,ZD3202,ecu,OVERWRITE,Bosch/EDC16C0/C3,Bosch/EDC16C3 9.12,unanimous
engines,ENE,ecu,FILL,Unknown/Unknown,Delphi/DCM3.5,unanimous
engines,6B31,ecu,FILL,Unknown/Unknown,Melco/E6T7997x MH8611,unanimous
engines,F1CE3481E,ecu,OVERWRITE,Bosch/EDC16C39,Bosch/EDC17CP52,unanimous
engines,G6DE,ecu,OVERWRITE,Siemens/SID803A,Bosch/MEG17.9.2_ECU,unanimous
engines,OM651.911,ecu,OVERWRITE,Bosch/EDC15C5,Delphi/CRD2.x MPC556x,unanimous
engines,CLZB,ecu,FILL,Unknown/Unknown,Bosch/EDC17CP44,unanimous
engines,LAU,ecu,FILL,Unknown/Unknown,Bosch/ME9.6.1,unanimous
engines,L92,ecu,FILL,Unknown/Unknown,Ac Delco/E38,unanimous
engines,L94,ecu,FILL,Unknown/Unknown,Ac Delco/E38,unanimous
engines,3NR-FE,ecu,FILL,Unknown/Unknown,Denso/175822-737,unanimous
engines,1TR-FE,ecu,FILL,Unknown/Unknown,Denso/275036-9160,unanimous
engines,940A8.000,ecu,OVERWRITE,Bosch/MED17.3.1,Bosch/EDC17C49,unanimous
engines,M9T870,ecu,OVERWRITE,Bosch/EDC17C11,Continental/SID310,unanimous
engines,K9K808,ecu,OVERWRITE,Bosch/EDC17C84,Bosch/EDC17C42,unanimous_by_power
engines,ECN,ecu,FILL,Unknown/Unknown,Continental/GPEC2,unanimous
engines,EXF,ecu,FILL,Unknown/Unknown,Bosch/EDC16CP31,unanimous
engines,N62B48B,ecu,OVERWRITE,Bosch/ME9.2,Bosch/ME9.2.2,unanimous
engines,G6DC,ecu,OVERWRITE,Siemens/SID803A,Delphi/MT86,unanimous
engines,AKF,ecu,FILL,Unknown/Unknown,Bosch/EDC15VM-V6-8Mbit,unanimous
engines,RHK,ecu,OVERWRITE,Siemens/SID803,Delphi/DCM7.1A,unanimous
engines,OM651.901,ecu,OVERWRITE,Bosch/EDC15C5,Delphi/CRD2.x MPC556x,unanimous
engines,M276.955,ecu,OVERWRITE,Bosch/MED17.7.2,Bosch/MED17.7.3,unanimous_by_power
engines,ZD30,ecu,OVERWRITE,Bosch/EDC16C0/C3,Bosch/EDC17C45,unanimous
engines,B4164T2,ecu,OVERWRITE,Mitsubishi/E2T7318x,Bosch/MED17.0,unanimous
engines,4G69S4N,ecu,OVERWRITE,Mitsubishi/MH72XX,Delphi/MT80,unanimous
engines,L13Z4,ecu,OVERWRITE,Bosch/ME7.9.3,Keihin/37820-xxx-xxx SH7058 (CAN),unanimous
engines,D20DT,ecu,OVERWRITE,Bosch/EDC16C39,Delphi/DCM3.7,unanimous
engines,ECC,ecu,FILL,Unknown/Unknown,Bosch/EDC16U1,unanimous
engines,YD22DDT,ecu,OVERWRITE,Denso/N/A,Denso/275800-2327,unanimous
engines,F9Q740,ecu,OVERWRITE,Bosch/EDC15C2,Bosch/EDC15C3,unanimous
engines,AR67601,ecu,FILL,Unknown/Unknown,Bosch/ME7.3.1,unanimous
engines,AR32104,ecu,FILL,Unknown/Unknown,Bosch/ME7.3.1,unanimous
engines,AR32302,ecu,FILL,Unknown/Unknown,Bosch/EDC15C5,unanimous
engines,AR32501,ecu,FILL,Unknown/Unknown,Bosch/EDC15C5,unanimous
engines,M9T890,ecu,OVERWRITE,Bosch/EDC17C11,Continental/SID310,unanimous
engines,G9T710,ecu,OVERWRITE,Bosch/EDC15C2,Bosch/EDC15C3,unanimous
engines,G9T722,ecu,OVERWRITE,Bosch/EDC15C2,Bosch/EDC15C3,unanimous
engines,EZ30,ecu,OVERWRITE,Denso/DM,Denso/DENSO NN,unanimous
engines,M13A,ecu,OVERWRITE,Bosch/ME7.7.0,Denso/KO,unanimous
engines,AR32310,ecu,FILL,Unknown/Unknown,Bosch/ME7.3.1,unanimous
engines,AR37203,ecu,FILL,Unknown/Unknown,Bosch/ME7.3.1,unanimous
engines,2JZ-GE,ecu,FILL,Unknown/Unknown,Denso/175822-737,unanimous
engines,B5254T4,ecu,OVERWRITE,Bosch/ME7.0,Bosch/ME7.0.1,unanimous
engines,CMUA,ecu,FILL,Unknown/Unknown,Continental/SIMOS8.5,unanimous
engines,839A6.000,ecu,FILL,Unknown/Unknown,Bosch/EDC15C7,unanimous
engines,AR37101,ecu,FILL,Unknown/Unknown,Bosch/EDC15C7,unanimous
engines,F9Q732,ecu,OVERWRITE,Bosch/EDC15C2,Bosch/EDC15C3,unanimous
engines,F9Q733,ecu,OVERWRITE,Bosch/EDC15C2,Bosch/EDC15C3,unanimous
engines,F9Q738,ecu,OVERWRITE,Bosch/EDC15C2,Bosch/EDC15C3,unanimous
engines,G9T702,ecu,OVERWRITE,Bosch/EDC15C2,Bosch/EDC15C3,unanimous
engines,G9T700,ecu,OVERWRITE,Bosch/EDC15C2,Bosch/EDC15C3,unanimous
engines,2GR-FXE,ecu,OVERWRITE,Denso/275036-1470 (CAN),Denso/275036-6110,unanimous
engines,D3EA,ecu,FILL,Unknown/Unknown,Bosch/EDC15C7,unanimous
engines,G9T703,ecu,OVERWRITE,Bosch/EDC15C2,Bosch/EDC15C3,unanimous
engines,F9Q772,ecu,OVERWRITE,Bosch/EDC15C2,Bosch/EDC15C3,unanimous
engines,BMD,ecu,FILL,Unknown/Unknown,Siemens/SIMOS9.1,unanimous
engines,841E.000,ecu,FILL,Unknown/Unknown,Bosch/ME7.3.1,unanimous
engines,841C.000,ecu,FILL,Unknown/Unknown,Bosch/EDC15C7,unanimous
engines,B5254T2,ecu,OVERWRITE,Bosch/ME7.0,Bosch/ME7.0.1,unanimous
engines,OM646.961,ecu,OVERWRITE,Bosch/EDC15C5,Bosch/EDC16C2,unanimous
engines,932A.000,ecu,FILL,Unknown/Unknown,Bosch/ME7.3.1,unanimous
engines,841C000,ecu,FILL,Unknown/Unknown,Bosch/EDC15C7,unanimous
engines,ES9J4S,ecu,FILL,Unknown/Unknown,Bosch/ME7.4.4,unanimous
engines,F9Q800,ecu,OVERWRITE,Bosch/EDC15C2,Bosch/EDC16C3 9.12,unanimous
engines,D20DTR,ecu,OVERWRITE,Bosch/EDC16C39,Delphi/DCM3.7,unanimous
engines,936A6.000,ecu,FILL,Unknown/Unknown,Bosch/ME7.3.1,unanimous
engines,F9Q812,ecu,OVERWRITE,Bosch/EDC15C2,Bosch/EDC16C3 10.22,unanimous
engines,G9T712,ecu,OVERWRITE,Bosch/EDC15C2,Bosch/EDC15C3,unanimous
engines,841G.000,ecu,FILL,Unknown/Unknown,Bosch/EDC16C8,unanimous
engines,841L.000,ecu,FILL,Unknown/Unknown,Bosch/ME7.3.1,unanimous
engines,B5244T7,ecu,OVERWRITE,Bosch/ME7.0,Bosch/ME7.0.1,unanimous
engines,936A.000,ecu,FILL,Unknown/Unknown,Bosch/ME7.3.1,unanimous
engines,841H.000,ecu,FILL,Unknown/Unknown,Bosch/EDC16C8,unanimous
engines,BDW,ecu,FILL,Unknown/Unknown,Continental/SIMOS6.2/6.3,unanimous
engines,BAT,ecu,FILL,Unknown/Unknown,Bosch/ME7.1.1,unanimous
engines,OM640.942,ecu,OVERWRITE,Bosch/EDC15C5,Bosch/EDC16C32,unanimous
engines,D4F740,ecu,OVERWRITE,Bosch/EDC16C39-5.41,Continental/EMS3125 (2017-2019),unanimous
engines,K4M800,ecu,OVERWRITE,Valeo/V40,Sagem/S3000,unanimous
engines,G9T606,ecu,OVERWRITE,Bosch/EDC15C2,Bosch/EDC16C3 9.12,unanimous
engines,BBJ,ecu,FILL,Unknown/Unknown,Bosch/ME7.1.1,unanimous
engines,HHDB,ecu,OVERWRITE,Bosch/EDC16C3,Bosch/EDC16C34,unanimous
engines,LP1,ecu,FILL,Unknown/Unknown,Bosch/ME9.6,unanimous
engines,F9Q759,ecu,OVERWRITE,Bosch/EDC15C2,Bosch/EDC16C3 9.12,unanimous
engines,G9T706,ecu,OVERWRITE,Bosch/EDC15C2,Bosch/EDC15C3,unanimous
engines,G9T707,ecu,OVERWRITE,Bosch/EDC15C2,Bosch/EDC15C3,unanimous
engines,K9K724,ecu,OVERWRITE,Bosch/EDC17C84,Siemens/SID304,unanimous
engines,LQ4,ecu,FILL,Unknown/Unknown,Ac Delco/E38,unanimous
engines,M48.50S,ecu,OVERWRITE,Bosch/ME7.1.1,Continental/VDOSDI4,unanimous
engines,KKDB,ecu,OVERWRITE,Siemens/SID202,Siemens/SID206,unanimous
engines,M272.965,ecu,OVERWRITE,Bosch/MED17.7.2,Bosch/MED17.7.1,unanimous
engines,EJ204,ecu,OVERWRITE,Denso/DM,Denso/Denso_Gasoline_MB112700,unanimous
engines,J20A,ecu,FILL,Unknown/Unknown,Denso/112300-5920,unanimous
engines,G4HE,ecu,OVERWRITE,Bosch/M7.9.0,Bosch/M7.9.8,unanimous
engines,G4KA,ecu,OVERWRITE,Continental/SIM2K-241,Siemens/SIM2K-140,unanimous
engines,AZWA,ecu,FILL,Unknown/Unknown,Siemens/SID206,unanimous
engines,937A4.000,ecu,OVERWRITE,Bosch/EDC16C39,Bosch/EDC16C8,unanimous_by_power
engines,LS7,ecu,FILL,Unknown/Unknown,Ac Delco/E38,unanimous
engines,G9T645,ecu,OVERWRITE,Bosch/EDC15C2,Bosch/EDC16C36,unanimous
engines,ECE,ecu,FILL,Unknown/Unknown,Bosch/EDC16U31,unanimous
engines,M9R780,ecu,OVERWRITE,Bosch/EDC16CP33,Bosch/EDC16CP33 6.7,unanimous
engines,J35A8,ecu,FILL,Unknown/Unknown,Keihin/37820-xxx-xxx SH7058 (CAN),unanimous
engines,OM646.980,ecu,OVERWRITE,Bosch/EDC15C5,Bosch/EDC16CP31,unanimous
engines,RHR,ecu,OVERWRITE,Delphi/DCM3.4,Delphi/DCM7.1A,unanimous
engines,R18A1,ecu,OVERWRITE,Keihin/37805-Rxx,Keihin/37820-xxx-xxx SH7058 (CAN),unanimous
engines,B5244T4,ecu,OVERWRITE,Bosch/ME7.0,Bosch/ME7.0.1,unanimous
engines,K24A2,ecu,OVERWRITE,Keihin/37805-Rxx,Keihin/37820-xxx-xxx SH7058 (CAN),unanimous
engines,K24A8,ecu,OVERWRITE,Keihin/37805-Rxx,Keihin/37820-xxx-xxx SH7058 (CAN),unanimous
engines,BLJ,ecu,FILL,Unknown/Unknown,Bosch/EDC16U1,unanimous
engines,CRMB,ecu,FILL,Unknown/Unknown,Bosch/EDC17C74,unanimous
engines,L13A3,ecu,OVERWRITE,Bosch/ME7.9.3,Keihin/37820-xxx-xxx SH7058 (CAN),unanimous
engines,OM660.950,ecu,OVERWRITE,Bosch/EDC15C5,Bosch/EDC16C32,unanimous
engines,FFBA,ecu,FILL,Unknown/Unknown,Siemens/SID206,unanimous
engines,LNF,ecu,FILL,Unknown/Unknown,Bosch/MED9.6.1,unanimous
engines,5VZ-FE,ecu,FILL,Unknown/Unknown,Denso/175822-737,unanimous
engines,KLWA,ecu,FILL,Unknown/Unknown,Siemens/SID206,unanimous
engines,AJ6WG,ecu,FILL,Unknown/Unknown,Bosch/MED17.8.31,unanimous
engines,LNJ,ecu,FILL,Unknown/Unknown,Ac Delco/E38,unanimous
engines,J35A9,ecu,FILL,Unknown/Unknown,Keihin/37820-xxx-xxx SH7058 (CAN),unanimous
engines,LLV,ecu,FILL,Unknown/Unknown,Ac Delco/E67,unanimous
engines,N74B66A,ecu,FILL,Unknown/Unknown,Continental/Siemens/MSD87,unanimous
engines,4HK,ecu,OVERWRITE,Denso/275800-8455,Delphi/DCM7.1B,unanimous
engines,LD8,ecu,FILL,Unknown/Unknown,Ac Delco/E67,unanimous
engines,L9H,ecu,FILL,Unknown/Unknown,Ac Delco/E38,unanimous
engines,LR4,ecu,FILL,Unknown/Unknown,Ac Delco/E38,unanimous
engines,M133.980,ecu,OVERWRITE,Bosch/ME7.7.0,Bosch/MED17.7.2,unanimous
engines,CXXB,ecu,FILL,Unknown/Unknown,Delphi/DCM6.2V,unanimous
engines,B5204T9,ecu,OVERWRITE,Bosch/ME7.0,Denso/MB279700-9500,unanimous
engines,LY2,ecu,FILL,Unknown/Unknown,Ac Delco/E38,unanimous
engines,LY5,ecu,FILL,Unknown/Unknown,Ac Delco/E38,unanimous
engines,MRA8DE,ecu,FILL,Unknown/Unknown,Hitachi/BED434,unanimous
engines,844A1.000,ecu,FILL,Unknown/Unknown,Bosch/EDC16C39,unanimous
engines,939B1.000,ecu,OVERWRITE,Bosch/EDC16C39,Bosch/MED17.3.1,unanimous
engines,LLR,ecu,FILL,Unknown/Unknown,Ac Delco/E67,unanimous
engines,CDMA,ecu,FILL,Unknown/Unknown,Bosch/MED9.1.5,unanimous
engines,CTJB,ecu,FILL,Unknown/Unknown,Bosch/MED17.5.5 TC1767,unanimous
engines,CTHF,ecu,OVERWRITE,Bosch/MED17.5.5,Bosch/MED17.5.5 TC1767,unanimous
engines,L76,ecu,FILL,Unknown/Unknown,Ac Delco/E38,unanimous
engines,CCDA,ecu,FILL,Unknown/Unknown,Continental/SIMOS8.1x,unanimous
engines,M272.982,ecu,OVERWRITE,Bosch/MED17.7.2,Bosch/MED9.7,unanimous
engines,LH8,ecu,FILL,Unknown/Unknown,Ac Delco/E67,unanimous
engines,L91,ecu,FILL,Unknown/Unknown,Ac Delco/E83,unanimous
engines,EZ36D,ecu,OVERWRITE,Denso/DM,Denso/SH72531,unanimous
engines,UBJA,ecu,FILL,Unknown/Unknown,Bosch/EDC17C10,unanimous
engines,CTJC,ecu,FILL,Unknown/Unknown,Bosch/MED17.5.5 TC1767,unanimous
engines,K24Z2,ecu,OVERWRITE,Keihin/37805-Rxx,Keihin/37820-xxx-xxx SH7058 (CAN),unanimous
engines,CTYA,ecu,FILL,Unknown/Unknown,Bosch/MED9.1.2,unanimous
engines,KHBA,ecu,FILL,Unknown/Unknown,Siemens/SID206,unanimous
engines,K9K896,ecu,OVERWRITE,Bosch/EDC17C84,Continental/SID305,unanimous
engines,T3JA,ecu,FILL,Unknown/Unknown,Bosch/EDC17C10,unanimous
engines,TNBA,ecu,FILL,Unknown/Unknown,Bosch/MED17.0,unanimous
engines,LEA1,ecu,FILL,Unknown/Unknown,Keihin/37820-xxx-xxx SH7058 (CAN),unanimous
engines,F1AE0481B,ecu,OVERWRITE,Magneti Marelli/MJ8F3,Bosch/EDC16C8,unanimous
engines,CHMA,ecu,FILL,Unknown/Unknown,Continental/SIMOS8.5,unanimous
engines,CJTB,ecu,FILL,Unknown/Unknown,Continental/SIMOS8.5,unanimous
engines,M1JC,ecu,OVERWRITE,Bosch/MED17.2,Bosch/MED17.0.1,unanimous
engines,TU1JP,ecu,FILL,Unknown/Unknown,Bosch/ME7.4.4,unanimous
engines,L20,ecu,FILL,Unknown/Unknown,Ac Delco/E78,unanimous
engines,LFA,ecu,FILL,Unknown/Unknown,Ac Delco/E78,unanimous
engines,G6DJ,ecu,OVERWRITE,Siemens/SID803A,Continental/SIM2K-260 ECU,unanimous
engines,CTEC,ecu,FILL,Unknown/Unknown,Bosch/EDC17CP44,unanimous
engines,TZGA,ecu,FILL,Unknown/Unknown,Continental/SID807EVO,unanimous
engines,IQJA,ecu,FILL,Unknown/Unknown,Continental/EMS2211,unanimous
engines,T3JB,ecu,FILL,Unknown/Unknown,Bosch/EDC17C10,unanimous
engines,EAF,ecu,FILL,Unknown/Unknown,Magneti Marelli/8GMW,unanimous
engines,ED6,ecu,FILL,Unknown/Unknown,Continental/GPEC3,unanimous
engines,CTHC,ecu,OVERWRITE,Bosch/MED17.5.5,Bosch/MED17.5.5 TC1766,unanimous
engines,CTHB,ecu,OVERWRITE,Bosch/MED17.5.5,Bosch/MED17.5.5 TC1766,unanimous
engines,L6DB,ecu,FILL,Unknown/Unknown,Continental/SIM2K-261 ECU,unanimous
engines,G4KJ,ecu,OVERWRITE,Continental/SIM2K-241,Continental/SIM2K-250 ECU,unanimous
engines,CTUC,ecu,OVERWRITE,Continental/Simos 8.4,Continental/SIMOS8.5,unanimous
engines,CNLA,ecu,FILL,Unknown/Unknown,Bosch/MED17.1.21,unanimous
engines,LC8,ecu,FILL,Unknown/Unknown,Ac Delco/E78,unanimous
engines,LY6,ecu,FILL,Unknown/Unknown,Ac Delco/E78,unanimous
engines,CPVA,ecu,FILL,Unknown/Unknown,Bosch/MED17.5.21,unanimous
engines,B5254T12,ecu,OVERWRITE,Bosch/ME7.0,Denso/MB279700-9500,unanimous
engines,JQMA,ecu,FILL,Unknown/Unknown,Bosch/MED17.0.1,unanimous
engines,JQMB,ecu,FILL,Unknown/Unknown,Bosch/MED17.0.1,unanimous
engines,JTMA,ecu,FILL,Unknown/Unknown,Bosch/MED17.0.1,unanimous
engines,UFMA,ecu,FILL,Unknown/Unknown,Delphi/DCM3.5,unanimous
engines,TXMA,ecu,FILL,Unknown/Unknown,Delphi/DCM3.5,unanimous
engines,LEA3,ecu,FILL,Unknown/Unknown,Keihin/37820-xxx-xxx SH72543,unanimous
engines,M9T880,ecu,OVERWRITE,Bosch/EDC17C11,Continental/SID310,unanimous
engines,N18B16C,ecu,OVERWRITE,Bosch/MEVD17.2.2,Bosch/MEVD17.2.7,unanimous
engines,XMJA,ecu,FILL,Unknown/Unknown,Bosch/MED17.0.1,unanimous
engines,XMJB,ecu,FILL,Unknown/Unknown,Bosch/MED17.0.1,unanimous
engines,P4JA,ecu,FILL,Unknown/Unknown,Bosch/MED17.0.1,unanimous
engines,P4JB,ecu,FILL,Unknown/Unknown,Bosch/MED17.0.1,unanimous
engines,M276.820,ecu,OVERWRITE,Bosch/MED17.7.2,Bosch/MED17.7.3.1,unanimous
engines,JTJA,ecu,FILL,Unknown/Unknown,Bosch/MED17.0.1,unanimous
engines,H5F404,ecu,FILL,Unknown/Unknown,Continental/EMS3150,unanimous_by_power
engines,B4164T4,ecu,OVERWRITE,Mitsubishi/E2T7318x,Bosch/MED17.0,unanimous
engines,4WZ-FTV,ecu,FILL,Unknown/Unknown,Delphi/DCM6.2A,unanimous
engines,4WZ-FHV,ecu,FILL,Unknown/Unknown,Delphi/DCM6.2A,unanimous
engines,MCX.PA,ecu,FILL,Unknown/Unknown,Continental/SDI6,unanimous
engines,MCX.RA,ecu,FILL,Unknown/Unknown,Continental/SDI6,unanimous
engines,CTUD,ecu,OVERWRITE,Continental/Simos 8.4,Continental/SIMOS8.5,unanimous
engines,CSLB,ecu,FILL,Unknown/Unknown,Bosch/EDC17C64,unanimous
engines,B4204T9,ecu,FILL,Unknown/Unknown,Denso/MB279700-96xx,unanimous
engines,MCT.MA,ecu,OVERWRITE,Bosch/EDC17CP44-3.6,Continental/SDI10.2,unanimous
engines,955B1.000,ecu,OVERWRITE,Bosch/EDC16C39,Magneti Marelli/8GMK,unanimous
engines,199B8.000,ecu,OVERWRITE,Magneti Marelli/MJ8DF,Magneti Marelli/8F3,unanimous
engines,EAGA,ecu,FILL,Unknown/Unknown,Bosch/MED17.5.21,unanimous
engines,SFCA,ecu,FILL,Unknown/Unknown,Bosch/MED17.0.1,unanimous
engines,SFCB,ecu,FILL,Unknown/Unknown,Bosch/MED17.0.1,unanimous
engines,CVF5,ecu,FILL,Unknown/Unknown,Continental/SID208,unanimous
engines,CUSB,ecu,FILL,Unknown/Unknown,Delphi/DCM6.2V,unanimous
engines,CUSA,ecu,FILL,Unknown/Unknown,Delphi/DCM6.2V,unanimous
engines,CWVA,ecu,FILL,Unknown/Unknown,Bosch/ME17.5.22,unanimous
engines,CPVB,ecu,FILL,Unknown/Unknown,Bosch/MED17.5.25,unanimous
engines,CUKB,ecu,FILL,Unknown/Unknown,Bosch/MED17.1.21,unanimous
engines,CJXD,ecu,OVERWRITE,Continental/Simos 12,Continental/SIMOS18.1,unanimous
engines,M9T700,ecu,OVERWRITE,Bosch/EDC17C11,Continental/SID310,unanimous
engines,CULA,ecu,FILL,Unknown/Unknown,Continental/SIMOS18.2,unanimous
engines,CHHC,ecu,OVERWRITE,Continental/Simos 18,Continental/SIMOS18.1,unanimous
engines,B10XFL,ecu,OVERWRITE,Continental/D42,Ac Delco/E80,unanimous
engines,B10XFT,ecu,OVERWRITE,Continental/D42,Ac Delco/E80,unanimous
engines,UNCA,ecu,FILL,Unknown/Unknown,Bosch/MED17.0.1,unanimous
engines,UNCB,ecu,FILL,Unknown/Unknown,Bosch/MED17.0.1,unanimous
engines,UNCE,ecu,FILL,Unknown/Unknown,Bosch/MED17.0.1,unanimous
engines,U3CA,ecu,FILL,Unknown/Unknown,Bosch/EDC17C10,unanimous
engines,NGCA,ecu,FILL,Unknown/Unknown,Bosch/EDC17C10,unanimous
engines,T7CE,ecu,FILL,Unknown/Unknown,Delphi/DCM6.1,unanimous
engines,T8CC,ecu,FILL,Unknown/Unknown,Delphi/DCM6.1,unanimous
engines,B13DTC,ecu,FILL,Unknown/Unknown,Ac Delco/E98,unanimous
engines,B13DTE,ecu,FILL,Unknown/Unknown,Ac Delco/E98,unanimous
engines,CYPA,ecu,FILL,Unknown/Unknown,Continental/SIMOS18.1,unanimous
engines,CVVA,ecu,FILL,Unknown/Unknown,Bosch/EDC17CP44,unanimous
engines,M8DA,ecu,FILL,Unknown/Unknown,Bosch/MED17.0,unanimous
engines,M8DB,ecu,FILL,Unknown/Unknown,Bosch/MED17.0,unanimous
engines,M9DB,ecu,FILL,Unknown/Unknown,Continental/EMS2511,unanimous
engines,M281.910,ecu,FILL,Unknown/Unknown,Bosch/ME17.9.20,unanimous
engines,XRMA,ecu,FILL,Unknown/Unknown,Delphi/DCM6.1,unanimous
engines,312A8.000,ecu,OVERWRITE,Magneti Marelli/8GMF,Magneti Marelli/9DF,unanimous
engines,CXMA,ecu,FILL,Unknown/Unknown,Delphi/DCM6.2V,unanimous
engines,CYNB,ecu,FILL,Unknown/Unknown,Bosch/MG1CS001,unanimous
engines,CVCA,ecu,FILL,Unknown/Unknown,Bosch/EDC17C64,unanimous
engines,DDAA,ecu,FILL,Unknown/Unknown,Bosch/EDC17CP74,unanimous
engines,DAJB,ecu,FILL,Unknown/Unknown,Continental/SIMOS18.1,unanimous
engines,B5254T9,ecu,OVERWRITE,Bosch/ME7.0,Bosch/ME7.0.1,unanimous
engines,CHZB,ecu,FILL,Unknown/Unknown,Bosch/MED17.5.21,unanimous
engines,CUWA,ecu,FILL,Unknown/Unknown,Bosch/EDC17C64,unanimous
engines,B37D15A,ecu,OVERWRITE,Bosch/EDC17C50,Bosch/EDC17C50 Fxx,unanimous
engines,CULB,ecu,FILL,Unknown/Unknown,Continental/SIMOS18.2,unanimous
engines,MCX.ZA,ecu,FILL,Unknown/Unknown,Continental/SDI10.1,unanimous_by_power
engines,LF3,ecu,FILL,None/None,Ac Delco/E92,unanimous
engines,LT1,ecu,FILL,None/None,Ac Delco/E92,unanimous
engines,LT4,ecu,FILL,None/None,Ac Delco/E92,unanimous
engines,ESA,ecu,FILL,None/None,Bosch/EDC16C4,unanimous
engines,J35Y1,ecu,FILL,None/None,Hitachi/37820-5G0-xxx SH72543,unanimous
engines,LE2,ecu,FILL,None/None,Ac Delco/E80,unanimous
engines,LS4,ecu,FILL,None/None,Ac Delco/E67,unanimous
engines,LS9,ecu,FILL,None/None,Ac Delco/E67,unanimous
engines,L87,ecu,FILL,None/None,Ac Delco/E90,unanimous
engines,L84,ecu,FILL,None/None,Ac Delco/E90,unanimous
engines,L8T,ecu,FILL,None/None,Ac Delco/E93,unanimous
engines,L5P,ecu,FILL,None/None,Ac Delco/E41,unanimous
engines,A25A-FXS,ecu,FILL,None/None,Denso/GEN3 (R7F701216 - R7F701202),unanimous
engines,A25A-FKS,ecu,FILL,None/None,Denso/GEN3 (R7F701216 - R7F701202),unanimous
engines,LM2,ecu,FILL,None/None,Ac Delco/E46,unanimous
engines,LZ0,ecu,FILL,None/None,Ac Delco/E98,unanimous
engines,LV1,ecu,FILL,None/None,Ac Delco/E92,unanimous
engines,LK5,ecu,FILL,None/None,Bosch/EDC16C39,unanimous
engines,LGZ,ecu,FILL,None/None,Ac Delco/E92,unanimous
engines,LWN,ecu,FILL,None/None,Ac Delco/E98,unanimous
engines,L8B,ecu,FILL,None/None,Ac Delco/E92,unanimous
engines,L86,ecu,FILL,None/None,Ac Delco/E92,unanimous
engines,L83,ecu,FILL,None/None,Ac Delco/E92,unanimous
engines,LGH,ecu,FILL,None/None,Bosch/EDC17CP18,unanimous
engines,LYX,ecu,FILL,None/None,Ac Delco/E80,unanimous
engines,LH7,ecu,FILL,None/None,Ac Delco/E98,unanimous
engines,LM4,ecu,FILL,None/None,Ac Delco/E67,unanimous
engines,L77,ecu,FILL,None/None,Ac Delco/E38,unanimous
engines,M20A-FKS,ecu,FILL,None/None,Denso/GEN3 (R7F701216 - R7F701202),unanimous
engines,M20A-FXS,ecu,FILL,None/None,Denso/GEN3 (R7F701216 - R7F701202),unanimous
engines,G4NB,ecu,FILL,None/None,Continental/SIM2K-241 ECU,unanimous
engines,F20C1,ecu,FILL,None/None,Keihin/37820-xxx-xxx SH7058 (CAN),unanimous
engines,LTA,ecu,FILL,None/None,Bosch/E68,unanimous
engines,204DTD,ecu,FILL,None/None,Bosch/MEDC17.9,unanimous
engines,J37A1,ecu,FILL,None/None,Keihin/37820-xxx-xxx SH72543,unanimous
engines,J35Y5,ecu,FILL,None/None,Keihin/37805-Rxx-xxx TC27x,unanimous
engines,K23A1,ecu,FILL,None/None,Keihin/37820-xxx-xxx SH7058 (CAN),unanimous
engines,J35Y4,ecu,FILL,None/None,Keihin/37820-xxx-xxx SH72543,unanimous
engines,J35Y6,ecu,FILL,None/None,Keihin/37820-xxx-xxx TC1782,unanimous_by_power
engines,LAP,ecu,FILL,None/None,Ac Delco/E37,unanimous
engines,LAT,ecu,FILL,None/None,Ac Delco/E67,unanimous
engines,G4KL,ecu,FILL,None/None,Continental/SIM2K-250 ECU,unanimous
engines,PY-VPS,ecu,FILL,None/None,Denso/Pxxx,unanimous
vehicle_variants,18988,engine_code,FILL,,LNJ,brand+model+ps -> Chevrolet Equinox 188ps
vehicle_variants,19121,engine_code,FILL,,N47D20,brand+model+ps -> BMW X3 (E83) 177ps
vehicle_variants,21052,engine_code,FILL,,N47D20,brand+model+ps -> BMW X3 (E83) 177ps
vehicle_variants,23747,engine_code,FILL,,D4FD,brand+model+ps -> Hyundai i40 (VF) 136ps
engines,1AR-FE,engine_type,UPGRADE,2.7 L Petrol,2.7L VVTi Petrol,"source description, unanimous for this code"
engines,B4164T,engine_type,UPGRADE,1.6 L Petrol (T4),1.6L T4 Petrol,"source description, unanimous for this code"
engines,B3LA,engine_type,UPGRADE,1.0 L Petrol,1.0L LPi 12v Petrol,"source description, unanimous for this code"
engines,CJTA,engine_type,UPGRADE,3.0 L Petrol,3.0L TFSI Petrol,"source description, unanimous for this code"
engines,OM642.852,engine_type,UPGRADE,3.0 L Diesel,3.0L 350 CDI4MATIC Diesel,"source description, unanimous for this code"
engines,940A8.000,engine_type,UPGRADE,2.0 L Diesel,2.0L Multijet 16v Diesel,"source description, unanimous for this code"
engines,EXF,engine_type,UPGRADE,3.0 L Diesel,3.0L V6 Diesel,"source description, unanimous for this code"
engines,4G69S4N,engine_type,UPGRADE,2.4 L Petrol,2.4L 16V NA Petrol,"source description, unanimous for this code"
engines,448PN,engine_type,UPGRADE,4.4 L Petrol,4.4L V8 Petrol,"source description, unanimous for this code"
engines,B5254T4,engine_type,UPGRADE,2.5 L Petrol,2.5L R AWD Petrol,"source description, unanimous for this code"
engines,R2PA,engine_type,UPGRADE,1.8 L Diesel,1.8L TDCI Diesel,"source description, unanimous for this code"
engines,BAT,engine_type,UPGRADE,4.2 L Petrol,4.2L V8 40v Petrol,"source description, unanimous for this code"
engines,ECE,engine_type,UPGRADE,2.0 L Diesel,2.0L CRD Diesel,"source description, unanimous for this code"
engines,CDMA,engine_type,UPGRADE,2.0 L Petrol,2.0L TFSI Petrol,"source description, unanimous for this code"
engines,Z20S1,engine_type,UPGRADE,2.0 L Diesel,2.0L 16v Diesel,"source description, unanimous for this code"
engines,CGEA,engine_type,UPGRADE,3.0 L Hybrid,3.0L V6 TSi 24v FHEV Hybrid,"source description, unanimous for this code"
engines,939B4.000,engine_type,UPGRADE,2.0 L Diesel,2.0L JTDm Diesel,"source description, unanimous for this code"
engines,M1JC,engine_type,UPGRADE,1.0 L Petrol,1.0L EcoBoost Petrol,"source description, unanimous for this code"
engines,SFJB,engine_type,UPGRADE,1.0 L Petrol,1.0L EcoBoost Petrol,"source description, unanimous for this code"
engines,L6DB,engine_type,UPGRADE,3.0 L Petrol,3.0L V6 LPi 24v Petrol,"source description, unanimous for this code"
engines,B5254T12,engine_type,UPGRADE,2.5 L Petrol (T5),2.5L T5 Petrol,"source description, unanimous for this code"
engines,DV6ATED4,engine_type,UPGRADE,1.6 L Diesel,1.6L HDi 16v Diesel,"source description, unanimous for this code"
engines,JTJA,engine_type,UPGRADE,1.6 L Petrol,1.6L EcoBoost Petrol,"source description, unanimous for this code"
engines,MCX.PA,engine_type,UPGRADE,4.8 L Petrol,4.8L GTS Petrol,"source description, unanimous for this code"
engines,MCX.RA,engine_type,UPGRADE,4.8 L Petrol,4.8L GTS Petrol,"source description, unanimous for this code"
engines,B4204T9,engine_type,UPGRADE,2.0 L Petrol (T6),2.0L T5 FWD Drive-E Petrol (T6),"source description, unanimous for this code"
engines,B16DTL,engine_type,UPGRADE,1.6 L Diesel,1.6L CDTi ecoFlex 16v Diesel,"source description, unanimous for this code"
engines,B16DTE,engine_type,UPGRADE,1.6 L Diesel,1.6L CDTi ecoFlex 16v Diesel,"source description, unanimous for this code"
engines,B16DTC,engine_type,UPGRADE,1.6 L Diesel,1.6L CDTi 16v Diesel,"source description, unanimous for this code"
engines,B38A12A,engine_type,UPGRADE,1.2 L Petrol (One),1.2L One Petrol,"source description, unanimous for this code"
engines,SFCA,engine_type,UPGRADE,1.0 L Petrol,1.0L EcoBoost Petrol,"source description, unanimous for this code"
engines,SFCB,engine_type,UPGRADE,1.0 L Petrol,1.0L EcoBoost Petrol,"source description, unanimous for this code"
engines,CJXD,engine_type,UPGRADE,2.0 L Petrol,2.0L TSI R Petrol,"source description, unanimous for this code"
engines,ERC,engine_type,UPGRADE,3.6 L Petrol,3.6L V6 Pentastar 24v Petrol,"source description, unanimous for this code"
engines,ERF,engine_type,UPGRADE,3.6 L Petrol,3.6L Pentastar V6 Petrol,"source description, unanimous for this code"
engines,ESD,engine_type,UPGRADE,6.2 L Petrol,6.2L Supercharged Hemi V8 Petrol,"source description, unanimous for this code"
