engine_code,brand,descriptor,valves,old_cylinders,possible,displacement_cc,variants,action,new_cylinders,evidence
2.4 JTD 20v M-Jet,Alfa Romeo,2.4 JTD 20v M-Jet,20,6,4 or 5 or 10,2400,8,FIX,5,Fiat/Alfa 2.4 JTD is the inline-five; 20v = 5 x 4
2.4 JTD 20v M-Jet Q4,Alfa Romeo,2.4 JTD 20v M-Jet Q4,20,6,4 or 5 or 10,2400,1,FIX,5,Fiat/Alfa 2.4 JTD is the inline-five; 20v = 5 x 4
2.4 JTD 20v M-Jet Q-Tronic,Alfa Romeo,2.4 JTD 20v M-Jet Q-Tronic,20,6,4 or 5 or 10,2400,3,FIX,5,Fiat/Alfa 2.4 JTD is the inline-five; 20v = 5 x 4
2.4 JTD 20v M-Jet Sportronic,Alfa Romeo,2.4 JTD 20v M-Jet Sportronic,20,6,4 or 5 or 10,2400,1,FIX,5,Fiat/Alfa 2.4 JTD is the inline-five; 20v = 5 x 4
CTSA,Audi,2.5 20v TFSI,20,6,4 or 5 or 10,2500,2,FIX,5,VW/Audi 2.5 is the inline-five; 20v = 5 x 4 and 2.5 L / 5 = ~500 cc per cylinder
CZGA,Audi,2.5 20v TFSI,20,6,4 or 5 or 10,2500,2,FIX,5,VW/Audi 2.5 is the inline-five; 20v = 5 x 4 and 2.5 L / 5 = ~500 cc per cylinder
CEPA,Audi,2.5 20v TFSI Quattro DSG,20,6,4 or 5 or 10,2500,7,FIX,5,VW/Audi 2.5 is the inline-five; 20v = 5 x 4 and 2.5 L / 5 = ~500 cc per cylinder
CZGB,Audi,2.5 20v TFSI Quattro DSG,20,6,4 or 5 or 10,2500,2,FIX,5,VW/Audi 2.5 is the inline-five; 20v = 5 x 4 and 2.5 L / 5 = ~500 cc per cylinder
N52B30,Bmw,130i 3000 24v,24,4,6 or 8 or 12,2996,12,FIX,6,BMW M5x/N5x is a straight-six; 24v = 6 x 4
N51B30,Bmw,128i 3000 24v,24,4,6 or 8 or 12,2996,6,FIX,6,BMW M5x/N5x is a straight-six; 24v = 6 x 4
M52B20,Bmw,320i 2000 24v,24,4,6 or 8 or 12,1924,0,FIX,6,BMW M5x/N5x is a straight-six; 24v = 6 x 4
M52B25,Bmw,323i 2500 24v,24,4,6 or 8 or 12,2184,0,FIX,6,BMW M5x/N5x is a straight-six; 24v = 6 x 4
M52B28,Bmw,328i 2800 24v,24,4,6 or 8 or 12,2457,0,FIX,6,BMW M5x/N5x is a straight-six; 24v = 6 x 4
M52TUB20,Bmw,320i 2000 24v,24,4,6 or 8 or 12,1924,0,FIX,6,BMW M5x/N5x is a straight-six; 24v = 6 x 4
M54B22,Bmw,320i 2200 24v,24,4,6 or 8 or 12,2184,6,FIX,6,BMW M5x/N5x is a straight-six; 24v = 6 x 4
M52TUB25,Bmw,323Ci 2500 24v,24,4,6 or 8 or 12,2494,2,FIX,6,BMW M5x/N5x is a straight-six; 24v = 6 x 4
M54B25,Bmw,325Ci 2500 24v,24,4,6 or 8 or 12,2494,27,FIX,6,BMW M5x/N5x is a straight-six; 24v = 6 x 4
M52TUB28,Bmw,328Ci 2800 24v,24,4,6 or 8 or 12,2793,3,FIX,6,BMW M5x/N5x is a straight-six; 24v = 6 x 4
N52B25U1,Bmw,323i 2500 24v,24,4,6 or 8 or 12,2497,8,FIX,6,BMW M5x/N5x is a straight-six; 24v = 6 x 4
N52B25,Bmw,323i 2500 24v,24,4,6 or 8 or 12,2497,6,FIX,6,BMW M5x/N5x is a straight-six; 24v = 6 x 4
N52B25O1,Bmw,325i 2500 24v,24,4,6 or 8 or 12,2795,7,FIX,6,BMW M5x/N5x is a straight-six; 24v = 6 x 4
N52B25O1US,Bmw,325i 2500 24v,24,4,6 or 8 or 12,2795,1,FIX,6,BMW M5x/N5x is a straight-six; 24v = 6 x 4
N52B25O1N,Bmw,325i 2500 24v,24,4,6 or 8 or 12,2795,3,FIX,6,BMW M5x/N5x is a straight-six; 24v = 6 x 4
N53B30U0,Bmw,325i 3000 24v,24,4,6 or 8 or 12,2795,9,FIX,6,BMW M5x/N5x is a straight-six; 24v = 6 x 4
N52B25O1NUS,Bmw,328i 2500 24v,24,4,6 or 8 or 12,3029,8,FIX,6,BMW M5x/N5x is a straight-six; 24v = 6 x 4
N51B30US,Bmw,328i 3000 24v,24,4,6 or 8 or 12,2996,12,FIX,6,BMW M5x/N5x is a straight-six; 24v = 6 x 4
N52B30O0,Bmw,330i 3000 24v,24,4,6 or 8 or 12,3315,5,FIX,6,BMW M5x/N5x is a straight-six; 24v = 6 x 4
N52B30O0US,Bmw,330i 3000 24v,24,4,6 or 8 or 12,3315,1,FIX,6,BMW M5x/N5x is a straight-six; 24v = 6 x 4
N52B30O0N,Bmw,330i 3000 24v,24,4,6 or 8 or 12,3315,1,FIX,6,BMW M5x/N5x is a straight-six; 24v = 6 x 4
N53B30O0,Bmw,330i 3000 24v,24,4,6 or 8 or 12,3484,2,FIX,6,BMW M5x/N5x is a straight-six; 24v = 6 x 4
M52B20TU,Bmw,520i 2000 24v,24,4,6 or 8 or 12,1924,0,FIX,6,BMW M5x/N5x is a straight-six; 24v = 6 x 4
M52B25TU,Bmw,523i 2500 24v,24,4,6 or 8 or 12,2184,0,FIX,6,BMW M5x/N5x is a straight-six; 24v = 6 x 4
M52B28US,Bmw,528i 2800 24v,24,4,6 or 8 or 12,2470,0,FIX,6,BMW M5x/N5x is a straight-six; 24v = 6 x 4
N53B25U0,Bmw,523i 2500 24v,24,4,6 or 8 or 12,1300,1,FIX,6,BMW M5x/N5x is a straight-six; 24v = 6 x 4
N53B30O0US,Bmw,530i 3000 24v,24,4,6 or 8 or 12,3484,1,FIX,6,BMW M5x/N5x is a straight-six; 24v = 6 x 4
939 A3.000,Fiat,2.4 20v Mjet,20,6,4 or 5 or 10,2400,7,FIX,5,Fiat/Alfa 2.4 JTD is the inline-five; 20v = 5 x 4
192 A2.000,Fiat,2.4 20v,20,6,4 or 5 or 10,2400,3,FIX,5,Fiat/Alfa 2.4 JTD is the inline-five; 20v = 5 x 4
2.4 20v Mjet,Lancia,2.4 20v Mjet,20,6,4 or 5 or 10,2400,2,FIX,5,Fiat/Alfa 2.4 JTD is the inline-five; 20v = 5 x 4
2.4 20v,Lancia,2.4 20v,20,6,4 or 5 or 10,2400,1,FIX,5,Fiat/Alfa 2.4 JTD is the inline-five; 20v = 5 x 4
4M41GVIT,Mitsubishi,3.2 16v DI-D 1 4x4 Triton,16,6,4 or 8,3200,4,FIX,4,Mitsubishi 4M/4G code prefix denotes four cylinders; 16v = 4 x 4
4M41IT,Mitsubishi,3.2 16v DI-D,16,6,4 or 8,3200,11,FIX,4,Mitsubishi 4M/4G code prefix denotes four cylinders; 16v = 4 x 4
4M41GVIT2,Mitsubishi,3.2 16v DI-D,16,6,4 or 8,3200,1,FIX,4,Mitsubishi 4M/4G code prefix denotes four cylinders; 16v = 4 x 4
B5254T5,Subaru,2.5 20v T,20,6,4 or 5 or 10,2500,1,FIX,5,Volvo B5/D5 code prefix denotes five cylinders; 20v = 5 x 4
CCCA,Volkswagen,2.5 20v FSI,20,6,4 or 5 or 10,2500,8,FIX,5,VW/Audi 2.5 is the inline-five; 20v = 5 x 4 and 2.5 L / 5 = ~500 cc per cylinder
BTK,Volkswagen,2.5 20v,20,6,4 or 5 or 10,2500,4,FIX,5,VW/Audi 2.5 is the inline-five; 20v = 5 x 4 and 2.5 L / 5 = ~500 cc per cylinder
CBTA,Volkswagen,2.5 20v S,20,6,4 or 5 or 10,2500,7,FIX,5,VW/Audi 2.5 is the inline-five; 20v = 5 x 4 and 2.5 L / 5 = ~500 cc per cylinder
CBUA,Volkswagen,2.5 20v S,20,6,4 or 5 or 10,2500,9,FIX,5,VW/Audi 2.5 is the inline-five; 20v = 5 x 4 and 2.5 L / 5 = ~500 cc per cylinder
BGQ,Volkswagen,2.5 20v,20,6,4 or 5 or 10,2500,2,FIX,5,VW/Audi 2.5 is the inline-five; 20v = 5 x 4 and 2.5 L / 5 = ~500 cc per cylinder
BPS,Volkswagen,2.5 20v,20,6,4 or 5 or 10,2500,3,FIX,5,VW/Audi 2.5 is the inline-five; 20v = 5 x 4 and 2.5 L / 5 = ~500 cc per cylinder
BPR,Volkswagen,2.5 20v,20,6,4 or 5 or 10,2500,3,FIX,5,VW/Audi 2.5 is the inline-five; 20v = 5 x 4 and 2.5 L / 5 = ~500 cc per cylinder
D5204T,Volvo,2.0 20v D4,20,6,4 or 5 or 10,2000,8,FIX,5,Volvo B5/D5 code prefix denotes five cylinders; 20v = 5 x 4
D5244T8,Volvo,2.4 20v D5,20,6,4 or 5 or 10,2400,8,FIX,5,Volvo B5/D5 code prefix denotes five cylinders; 20v = 5 x 4
B5244S4,Volvo,2.4 20v,20,6,4 or 5 or 10,2400,9,FIX,5,Volvo B5/D5 code prefix denotes five cylinders; 20v = 5 x 4
B5254T,Volvo,2.5 20v T5,20,6,4 or 5 or 10,2500,2,FIX,5,Volvo B5/D5 code prefix denotes five cylinders; 20v = 5 x 4
B5254T7,Volvo,2.5 20v T5,20,6,4 or 5 or 10,2500,12,FIX,5,Volvo B5/D5 code prefix denotes five cylinders; 20v = 5 x 4
B5204T3,Volvo,2.0 20v,20,6,4 or 5 or 10,2000,1,FIX,5,Volvo B5/D5 code prefix denotes five cylinders; 20v = 5 x 4
B5234T3,Volvo,2.3 20v,20,6,4 or 5 or 10,2300,2,FIX,5,Volvo B5/D5 code prefix denotes five cylinders; 20v = 5 x 4
B5244S3,Volvo,2.4 20v,20,6,4 or 5 or 10,2400,0,FIX,5,Volvo B5/D5 code prefix denotes five cylinders; 20v = 5 x 4
B5244S,Volvo,2.4 20v,20,6,4 or 5 or 10,2400,23,FIX,5,Volvo B5/D5 code prefix denotes five cylinders; 20v = 5 x 4
D5244T13,Volvo,2.4 20v D5,20,6,4 or 5 or 10,2400,5,FIX,5,Volvo B5/D5 code prefix denotes five cylinders; 20v = 5 x 4
B5244S2,Volvo,2.4 20v,20,6,4 or 5 or 10,2400,9,FIX,5,Volvo B5/D5 code prefix denotes five cylinders; 20v = 5 x 4
D5244T7,Volvo,2.4 20v D,20,6,4 or 5 or 10,2400,4,FIX,5,Volvo B5/D5 code prefix denotes five cylinders; 20v = 5 x 4
D5244T5,Volvo,2.4 20v D,20,6,4 or 5 or 10,2400,14,FIX,5,Volvo B5/D5 code prefix denotes five cylinders; 20v = 5 x 4
D5244T4,Volvo,2.4 20v D5,20,6,4 or 5 or 10,2400,16,FIX,5,Volvo B5/D5 code prefix denotes five cylinders; 20v = 5 x 4
B5204T5,Volvo,2.0 20v,20,6,4 or 5 or 10,2000,4,FIX,5,Volvo B5/D5 code prefix denotes five cylinders; 20v = 5 x 4
B5244T5,Volvo,2.4 20v,20,6,4 or 5 or 10,2400,4,FIX,5,Volvo B5/D5 code prefix denotes five cylinders; 20v = 5 x 4
D5244T10,Volvo,2.4 20v D5,20,6,4 or 5 or 10,2400,11,FIX,5,Volvo B5/D5 code prefix denotes five cylinders; 20v = 5 x 4
D5244T2,Volvo,2.4 20v D,20,6,4 or 5 or 10,2400,7,FIX,5,Volvo B5/D5 code prefix denotes five cylinders; 20v = 5 x 4
D5244T,Volvo,2.4 20v D5,20,6,4 or 5 or 10,2400,10,FIX,5,Volvo B5/D5 code prefix denotes five cylinders; 20v = 5 x 4
B5244T3,Volvo,2.4 20v,20,6,4 or 5 or 10,2400,7,FIX,5,Volvo B5/D5 code prefix denotes five cylinders; 20v = 5 x 4
D5244T14,Volvo,2.4 20v D,20,6,4 or 5 or 10,2400,8,FIX,5,Volvo B5/D5 code prefix denotes five cylinders; 20v = 5 x 4
B5254T6,Volvo,2.5 20v Turbo,20,6,4 or 5 or 10,2500,4,FIX,5,Volvo B5/D5 code prefix denotes five cylinders; 20v = 5 x 4
B5254T10,Volvo,2.5 20v Turbo,20,6,4 or 5 or 10,2500,4,FIX,5,Volvo B5/D5 code prefix denotes five cylinders; 20v = 5 x 4
B5254T8,Volvo,2.5 20v Turbo Flex,20,6,4 or 5 or 10,2500,4,FIX,5,Volvo B5/D5 code prefix denotes five cylinders; 20v = 5 x 4
B5254T11,Volvo,2.5 20v Turbo Flex,20,6,4 or 5 or 10,2500,4,FIX,5,Volvo B5/D5 code prefix denotes five cylinders; 20v = 5 x 4
D5204T6,Volvo,2.0 20v D3,20,6,4 or 5 or 10,2000,2,FIX,5,Volvo B5/D5 code prefix denotes five cylinders; 20v = 5 x 4
D5204T7,Volvo,2.0 20v D3,20,6,4 or 5 or 10,2000,7,FIX,5,Volvo B5/D5 code prefix denotes five cylinders; 20v = 5 x 4
D5204T3,Volvo,2.0 20v D4,20,6,4 or 5 or 10,2000,8,FIX,5,Volvo B5/D5 code prefix denotes five cylinders; 20v = 5 x 4
D5244T21,Volvo,2.4 20v,20,6,4 or 5 or 10,2400,1,FIX,5,Volvo B5/D5 code prefix denotes five cylinders; 20v = 5 x 4
D5244T12,Volvo,2.4 20v D4,20,6,4 or 5 or 10,2400,6,FIX,5,Volvo B5/D5 code prefix denotes five cylinders; 20v = 5 x 4
D5244,Volvo,2.4 20v D4,20,6,4 or 5 or 10,2400,1,FIX,5,Volvo B5/D5 code prefix denotes five cylinders; 20v = 5 x 4
D5244T16,Volvo,2400 20V D5,20,6,4 or 5 or 10,2400,4,FIX,5,Volvo B5/D5 code prefix denotes five cylinders; 20v = 5 x 4
D5244T17,Volvo,2.4 20v D3,20,6,4 or 5 or 10,2400,5,FIX,5,Volvo B5/D5 code prefix denotes five cylinders; 20v = 5 x 4
D5244T18,Volvo,2.4 20v D5,20,6,4 or 5 or 10,2400,2,FIX,5,Volvo B5/D5 code prefix denotes five cylinders; 20v = 5 x 4
2.4 JTD 10v,Alfa Romeo,2.4 JTD 10v,10,6,2 or 5,2400,5,REVIEW,,"valve count and cylinders disagree, but no second signal says which is wrong"
AZA,Audi,2.7 20v T Quattro,20,6,4 or 5 or 10,2700,2,REVIEW,,"valve count and cylinders disagree, but no second signal says which is wrong"
M50TUB20,Bmw,320i 2000 24v,24,4,6 or 8 or 12,1924,0,REVIEW,,"valve count and cylinders disagree, but no second signal says which is wrong"
B10D1,Chevrolet,1.0 16v,16,3,4 or 8,1000,12,REVIEW,,"valve count and cylinders disagree, but no second signal says which is wrong"
182 B7.000,Fiat,2.0 20v 155 HGT,20,6,4 or 5 or 10,2000,0,REVIEW,,"valve count and cylinders disagree, but no second signal says which is wrong"
182 B3.000,Fiat,2.0 20v,20,6,4 or 5 or 10,2000,0,REVIEW,,"valve count and cylinders disagree, but no second signal says which is wrong"
185 A8.000,Fiat,2.0 20v,20,6,4 or 5 or 10,2000,5,REVIEW,,"valve count and cylinders disagree, but no second signal says which is wrong"
0.9 16v TwinAir Turbo 105,Fiat,0.9 16v TwinAir Turbo 105,16,3,4 or 8,900,1,REVIEW,,"valve count and cylinders disagree, but no second signal says which is wrong"
SAFA,Ford,3.2 16v TDCi,16,6,4 or 8,3200,6,REVIEW,,"valve count and cylinders disagree, but no second signal says which is wrong"
2.0 20v,Lancia,2.0 20v,20,6,4 or 5 or 10,2000,2,REVIEW,,"valve count and cylinders disagree, but no second signal says which is wrong"
2.0 20v Turbo,Lancia,2.0 20v Turbo,20,6,4 or 5 or 10,2000,1,REVIEW,,"valve count and cylinders disagree, but no second signal says which is wrong"
AVZ,Seat,1.0 16v MPI,16,3,4 or 8,1000,2,REVIEW,,"valve count and cylinders disagree, but no second signal says which is wrong"
AST,Seat,1.0 16v MPI,16,3,4 or 8,1000,2,REVIEW,,"valve count and cylinders disagree, but no second signal says which is wrong"
AXL,Volkswagen,2.5 10v TDI,10,6,2 or 5,2500,2,REVIEW,,"valve count and cylinders disagree, but no second signal says which is wrong"
AYC,Volkswagen,2.5 10v TDI,10,6,2 or 5,2500,2,REVIEW,,"valve count and cylinders disagree, but no second signal says which is wrong"
AHY,Volkswagen,2.5 10v TDI,10,6,2 or 5,2500,0,REVIEW,,"valve count and cylinders disagree, but no second signal says which is wrong"
AXG,Volkswagen,2.5 10v TDI,10,6,2 or 5,2500,3,REVIEW,,"valve count and cylinders disagree, but no second signal says which is wrong"
BJJ,Volkswagen,2.5 10v TDI,10,6,2 or 5,2500,5,REVIEW,,"valve count and cylinders disagree, but no second signal says which is wrong"
BJK,Volkswagen,2.5 10v TDI,10,6,2 or 5,2500,5,REVIEW,,"valve count and cylinders disagree, but no second signal says which is wrong"
CEBB,Volkswagen,2.5 10v TDI,10,6,2 or 5,2500,5,REVIEW,,"valve count and cylinders disagree, but no second signal says which is wrong"
BJL,Volkswagen,2.5 10v TDI,10,6,2 or 5,2500,5,REVIEW,,"valve count and cylinders disagree, but no second signal says which is wrong"
BJM,Volkswagen,2.5 10v TDI,10,6,2 or 5,2500,5,REVIEW,,"valve count and cylinders disagree, but no second signal says which is wrong"
BDN,Volkswagen,4.0 W8 32v,32,6,8 or 16,4000,3,REVIEW,,"valve count and cylinders disagree, but no second signal says which is wrong"
BDP,Volkswagen,4.0 W8 32v,32,6,8 or 16,4000,3,REVIEW,,"valve count and cylinders disagree, but no second signal says which is wrong"
BLK,Volkswagen,2.5 10v TDI,10,6,2 or 5,2500,2,REVIEW,,"valve count and cylinders disagree, but no second signal says which is wrong"
BPD,Volkswagen,2.5 10v TDI,10,6,2 or 5,2500,2,REVIEW,,"valve count and cylinders disagree, but no second signal says which is wrong"
BAC,Volkswagen,2.5 10v TDI,10,6,2 or 5,2500,2,REVIEW,,"valve count and cylinders disagree, but no second signal says which is wrong"
BPE,Volkswagen,2.5 10v TDI,10,6,2 or 5,2500,2,REVIEW,,"valve count and cylinders disagree, but no second signal says which is wrong"
4HH(P22DTE),Citroen,2.2 16v HDi TurboDiesel,16,6,4 or 8,2198,3,REVIEW,,"valve count and cylinders disagree, but no second signal says which is wrong"
3FZ(EW12J4),Peugeot,2.2 16V,16,6,4 or 8,2230,8,REVIEW,,"valve count and cylinders disagree, but no second signal says which is wrong"
G4JS-G,Hyundai,2.4 16V,16,6,4 or 8,2351,2,REVIEW,,"valve count and cylinders disagree, but no second signal says which is wrong"
CG10DE,Nissan,1.0 i 16V,16,3,4 or 8,998,2,REVIEW,,"valve count and cylinders disagree, but no second signal says which is wrong"
E5FA,Ford,"2.3 16V [RWD] (F_B_, F_C_, F_A_)",16,6,4 or 8,2295,6,REVIEW,,"valve count and cylinders disagree, but no second signal says which is wrong"
E5FC,Ford,"2.3 16V [RWD] (F_B_, F_C_, F_A_)",16,6,4 or 8,2295,5,REVIEW,,"valve count and cylinders disagree, but no second signal says which is wrong"
E5SB,Ford,2.3 16V,16,6,4 or 8,2295,1,REVIEW,,"valve count and cylinders disagree, but no second signal says which is wrong"
1SZ-FE,Toyota,1.0 16V,16,3,4 or 8,998,2,REVIEW,,"valve count and cylinders disagree, but no second signal says which is wrong"
GZ,Ford,2.3 16V,16,6,4 or 8,2261,1,REVIEW,,"valve count and cylinders disagree, but no second signal says which is wrong"
194A1.000,Fiat,2.2 16V,16,6,4 or 8,2198,1,REVIEW,,"valve count and cylinders disagree, but no second signal says which is wrong"
3FY(EW12J4),Peugeot,2.2 16V,16,6,4 or 8,2230,4,REVIEW,,"valve count and cylinders disagree, but no second signal says which is wrong"
GZFA,Ford,2.3 16V,16,6,4 or 8,2261,2,REVIEW,,"valve count and cylinders disagree, but no second signal says which is wrong"
GZFC,Ford,2.3 16V,16,6,4 or 8,2261,2,REVIEW,,"valve count and cylinders disagree, but no second signal says which is wrong"
OM646.981,Mercedes,1.3 XLI 16V (EE101_),16,6,4 or 8,2148,2,REVIEW,,"valve count and cylinders disagree, but no second signal says which is wrong"
F1CE0481HC,Iveco,2.0 i 16V (ST202/GT),16,6,4 or 8,2998,3,REVIEW,,"valve count and cylinders disagree, but no second signal says which is wrong"
S68 4.4 V8 BiTurbo,,"4.4 V8 TwinTurbo 48V (S68, G70 760i)",48,8,12 or 16 or 24,4395,2,REVIEW,,"valve count and cylinders disagree, but no second signal says which is wrong"
P530 MHEV 4.4 V8 TT (S68),,"4.4 V8 TwinTurbo 48V BMW S68 (RR/RRS P530 2024+, 523hp)",48,8,12 or 16 or 24,4395,2,REVIEW,,"valve count and cylinders disagree, but no second signal says which is wrong"
