brand,merged_key,kept_model_id,kept_model_name,kept_source,kept_status,dropped_model_id,dropped_model_name,dropped_source,dropped_status,dropped_years_span,merged_production_start,merged_production_end
Bentley,ARNAGE,457,Arnage,original_db,existing,5308,ARNAGE,itdiag8-dotcom/database (vivid_cars2000.db),added_from_vivid,2002,2002,2008
Bentley,CONTINENTAL FLYING SPUR,467,Continental Flying Spur,original_db,existing,5499,CONTINENTAL FLYING SPUR,itdiag8-dotcom/database (vivid_cars2000.db),added_from_vivid,2004-2012,2004,2012
Bentley,MULSANNE,482,Mulsanne,original_db,existing,6146,MULSANNE,itdiag8-dotcom/database (vivid_cars2000.db),added_from_vivid,2008-2012,2008,2015
Chery,TIGGO,1078,Tiggo,original_db,existing,4894,TIGGO,itdiag8-dotcom/database (vivid_cars2000.db),added_from_vivid,2009-2011,2008,2011
Citroen,C4 CACTUS,1271,C4 Cactus,original_db,existing,6453,C4 CACTUS,itdiag8-dotcom/database (vivid_cars2000.db),added_from_vivid,2012,2012,2014
Citroen,DS3,1278,Ds3,original_db,existing,4429,DS3,itdiag8-dotcom/database (vivid_cars2000.db),added_from_vivid,2008-2013,2008,2014
Citroen,DS4,1279,Ds4,original_db,existing,4510,DS4,itdiag8-dotcom/database (vivid_cars2000.db),added_from_vivid,2010-2012,2010,2014
Citroen,DS5,1280,Ds5,original_db,existing,4794,DS5,itdiag8-dotcom/database (vivid_cars2000.db),added_from_vivid,2010-2012,2010,2014
Citroen,JUMPY,1283,Jumpy,original_db,existing,5575,JUMPY,itdiag8-dotcom/database (vivid_cars2000.db),added_from_vivid,2006-2010,1999,2010
GWM,HOVER,5653,HOVER,itdiag8-dotcom/database (vivid_cars2000.db),added_from_vivid,6857,Hover,derived_from_vehicle_variants,added_missing,None,2005,2007
Infiniti,EX,2270,Ex,original_db,existing,5047,EX,itdiag8-dotcom/database (vivid_cars2000.db),added_from_vivid,2007-2009,2007,2012
Infiniti,FX,2272,Fx,original_db,existing,5511,FX,itdiag8-dotcom/database (vivid_cars2000.db),added_from_vivid,2007-2012,2007,2013
Infiniti,QX50,2307,Qx50,original_db,existing,6428,QX50,itdiag8-dotcom/database (vivid_cars2000.db),added_from_vivid,2012,2012,2014
Infiniti,QX56,2309,Qx56,original_db,existing,5917,QX56,itdiag8-dotcom/database (vivid_cars2000.db),added_from_vivid,2009-2011,2009,2011
Infiniti,QX70,2312,Qx70,original_db,existing,6427,QX70,itdiag8-dotcom/database (vivid_cars2000.db),added_from_vivid,2012,2012,2014
Lamborghini,GALLARDO,2503,Gallardo,original_db,existing,5382,GALLARDO,itdiag8-dotcom/database (vivid_cars2000.db),added_from_vivid,2003-2011,2003,2012
Lotus,2 ELEVEN,6143,2 ELEVEN,itdiag8-dotcom/database (vivid_cars2000.db),added_from_vivid,2619,2 Eleven,gor3a/vehicle-makes-models,added_missing,2007-2015,2006,2015
Lotus,ELISE,2629,Elise,original_db,existing,5152,ELISE,itdiag8-dotcom/database (vivid_cars2000.db),added_from_vivid,2000-2006,1999,2011
Lotus,EVORA,2636,Evora,original_db,existing,4559,EVORA,itdiag8-dotcom/database (vivid_cars2000.db),added_from_vivid,2008-2009,2008,2010
Lotus,EXIGE,2638,Exige,original_db,existing,6283,EXIGE,itdiag8-dotcom/database (vivid_cars2000.db),added_from_vivid,2011,2004,2011
MG,MG3,3639,Mg3,original_db,existing,2983,MG3,DanielKohut/car-data,added_missing,,2013,2013
MG,MG6,3640,Mg6,original_db,existing,2985,MG6,DanielKohut/car-data,added_missing,,2011,2011
Mahindra,MAXX,5663,MAXX,itdiag8-dotcom/database (vivid_cars2000.db),added_from_vivid,2671,Maxx,DanielKohut/car-data,added_missing,,2000,2000
Mahindra,SCORPIO,2676,Scorpio,original_db,existing,5680,SCORPIO,itdiag8-dotcom/database (vivid_cars2000.db),added_from_vivid,2002,2002,2012
Pontiac,SOLSTICE,6792,Solstice,lemon.dogeware.me LEMON 2015,active,5794,SOLSTICE,itdiag8-dotcom/database (vivid_cars2000.db),added_from_vivid,2004,2004,2010
Tata,ARIA,4635,ARIA,itdiag8-dotcom/database (vivid_cars2000.db),added_from_vivid,3838,Aria,DanielKohut/car-data,added_missing,,2009,2009
