brand_id,brand_name
145,Citroën
68,Jmc
120,SATURN
124,SHELBY
117,Saic Mg
141,Volga
174,hernr_1138
171,hernr_1139
216,hernr_124
191,hernr_1280
204,hernr_1480
186,hernr_1490
173,hernr_1505
181,hernr_1506
178,hernr_1513
184,hernr_1516
150,hernr_1518
180,hernr_1520
154,hernr_1526
152,hernr_1533
163,hernr_1553
159,hernr_1556
162,hernr_1558
199,hernr_171
160,hernr_178
149,hernr_181
166,hernr_2164
222,hernr_2242
182,hernr_2589
183,hernr_2590
157,hernr_2755
169,hernr_2760
225,hernr_2852
211,hernr_2855
189,hernr_2857
197,hernr_2863
188,hernr_2864
206,hernr_2866
190,hernr_2867
151,hernr_2887
220,hernr_2888
192,hernr_2901
193,hernr_2902
172,hernr_2903
194,hernr_2904
195,hernr_2906
219,hernr_3035
198,hernr_3047
210,hernr_3070
227,hernr_3071
228,hernr_3076
179,hernr_3086
146,hernr_3122
213,hernr_3124
208,hernr_3127
201,hernr_3129
155,hernr_3130
214,hernr_3133
207,hernr_3137
170,hernr_3141
209,hernr_3156
203,hernr_3158
217,hernr_3208
196,hernr_3276
215,hernr_3297
224,hernr_3300
147,hernr_3332
164,hernr_3495
158,hernr_3497
202,hernr_3514
165,hernr_3652
226,hernr_3677
200,hernr_3697
229,hernr_3742
230,hernr_3762
223,hernr_3913
232,hernr_4176
233,hernr_4260
187,hernr_609
221,hernr_694
177,hernr_701
175,hernr_705
205,hernr_774
218,hernr_775
176,hernr_788
153,hernr_802
161,hernr_803
156,hernr_815
231,hernr_907
