brand_name,model_rows,7zap_slug,on_7zap
BMW,379,bmw,yes
Mercedes,359,mercedes,yes
Toyota,285,toyota,yes
Audi,279,audi,yes
Ford,264,ford,yes
Volkswagen,222,volkswagen,yes
Nissan,198,nissan,yes
Chevrolet,190,chevrolet,yes
Opel,159,opel,yes
Hyundai,148,hyundai,yes
Vauxhall,144,vauxhall,yes
Porsche,129,porsche,yes
Renault,127,renault,yes
Mitsubishi,126,mitsubishi,yes
Holden,122,holden,yes
Citroen,117,citroen,yes
Fiat,117,fiat,yes
Kia,117,kia,yes
Ferrari,115,ferrari,no
Peugeot,114,peugeot,yes
Mazda,109,mazda,yes
Honda,103,honda,yes
Chrysler,87,chrysler,yes
Aston Martin,78,aston-martin,no
Suzuki,73,suzuki,yes
Volvo,62,volvo,yes
GMC,61,gmc,yes
Daewoo,58,daewoo,yes
Bugatti,58,bugatti,no
Dodge,55,dodge,yes
Subaru,55,subaru,yes
Cadillac,54,cadillac,yes
Isuzu,54,isuzu,no
Mini,53,mini,yes
Seat,53,seat,yes
Buick,51,buick,yes
Infiniti,51,infiniti,yes
Alfa Romeo,49,alfa-romeo,yes
Lexus,48,lexus,yes
Bentley,45,bentley,no
Maserati,44,maserati,no
Alpina,41,alpina,no
Lancia,40,lancia,yes
Brilliance,40,brilliance,no
Jaguar,40,jaguar,no
MG,39,mg,yes
GWM,39,gwm,no
Land Rover,35,land-rover,no
Skoda,34,skoda,yes
Lotus,34,lotus,no
Tata,34,tata,no
Abarth,33,abarth,yes
Dacia,33,dacia,yes
Smart,33,smart,yes
Daihatsu,33,daihatsu,no
Mahindra,33,mahindra,no
Jeep,32,jeep,yes
McLaren,31,mclaren,no
Caterham,30,caterham,no
Chery,30,chery,no
Proton,30,proton,no
Acura,29,acura,no
Saturn,28,saturn,yes
Ssangyong,25,ssangyong,yes
Geely,25,geely,no
Lamborghini,25,lamborghini,no
Saab,24,saab,yes
Lincoln,18,lincoln,no
Maruti,16,maruti,no
Lada,15,vaz,yes
Pontiac,15,pontiac,yes
HSV,15,hsv,no
Iveco,14,iveco,no
BYD,13,byd,no
Foton,12,foton,no
Mercury,10,mercury,no
DS,9,ds,no
KTM,9,ktm,no
Mitsuoka,9,mitsuoka,no
Cupra,8,cupra,yes
GAZ,8,gaz,yes
Genesis,8,genesis,yes
Scion,8,scion,yes
Donkervoort,8,donkervoort,no
LDV,8,ldv,no
Morgan,8,morgan,no
Perodua,8,perodua,no
Piaggio,8,piaggio,no
Rover,8,rover,no
ZAZ,8,zaz,no
Rolls-Royce,7,rolls-royce,yes
Renault Samsung,7,renault-samsung,no
Tesla,7,tesla,no
Hummer,6,hummer,yes
Lifan,6,lifan,no
Lynk & Co,6,lynk-co,no
Gonow,5,gonow,no
Naza,5,naza,no
Polestar,5,polestar,no
Wiesmann,5,wiesmann,no
Alpine,4,alpine,yes
Ram,4,ram,yes
Dr Motor,4,dr-motor,no
Great Wall,4,great-wall,no
Spyker,4,spyker,no
UAZ,4,uaz,no
Dadi,3,dadi,no
Renault Trucks,3,renault-trucks,no
Saleen,3,saleen,no
Santana,3,santana,no
Shelby,3,shelby,no
Venturi,3,venturi,no
Chana,2,chana,no
Inokom,2,inokom,no
Ligier,2,ligier,no
Lti Vehicles,2,lti-vehicles,no
Luxgen,2,luxgen,no
Marcos,2,marcos,no
Saipa,2,saipa,no
Triumph,2,triumph,no
Troller,2,troller,no
Westfield,2,westfield,no
Zastava,2,zastava,no
Maybach,1,maybach,yes
AC,1,ac,no
Aixam,1,aixam,no
Artega,1,artega,no
BAW,1,baw,no
Baolong,1,baolong,no
Besturn,1,besturn,no
Dongfeng Fengxing,1,dongfeng-fengxing,no
Effedi,1,effedi,no
Eunos,1,eunos,no
Golden Dragon,1,golden-dragon,no
Hafei,1,hafei,no
Haima,1,haima,no
Higer,1,higer,no
Huanghai,1,huanghai,no
Ikco,1,ikco,no
JMC,1,jmc,no
Jinbei,1,jinbei,no
Landwind,1,landwind,no
Metrocab,1,metrocab,no
Mitsubishi Fuso,1,fuso,no
Oreion Motors,1,oreion-motors,no
Shuanghuan,1,shuanghuan,no
Soueast,1,soueast,no
