Make,Model,Generation,Variant,Year Range,Engine Code,ECU ID (Family),ECU Manufacturer,Powertrain,MCU Architecture,OBD Protocol,Programming Method,OBD Location,Diagnostic Notes,Origin Status
"Renault","Clio","Clio 2","1.2 8V","2000-2005","D7F","Sagem Safir 2","Sagem","Petrol","Motorola 68HC11","ISO 9141-2 (K-Line)","TMS374 Clock Bypass / EEPROM Programmer","Passenger compartment fusebox under dashboard","Port fuel injection. Safir 2 immo lock sync with UCH.","Original Reference"
"Renault","Clio","Clio 2","1.2 16V","2001-2005","D4F","Magneti Marelli 5NR","Magneti Marelli","Petrol","ST10F168 / Hybrid Substrate","ISO 9141-2 (K-Line)","EEPROM 95160 / Desolder","Passenger compartment fusebox","Hybrid ceramic ECU prone to ignition driver wire bonding failure.","Original Reference"
"Renault","Clio","Clio 2","1.4 16V","2000-2005","K4J","Siemens Sirius 32","Siemens","Petrol","Siemens C167CR / 29F200 Flash","ISO 9141-2 (K-Line)","OBD K-Line (MPPS/Kess) or 29F200 Programmer","Under center console ashtray","Immobilizer line on pin 58. Cable throttle version.","Original Reference"
"Renault","Clio","Clio 2","1.6 16V","2000-2005","K4M","Siemens Sirius 34","Siemens","Petrol","Siemens C167CR / 29F400 Flash","ISO 9141-2 (K-Line)","OBD K-Line / Flash Desolder","Center console beneath ashtray","Sirius 34 with electronic throttle and dual lambda control.","Original Reference"
"Renault","Clio","Clio 2","1.5 dCi (65hp)","2001-2005","K9K","Delphi DDCR","Delphi","Diesel","Motorola MPC555 / 29F200","KWP2000 / K-Line","OBD (MPPS/Galletto/Kess) or BDM","Center console below ashtray","Delphi common rail. 16-character injector IMA codes required after ECU swap.","Original Reference"
"Renault","Clio","Clio 2","1.5 dCi (80/100hp)","2003-2005","K9K","Delphi DCM1.2","Delphi","Diesel","Motorola MPC555","KWP2000 / CAN 500kbps","OBD (Kess/CMD) or BDM100","Center console below ashtray","Higher output intercooled variant with BorgWarner KP35 turbo.","Original Reference"
"Renault","Clio","Clio 2","2.0 RS 172","2000-2003","F4R","Siemens Sirius 32","Siemens","Petrol","C167CR + 29F200 Flash","ISO 9141-2 (K-Line)","OBD K-Line / 29F200 Flash Programmer","Under center console coin holder","Cable throttle body; intake manifold variable length plenum.","Original Reference"
"Renault","Clio","Clio 2","2.0 RS 182 / Trophy","2004-2005","F4R","Siemens Sirius 34","Siemens","Petrol","C167CR + 29F400 Flash","ISO 9141-2 / CAN","OBD R/W (MPPS/Kess) or Bench","Under center console coin tray","Electronic throttle fly-by-wire with 4-2-1 tuned stainless exhaust.","Added Variant (Post-2000)"
"Renault","Clio","Clio 2","3.0 V6 24V RS","2001-2005","L7X","Bosch ME7.4.6","Bosch","Petrol","Infineon C167CR / 29F400","ISO 9141-2 (K-Line)","OBD (Galletto/MPPS) or 29F400 programmer","Passenger side fuse box / center lower dash","Mid-engine rear-wheel drive. 230hp Phase 1 / 255hp Phase 2.","Added Variant (Post-2000)"
"Renault","Clio","Clio 3","1.2 16V (75hp)","2005-2012","D4F","Siemens SIM32","Siemens","Petrol","Renesas M32R","CAN Bus 500kbps (ISO 15765-4)","OBD (Kess/CMD) or Boot Mode","Lower center console near gear lever","Naturally aspirated multipoint fuel injection with CAN network.","Original Reference"
"Renault","Clio","Clio 3","1.2 TCE 100","2007-2012","D4Ft","Siemens SIM32","Siemens","Petrol","Renesas M32R / TriCore","CAN Bus 500kbps","OBD (Kess/Autotuner) or Boot","Lower center console under rubber pad","Turbocharged low-displacement engine with overboost function.","Original Reference"
"Renault","Clio","Clio 3","1.4 16V","2005-2009","K4J","Sagem S3000","Sagem","Petrol","Renesas SH7055","CAN Bus 500kbps","OBD (Kess/CMD) or JTAG","Lower center console behind plastic trim card","98hp naturally aspirated 16V engine.","Added Variant (Post-2000)"
"Renault","Clio","Clio 3","1.6 16V (110hp)","2005-2012","K4M","Sagem S3000","Sagem","Petrol","Renesas SH7055","CAN Bus 500kbps","OBD (Kess/CMD) or JTAG","Lower center console behind plastic trim card","Variable valve timing on intake camshaft with hydraulic dephaser.","Added Variant (Post-2000)"
"Renault","Clio","Clio 3","2.0 16V (140hp)","2006-2012","M4R","Continental EMS3110","Continental","Petrol","Infineon TriCore TC1766","CAN Bus UDS","OBD (Flex/Autotuner) or Boot","Lower center console","Nissan-derived MR20DE timing chain engine.","Added Variant (Post-2000)"
"Renault","Clio","Clio 3","1.5 dCi (68/86hp Euro 4)","2005-2009","K9K","Delphi DCM1.2","Delphi","Diesel","Motorola MPC555","CAN Bus 500kbps","OBD (Kess/MPPS) or BDM","Lower center console behind plastic trim","Wastegate turbo Delphi common rail injection.","Original Reference"
"Renault","Clio","Clio 3","1.5 dCi (88/105hp Euro 5)","2009-2012","K9K","Delphi DCM3.4","Delphi","Diesel","Renesas SH7058 / MPC5xx","CAN Bus 500kbps","OBD (Autotuner/Flex/Kess) or JTAG","Lower center console behind plastic trim","Equipped with DPF particulate filter and variable nozzle turbo.","Original Reference"
"Renault","Clio","Clio 3","2.0 RS 197 / 200","2006-2012","F4R","Sagem S3000","Sagem","Petrol","Renesas SH7058","CAN Bus 500kbps","OBD R/W (Autotuner/Kess/CMD) or JTAG","Center console lower trim panel","Naturally aspirated 7500rpm rev limit. Dual independent axis front suspension.","Original Reference"
"Renault","Clio","Clio 4","0.9 TCe 90","2012-2019","H4Bt","Bosch ME17.9.20","Bosch","Petrol","Infineon TriCore TC1724","CAN Bus UDS (ISO 14229)","OBD (Autotuner/Flex/Kess3) or Bench TriCore","Below heater controls in center console tray","3-cylinder turbo with low-inertia turbine.","Original Reference"
"Renault","Clio","Clio 4","1.2 16V (75hp)","2012-2018","D4F","Continental EMS3110","Continental","Petrol","Infineon TriCore TC1766","CAN Bus UDS","OBD or Bench TriCore","Center console below climate controls","Final production generation of the atmospheric D4F engine.","Original Reference"
"Renault","Clio","Clio 4","1.2 TCe 120","2012-2018","H5F","Continental EMS3150","Continental","Petrol","Infineon TriCore TC1767","CAN Bus UDS","OBD (Autotuner/Flex/CMD) or Bench","Center console front storage cubby","Direct injection turbo paired with 6-speed EDC or manual.","Original Reference"
"Renault","Clio","Clio 4","1.6 RS 200 / Trophy 220","2013-2019","M5M","Continental EMS3155","Continental","Petrol","Infineon TriCore TC1782","CAN Bus UDS","OBD R/W (Autotuner/Flex) or Bench","Center console front storage cubby","Direct injection turbo with Launch Control and Getrag EDC dual clutch.","Original Reference"
"Renault","Clio","Clio 4","1.5 dCi (75/90hp Euro 5)","2012-2015","K9K","Bosch EDC17C42","Bosch","Diesel","Infineon TriCore TC1767","CAN Bus UDS","OBD Read/Write or Bench TriCore","Center lower dashboard compartment","Euro 5 DPF common rail with Bosch solenoid injectors.","Original Reference"
"Renault","Clio","Clio 4","1.5 dCi (90/110hp Euro 6)","2015-2019","K9K","Bosch EDC17C84","Bosch","Diesel","Infineon TriCore TC1782","CAN Bus UDS","OBD or Bench TriCore","Center lower dashboard compartment","Euro 6 LNT lean NOx trap catalyst management.","Original Reference"
"Renault","Clio","Clio 5","1.0 SCe 65/75","2019-Present","B4D","Continental EMS3140","Continental","Petrol","Infineon TriCore Aurix TC277","CAN FD / UDS with SGW","Bench / OBD with Gateway Unlock","Driver side lower dashboard trim near OBD access door","3-cylinder naturally aspirated. Renault Security Gateway (SGW) protected.","Original Reference"
"Renault","Clio","Clio 5","1.0 TCe 90/100","2019-Present","H4D","Continental EMS3160","Continental","Petrol","Infineon TriCore Aurix TC297","CAN FD / UDS with SGW","Bench / OBD with Gateway Token","Driver lower dashboard near bonnet release","Electronic wastegate turbo with mirror bore coating.","Original Reference"
"Renault","Clio","Clio 5","1.3 TCe 130 EDC","2019-Present","H5H","Bosch EMS3160","Bosch","Petrol","Infineon TriCore Aurix","CAN FD / UDS","Bench Mode / OBD with Security Bypass","Driver footwell left side kick panel","Direct injection 250-bar fuel system co-developed with Daimler.","Original Reference"
"Renault","Clio","Clio 5","1.6 E-Tech 140/145 Hybrid","2020-Present","H4M","Bosch / Continental Hybrid ECU","Bosch","Hybrid","Infineon Aurix Safety Controller","CAN FD / UDS (SGW Firewall)","CLIP Online with SGW Token / DoIP","Driver lower dashboard beneath steering column","Multi-mode dog-clutch gearbox with two electric motor generators.","Added Variant (Post-2000)"
"Renault","Clio","Clio 5","1.5 Blue dCi 85/115","2019-Present","K9K","Bosch MD1CS006","Bosch","Diesel","Infineon Aurix TC298TP HSM","CAN FD / UDS","Bench Mode (MD1 Unlock) / Autotuner / Flex","Driver lower dash panel","SCR AdBlue system with heated urea lines and NOx sensors.","Original Reference"
"Renault","Megane","Megane 1","1.4 16V","2000-2003","K4J","Siemens Sirius 32","Siemens","Petrol","Siemens C167 + 29F200 Flash","ISO 9141-2 K-Line","OBD K-Line / EPROM Programmer","Inside dashboard fuse box to the left of steering wheel","Single ignition coil rail with 4 plug boots.","Original Reference"
"Renault","Megane","Megane 1","1.6 16V","2000-2003","K4M","Siemens Sirius 32","Siemens","Petrol","Siemens C167 + 29F200 Flash","ISO 9141-2 K-Line","OBD K-Line / 29F200 Flash Programmer","Fuse box under steering column left","Common pencil coil failure and crank sensor signal dropout.","Original Reference"
"Renault","Megane","Megane 1","2.0 16V IDE","2000-2003","F5R","Siemens Sirius 34","Siemens","Petrol","C167CR + 29F400 Flash","ISO 9141-2 K-Line","OBD K-Line / Programmer","Left side dashboard fuse box","Early direct injection gasoline 140hp with high pressure fuel rail.","Added Variant (Post-2000)"
"Renault","Megane","Megane 1","1.9 dCi","2000-2003","F9Q","Bosch EDC15C3","Bosch","Diesel","Infineon C167 + 29F400BT","ISO 9141-2 K-Line","OBD (MPPS/Kess) or 29F400 desolder","Dashboard fuse box lower left","First generation common rail turbo diesel.","Added Variant (Post-2000)"
"Renault","Megane","Megane 2","1.4 16V (98hp)","2002-2008","K4J","Sagem S3000","Sagem","Petrol","Renesas SH7055","CAN Bus 500kbps","OBD R/W (Kess/CMD/MPPS) or JTAG","Under card reader slot in center console","Electronic card ignition and electric steering column lock (ESCL).","Added Variant (Post-2000)"
"Renault","Megane","Megane 2","1.6 16V (115hp)","2002-2008","K4M","Sagem S3000","Sagem","Petrol","Renesas SH7055","CAN Bus 500kbps","OBD R/W or JTAG","Under card reader slot in center console","Intake variable camshaft dephaser rattle on cold startup.","Added Variant (Post-2000)"
"Renault","Megane","Megane 2","2.0 16V (136hp)","2002-2008","F4R","Sagem S3000","Sagem","Petrol","Renesas SH7055","CAN Bus 500kbps","OBD R/W or JTAG","Center console under card reader","Naturally aspirated 2.0 paired with 6-speed manual ND0.","Added Variant (Post-2000)"
"Renault","Megane","Megane 2","2.0 RS 225 / F1 R26","2004-2009","F4Rt","Sagem S3000","Sagem","Petrol","Renesas SH7055 / SH7058","CAN Bus 500kbps","OBD (Autotuner/Kess/CMD) or JTAG","Center console under card reader slot","Turbocharged F4R with forged internals and TD04 twin-scroll turbo.","Added Variant (Post-2000)"
"Renault","Megane","Megane 2","1.5 dCi (82/86/106hp)","2002-2008","K9K","Delphi DCM1.2","Delphi","Diesel","Motorola MPC555","CAN Bus 500kbps","OBD R/W (MPPS/Kess) or BDM100","Under card reader in center console","Requires 16-character injector coding after ECU swap.","Original Reference"
"Renault","Megane","Megane 2","1.9 dCi (120/130hp)","2003-2008","F9Q","Bosch EDC16C3","Bosch","Diesel","Motorola MPC556","CAN Bus 500kbps","BDM100 or OBD (Kess/CMD/MPPS)","Center console tray under radio/card slot","Garrett GT1749V variable turbo; conrod bearing shells wear at high mileage.","Original Reference"
"Renault","Megane","Megane 2","2.0 dCi (150/175hp RS)","2005-2008","M9R","Bosch EDC16C36","Bosch","Diesel","Motorola MPC562","CAN Bus 500kbps","BDM100 or OBD (Kess/CMD)","Center console tray under card reader","Chain-driven DOHC with Bosch piezo 1600 bar injection.","Original Reference"
"Renault","Megane","Megane 3","1.6 16V (100/110hp)","2008-2016","K4M","Continental EMS3110","Continental","Petrol","Infineon TriCore TC1766","CAN Bus UDS","OBD (Autotuner/Flex) or Boot","Center console beneath armrest cubby","Multipoint electronic fuel injection with electronic throttle.","Added Variant (Post-2000)"
"Renault","Megane","Megane 3","1.4 TCe 130","2009-2013","H4J","Continental EMS3110","Continental","Petrol","Infineon TriCore TC1766","CAN Bus UDS","OBD (Autotuner/Flex) or Boot","Under front console rubber mat","Port fuel injected turbo with dual overhead cams.","Added Variant (Post-2000)"
"Renault","Megane","Megane 3","1.2 TCe 115/130","2012-2016","H5F","Continental EMS3150","Continental","Petrol","Infineon TriCore TC1767","CAN Bus UDS","OBD or Bench TriCore","Center console underneath front rubber mat","Direct injection turbo with high pressure common rail pump.","Added Variant (Post-2000)"
"Renault","Megane","Megane 3","2.0 16V CVT (140hp)","2008-2016","M4R","Continental EMS3110","Continental","Petrol","Infineon TriCore TC1766","CAN Bus UDS","OBD (Autotuner/Flex) or Boot","Center console beneath armrest","Paired with Nissan X-Tronic CVT transmission.","Added Variant (Post-2000)"
"Renault","Megane","Megane 3","2.0 RS 250 / 265 / 275 Trophy","2009-2016","F4Rt","Continental EMS3110","Continental","Petrol","Infineon TriCore TC1766","CAN Bus UDS","OBD R/W (Autotuner/Flex/CMD) or Boot","Center console beneath armrest cubby","Twin-scroll turbo, RS Monitor, mechanical Drexler/Quaife differential option.","Original Reference"
"Renault","Megane","Megane 3","1.5 dCi (90/110hp)","2008-2016","K9K","Continental SID305","Continental","Diesel","Infineon TriCore TC1766","CAN Bus UDS","OBD or Boot Tricore (Password Read)","Center console underneath front rubber mat","Continental piezo common rail. TriCore boot password protected.","Original Reference"
"Renault","Megane","Megane 3","1.6 dCi 130","2011-2016","R9M","Bosch EDC17C42","Bosch","Diesel","Infineon TriCore TC1767","CAN Bus UDS","OBD (Flex/Autotuner) or Bench","Center console under coin mat","Energy dCi 130 with dual EGR (high and low pressure).","Added Variant (Post-2000)"
"Renault","Megane","Megane 3","1.9 dCi 130","2008-2011","F9Q","Bosch EDC16C36","Bosch","Diesel","Motorola MPC562","CAN Bus UDS","OBD R/W or BDM100","Center console under front rubber pad","Final production phase of the 1.9 dCi with factory DPF.","Added Variant (Post-2000)"
"Renault","Megane","Megane 3","2.0 dCi 160 GT","2009-2016","M9R","Bosch EDC17CP58","Bosch","Diesel","Infineon TriCore TC1793","CAN Bus UDS","OBD / Bench TriCore","Center console underneath armrest","Chain driven 160hp GT diesel paired with 6-speed manual or automatic.","Added Variant (Post-2000)"
"Renault","Megane","Megane 4","1.2 TCe 100/130","2016-2018","H5F","Continental EMS3155","Continental","Petrol","Infineon TriCore TC1782","CAN Bus UDS","OBD (Autotuner/Flex) or Bench","Under dashboard left side near hood release","Direct injection turbo petrol.","Original Reference"
"Renault","Megane","Megane 4","1.3 TCe 115/140/160","2018-Present","H5H","Bosch EMS3160","Bosch","Petrol","Infineon TriCore Aurix","CAN FD / UDS with SGW","Bench / OBD with Gateway Access","Driver footwell left side trim panel","Equipped with gasoline particulate filter (GPF) and dual VVT.","Original Reference"
"Renault","Megane","Megane 4","1.8 RS 280 / 300 Trophy","2018-Present","M5Pt","Continental EMS3155","Continental","Petrol","Infineon TriCore TC1782","CAN Bus UDS","OBD R/W (Autotuner/Flex) or Bench","Lower dash trim driver side","Ceramic ball bearing turbo with 4Control 4-wheel steering.","Original Reference"
"Renault","Megane","Megane 4","1.5 dCi 90/110","2016-2018","K9K","Bosch EDC17C84","Bosch","Diesel","Infineon TriCore TC1782","CAN Bus UDS","OBD or Bench TriCore","Under dashboard left side near bonnet release","Lean NOx trap Euro 6b diesel.","Added Variant (Post-2000)"
"Renault","Megane","Megane 4","1.5 Blue dCi 95/115","2018-Present","K9K","Bosch MD1CS006","Bosch","Diesel","Infineon Aurix TC298TP","CAN FD / UDS","Bench Mode (MD1 Unlock) / Autotuner","Driver footwell left side OBD port","SCR AdBlue dosing system with twin NOx sensors.","Added Variant (Post-2000)"
"Renault","Megane","Megane 4","1.6 dCi 130 / 165 Bi-Turbo","2016-2019","R9M","Bosch EDC17C84","Bosch","Diesel","Infineon TriCore TC1782","CAN Bus UDS","OBD / Bench TriCore","Under dashboard driver side","Sequential twin-turbo with low-pressure and high-pressure stages.","Added Variant (Post-2000)"
"Renault","Megane","Megane 4","1.6 E-Tech Plug-in Hybrid 160","2020-Present","H4M","Bosch / Continental Hybrid ECU","Bosch","Hybrid","Infineon Aurix Safety Core","CAN FD / UDS (SGW Firewall)","CLIP Online with SGW Token / DoIP","Driver footwell OBD diagnostic port","9.8kWh battery with clutchless multi-mode gearbox.","Added Variant (Post-2000)"
"Renault","Megane","Megane E-Tech","Electric (EV40 / EV60)","2021-Present","6AM","Electric Drive Unit","Valeo","Electric","Infineon Aurix Multi-Core","DoIP / CAN FD (UDS)","OEM Renault CLIP Online / DoIP Diagnostics","Under steering column driver footwell","CMF-EV architecture. Electrically excited synchronous motor.","Original Reference"
"Renault","Scenic","Scenic 1 Phase 2","1.4 16V","2000-2003","K4J","Siemens Sirius 32","Siemens","Petrol","Infineon C167 + 29F200","ISO 9141-2 K-Line","OBD (MPPS/Galletto) or Flash Desolder","Inside dashboard fuse box to the left of steering wheel","Phase 2 facelift. Sirius 32 immo line on pin 58.","Added Variant (Post-2000)"
"Renault","Scenic","Scenic 1 Phase 2","1.6 16V","2000-2003","K4M","Siemens Sirius 32","Siemens","Petrol","Infineon C167 + 29F200","ISO 9141-2 K-Line","OBD (MPPS/Kess) or EPROM Programmer","Dashboard fuse box lower left","Cable throttle body with separate idle air control valve (IACV).","Added Variant (Post-2000)"
"Renault","Scenic","Scenic 1 Phase 2","1.8 16V","2000-2003","F4P","Siemens Sirius 34","Siemens","Petrol","Infineon C167 + 29F400","ISO 9141-2 K-Line","OBD K-Line or 29F400 Programmer","Fuse box below steering column","Electronic throttle version of Sirius ECU.","Added Variant (Post-2000)"
"Renault","Scenic","Scenic 1 Phase 2","2.0 16V / RX4 4x4","2000-2003","F4R","Siemens Sirius 34","Siemens","Petrol","Infineon C167 + 29F400","ISO 9141-2 K-Line","OBD K-Line / Flash Desolder","Dashboard fuse box lower left","RX4 AWD features viscous coupling built by Steyr-Daimler-Puch.","Added Variant (Post-2000)"
"Renault","Scenic","Scenic 1 Phase 2","1.9 dCi","2000-2003","F9Q","Bosch EDC15C3","Bosch","Diesel","Infineon C167 + 29F400BT","ISO 9141-2 K-Line","OBD (MPPS/Kess) or 29F400 Socket","Fuse box left of steering wheel","102hp common rail direct injection turbo diesel.","Added Variant (Post-2000)"
"Renault","Scenic","Scenic 2 / Grand Scenic","1.4 16V (98hp)","2003-2008","K4J","Sagem S3000","Sagem","Petrol","Renesas SH7055","CAN Bus 500kbps","OBD (Kess/CMD/MPPS) or JTAG","Center console between front seats under sliding storage box","Instrument cluster digital display MOSFET transistor failure causes complete blank screen.","Added Variant (Post-2000)"
"Renault","Scenic","Scenic 2 / Grand Scenic","1.6 16V (115hp)","2003-2009","K4M","Sagem S3000","Sagem","Petrol","Renesas SH7055","CAN Bus 500kbps","OBD (Kess/CMD) or JTAG","Center console under sliding central cubby floor","Camshaft dephaser pulley failure causes diesel-like rattle on cold start.","Added Variant (Post-2000)"
"Renault","Scenic","Scenic 2 / Grand Scenic","2.0 16V (136hp)","2003-2009","F4R","Sagem S3000","Sagem","Petrol","Renesas SH7055","CAN Bus 500kbps","OBD R/W or JTAG","Under sliding center console floor lid","Paired with 6-speed manual or DP0 4-speed automatic.","Added Variant (Post-2000)"
"Renault","Scenic","Scenic 2 / Grand Scenic","2.0 16V Turbo (163hp)","2004-2008","F4Rt","Sagem S3000","Sagem","Petrol","Renesas SH7055 / SH7058","CAN Bus 500kbps","OBD (Autotuner/Kess/CMD) or JTAG","Under sliding armrest central cubby floor","Low-pressure turbo delivering 270Nm torque from 2000rpm.","Added Variant (Post-2000)"
"Renault","Scenic","Scenic 2 / Grand Scenic","1.5 dCi (86/106hp)","2003-2009","K9K","Delphi DCM1.2","Delphi","Diesel","Motorola MPC555","CAN Bus 500kbps","OBD R/W (MPPS/Kess) or BDM","Under sliding center console floor lid","Injector code reprogramming mandatory with CLIP after ECU change.","Added Variant (Post-2000)"
"Renault","Scenic","Scenic 2 / Grand Scenic","1.9 dCi (120/130hp)","2003-2009","F9Q","Bosch EDC16C3","Bosch","Diesel","Motorola MPC556","CAN Bus 500kbps","BDM100 or OBD (Kess/CMD)","Under sliding center console floor lid","Turbocharger oil feed pipe filter clogging can cause turbo seizure.","Added Variant (Post-2000)"
"Renault","Scenic","Scenic 2 / Grand Scenic","2.0 dCi (150hp)","2006-2009","M9R","Bosch EDC16CP33","Bosch","Diesel","Motorola MPC562","CAN Bus 500kbps","OBD R/W or BDM100","Under sliding center armrest box","Bosch piezo injectors; timing chain driven DOHC.","Added Variant (Post-2000)"
"Renault","Scenic","Scenic 3","1.6 16V (110hp)","2009-2016","K4M","Continental EMS3110","Continental","Petrol","Infineon TriCore TC1766","CAN Bus UDS","OBD (Autotuner/Flex) or Boot","Under steering column behind plastic pull-out tray","Naturally aspirated multipoint injection.","Added Variant (Post-2000)"
"Renault","Scenic","Scenic 3","1.4 TCe 130","2009-2013","H4J","Continental EMS3110","Continental","Petrol","Infineon TriCore TC1766","CAN Bus UDS","OBD (Autotuner/Flex) or Boot","Under steering column pull-out tray","Port injection turbo mated to 6-speed manual.","Added Variant (Post-2000)"
"Renault","Scenic","Scenic 3","1.2 TCe 115/130","2012-2016","H5F","Continental EMS3150","Continental","Petrol","Infineon TriCore TC1767","CAN Bus UDS","OBD or Bench TriCore","Under steering column driver side","Direct injection turbo petrol.","Added Variant (Post-2000)"
"Renault","Scenic","Scenic 3","2.0 16V CVT (140hp)","2009-2016","M4R","Continental EMS3110","Continental","Petrol","Infineon TriCore TC1766","CAN Bus UDS","OBD (Autotuner/Flex) or Boot","Under steering column driver dashboard","Nissan CVT transmission integration.","Added Variant (Post-2000)"
"Renault","Scenic","Scenic 3","1.5 dCi (95/110hp)","2009-2016","K9K","Continental SID305","Continental","Diesel","Infineon TriCore TC1766","CAN Bus UDS","OBD or Boot Tricore (Password Read)","Under steering column behind plastic pull-out tray","Continental common rail piezo system.","Added Variant (Post-2000)"
"Renault","Scenic","Scenic 3","1.6 dCi 130","2011-2016","R9M","Bosch EDC17C42","Bosch","Diesel","Infineon TriCore TC1767","CAN Bus UDS","OBD (Kess/Flex/Autotuner) or Bench","Under steering column behind plastic pull-out tray","Energy dCi 130 with low-pressure and high-pressure EGR.","Original Reference"
"Renault","Scenic","Scenic 3","1.9 dCi 130","2009-2011","F9Q","Bosch EDC16C36","Bosch","Diesel","Motorola MPC562","CAN Bus UDS","OBD R/W or BDM100","Under steering column behind tray","Equipped with closed-loop DPF filter.","Added Variant (Post-2000)"
"Renault","Scenic","Scenic 3","2.0 dCi (150/160hp)","2009-2016","M9R","Bosch EDC17CP58","Bosch","Diesel","Infineon TriCore TC1793","CAN Bus UDS","OBD / Bench TriCore","Under steering column behind tray","Automatic gearbox AJ0 paired with 150hp tune; manual with 160hp.","Added Variant (Post-2000)"
"Renault","Scenic","Scenic 4","1.2 TCe 115/130","2016-2018","H5F","Continental EMS3155","Continental","Petrol","Infineon TriCore TC1782","CAN Bus UDS","OBD (Autotuner/Flex) or Bench","Under glove box or driver knee bolster","Direct injection turbo with variable oil pump.","Added Variant (Post-2000)"
"Renault","Scenic","Scenic 4","1.3 TCe 115/140/160","2018-2022","H5H","Bosch EMS3160","Bosch","Petrol","Infineon TriCore Aurix","CAN FD / UDS with SGW","Bench / OBD with Gateway Access","Driver footwell lower trim","Gasoline particulate filter (GPF) equipped.","Added Variant (Post-2000)"
"Renault","Scenic","Scenic 4","1.5 dCi 110 / Hybrid Assist","2016-2018","K9K","Bosch EDC17C84","Bosch","Diesel","Infineon TriCore TC1782","CAN Bus UDS","OBD or Bench TriCore","Driver knee bolster","Available with 48V electric assist starter generator.","Added Variant (Post-2000)"
"Renault","Scenic","Scenic 4","1.6 dCi 130/160 Bi-Turbo","2016-2018","R9M","Bosch EDC17C84","Bosch","Diesel","Infineon TriCore TC1782","CAN Bus UDS","OBD or Bench TriCore","Driver knee bolster","Bi-turbo sequential diesel on 160hp version.","Added Variant (Post-2000)"
"Renault","Scenic","Scenic 4","1.7 Blue dCi 120/150","2018-2022","R9N","Bosch EDC17C84","Bosch","Diesel","Infineon TriCore TC1782","CAN Bus UDS","OBD / Bench TriCore","Under glove box or driver knee bolster","Blue dCi with SCR AdBlue catalytic reduction.","Original Reference"
"Renault","Laguna","Laguna 2","1.6 16V (107/112hp)","2001-2007","K4M","Siemens Sirius 32","Siemens","Petrol","Siemens C167 + 29F200","ISO 9141-2 K-Line","OBD K-Line (MPPS/Kess) or 29F200 programmer","Behind center console ashtray","Renault keycard system and electric steering column lock.","Added Variant (Post-2000)"
"Renault","Laguna","Laguna 2","1.8 16V (120hp)","2001-2005","F4P","Sagem S3000","Sagem","Petrol","Renesas SH7055","CAN Bus 500kbps","OBD (Kess/CMD) or JTAG","Behind center console ashtray","Variable valve timing with hydraulic solenoid.","Added Variant (Post-2000)"
"Renault","Laguna","Laguna 2","2.0 16V (135hp)","2002-2007","F4R","Sagem S3000","Sagem","Petrol","Renesas SH7055","CAN Bus 500kbps","OBD R/W or JTAG","Behind center console ashtray","Multipoint injection paired with manual or 4-speed automatic.","Added Variant (Post-2000)"
"Renault","Laguna","Laguna 2","2.0 IDE (140hp Direct Inj)","2001-2003","F5R","Siemens Sirius 34","Siemens","Petrol","C167CR + 29F400 Flash","ISO 9141-2 K-Line","OBD K-Line / EPROM Programmer","Under front ashtray insert","Early direct injection gasoline; fuel pressure regulator prone to leaking.","Added Variant (Post-2000)"
"Renault","Laguna","Laguna 2","2.0 16V Turbo (163/170/205hp GT)","2003-2007","F4Rt","Sagem S3000","Sagem","Petrol","Renesas SH7055 / SH7058","CAN Bus 500kbps","OBD (Autotuner/Kess/CMD) or JTAG","Under center console ashtray","GT 205hp version features Laguna RS detuned engine.","Added Variant (Post-2000)"
"Renault","Laguna","Laguna 2","3.0 V6 24V (207hp)","2001-2007","L7X","Bosch ME7.4.6","Bosch","Petrol","Infineon C167CR / 29F400","ISO 9141-2 (K-Line)","OBD (Galletto/MPPS) or 29F400 programmer","Under center console ashtray","PSA-Renault ES9/L7X V6 paired with 5-speed Aisin automatic.","Added Variant (Post-2000)"
"Renault","Laguna","Laguna 2","1.9 dCi (100/120hp Phase 1)","2001-2005","F9Q","Bosch EDC15C3","Bosch","Diesel","Infineon C167 + 29F400","ISO 9141-2 K-Line","OBD (MPPS/Kess) or 29F400 Desolder","Center console behind ashtray / card slot","Common rail Bosch CP1 pump and solenoid injectors.","Original Reference"
"Renault","Laguna","Laguna 2","1.9 dCi (130hp Phase 2)","2005-2007","F9Q","Bosch EDC16C3","Bosch","Diesel","Motorola MPC556","CAN Bus 500kbps","BDM100 or OBD (Kess/CMD)","Behind center console ashtray","Phase 2 CAN bus architecture with optional DPF.","Original Reference"
"Renault","Laguna","Laguna 2","2.0 dCi (150/175hp Phase 2)","2005-2007","M9R","Bosch EDC16CP33","Bosch","Diesel","Motorola MPC562","CAN Bus 500kbps","OBD R/W or BDM100","Behind center console ashtray","Chain-driven timing; 175hp GT diesel was fastest diesel in class.","Added Variant (Post-2000)"
"Renault","Laguna","Laguna 2","2.2 dCi (150hp)","2001-2006","G9T","Bosch EDC15C3","Bosch","Diesel","Infineon C167 + 29F400","ISO 9141-2 K-Line","OBD (MPPS/Kess) or BDM","Behind center console ashtray","Cascade gear drive and hydraulic valve lifters.","Added Variant (Post-2000)"
"Renault","Laguna","Laguna 3","1.6 16V (110hp)","2007-2013","K4M","Continental EMS3110","Continental","Petrol","Infineon TriCore TC1766","CAN Bus UDS","OBD (Autotuner/Flex) or Boot","Armrest center console storage bin bottom","Multipoint injection with electronic throttle.","Added Variant (Post-2000)"
"Renault","Laguna","Laguna 3","2.0 16V (140hp)","2007-2015","M4R","Continental EMS3110","Continental","Petrol","Infineon TriCore TC1766","CAN Bus UDS","OBD (Autotuner/Flex) or Boot","Center console storage box bottom lid","Nissan MR20DE timing chain engine.","Added Variant (Post-2000)"
"Renault","Laguna","Laguna 3 / Coupe","2.0 Turbo GT 205","2008-2015","F4Rt","Continental EMS3110","Continental","Petrol","Infineon TriCore TC1766","CAN Bus UDS","OBD R/W (Autotuner/Flex/CMD) or Boot","Armrest center console storage bin bottom","Features 4Control 4-wheel active steering.","Added Variant (Post-2000)"
"Renault","Laguna","Laguna 3 / Coupe","3.5 V6 24V (240hp)","2008-2015","V4Y","Hitachi MEC","Hitachi","Petrol","Hitachi SuperH SH7058","CAN Bus UDS","OBD (PCMFlash/Flex/BitBox) or Bench","Center console storage bin under removable mat","Nissan VQ35DE mated to 6-speed automatic AJ0.","Added Variant (Post-2000)"
"Renault","Laguna","Laguna 3","1.5 dCi 110","2007-2015","K9K","Continental SID305","Continental","Diesel","Infineon TriCore TC1766","CAN Bus UDS","OBD or Boot Tricore (Password Read)","Center console storage box bottom lid","Economy model with fuel consumption under 4.5L/100km.","Added Variant (Post-2000)"
"Renault","Laguna","Laguna 3","2.0 dCi (130/150hp)","2007-2010","M9R","Bosch EDC16C36","Bosch","Diesel","Motorola MPC562","CAN Bus UDS","OBD R/W or BDM100","Center console storage box bottom lid","Extremely reliable timing chain diesel with Bosch piezo injectors.","Original Reference"
"Renault","Laguna","Laguna 3 / Coupe","2.0 dCi 175/180 GT 4Control","2008-2015","M9R","Bosch EDC17CP58","Bosch","Diesel","Infineon TriCore TC1793","CAN Bus UDS","OBD / Bench TriCore","Center console storage box bottom lid","Variable geometry water-cooled Garrett turbo with 4Control.","Original Reference"
"Renault","Laguna","Laguna 3 / Coupe","3.0 dCi V6 240","2008-2015","V9X","Bosch EDC17CP20","Bosch","Diesel","Infineon TriCore TC1796","CAN Bus UDS","OBD R/W or Bench Mode","Center console storage bin floor","Compacted graphite iron (CGI) block 65-degree V6 delivering 450Nm.","Added Variant (Post-2000)"
"Renault","Espace","Espace 4","2.0 16V (136hp)","2002-2008","F4R","Sagem S3000","Sagem","Petrol","Renesas SH7055","CAN Bus 500kbps","OBD R/W or JTAG","Floor trapdoor in front passenger footwell","Naturally aspirated port injection.","Added Variant (Post-2000)"
"Renault","Espace","Espace 4","2.0 16V Turbo (163/170hp)","2002-2014","F4Rt","Sagem S3000","Sagem","Petrol","Renesas SH7055","CAN Bus 500kbps","OBD R/W or JTAG","Floor trapdoor in front passenger footwell","Smooth low pressure turbocharger with intercooler.","Added Variant (Post-2000)"
"Renault","Espace","Espace 4","3.5 V6 24V (241hp)","2002-2014","V4Y","Hitachi MEC","Hitachi","Petrol","Hitachi SH7058","CAN Bus 500kbps","OBD (PCMFlash/Flex) or Bench","Floor trapdoor in front passenger footwell","Nissan VQ35DE V6 engine with 5-speed automatic SU1.","Added Variant (Post-2000)"
"Renault","Espace","Espace 4","1.9 dCi (120hp)","2002-2006","F9Q","Bosch EDC15C3","Bosch","Diesel","Infineon C167 + 29F400","ISO 9141-2 K-Line","OBD (MPPS/Kess) or Flash Desolder","Floor trapdoor in front passenger footwell","Underpowered for vehicle weight; frequent EGR valve clogging.","Added Variant (Post-2000)"
"Renault","Espace","Espace 4","2.0 dCi (130/150/175hp)","2006-2014","M9R","Bosch EDC16CP33","Bosch","Diesel","Motorola MPC562","CAN Bus 500kbps","OBD R/W or BDM100","Floor trapdoor in front passenger footwell","Timing chain DOHC; best engine option in Espace 4 line.","Original Reference"
"Renault","Espace","Espace 4","2.2 dCi (150hp)","2002-2006","G9T","Bosch EDC15C3","Bosch","Diesel","Infineon C167 + 29F400","ISO 9141-2 K-Line","OBD (MPPS/Kess) or BDM","Floor trapdoor in front passenger footwell","Cascade gear timing; prone to rocker arm and balance shaft failures.","Original Reference"
"Renault","Espace","Espace 4","3.0 dCi V6 (180hp Isuzu)","2002-2008","P9X","Denso D-4D","Denso","Diesel","Denso Dual CPU","K-Line (ISO 9141-2)","Desolder / Specialized Denso JTAG","Floor trapdoor in front passenger footwell","Prone to dropped wet cylinder liners causing overheating.","Added Variant (Post-2000)"
"Renault","Espace","Espace 5","1.6 TCe 200 EDC","2015-2017","M5M","Continental EMS3155","Continental","Petrol","Infineon TriCore TC1782","CAN Bus UDS","OBD R/W (Autotuner/Flex) or Bench","Driver footwell left side trim panel","Direct injection turbo paired with 7-speed EDC gearbox.","Added Variant (Post-2000)"
"Renault","Espace","Espace 5","1.8 TCe 225 EDC","2017-2020","M5Pt","Continental EMS3155","Continental","Petrol","Infineon TriCore TC1782","CAN Bus UDS","OBD R/W or Bench","Driver footwell left side trim panel","Alpine A110 derived engine with 225hp / 300Nm.","Added Variant (Post-2000)"
"Renault","Espace","Espace 5","1.6 dCi 130/160 Bi-Turbo","2015-2018","R9M","Bosch EDC17C84","Bosch","Diesel","Infineon TriCore TC1782","CAN Bus UDS","OBD / Bench TriCore","Driver footwell left side trim panel","Twin-turbo sequential with low-pressure EGR.","Original Reference"
"Renault","Espace","Espace 5","2.0 Blue dCi 160/200 EDC","2018-2022","M9R","Bosch EDC17C84","Bosch","Diesel","Infineon TriCore TC1782","CAN Bus UDS","OBD / Bench TriCore","Driver footwell left side trim panel","SCR AdBlue metering with twin catalytic converters.","Original Reference"
"Renault","Espace","Espace 6","1.2 E-Tech Full Hybrid 200","2023-Present","HR12","Bosch MG1CS021","Bosch","Hybrid","Infineon Aurix TC3xx","CAN FD / DoIP","OEM Online CLIP / DoIP","Under steering column driver side","3-cylinder Miller-cycle turbo hybrid with clutchless multi-mode gearbox.","Original Reference"
"Renault","Arkana","Arkana","1.3 TCe 140/160 Mild Hybrid","2019-Present","H5Ht","Bosch EMS3160","Bosch","Hybrid","Infineon TriCore Aurix","CAN FD / UDS","Bench / OBD with Gateway Token","Under steering column lower trim","12V micro-hybrid lithium-ion under passenger seat.","Original Reference"
"Renault","Arkana","Arkana","1.6 E-Tech 145 Full Hybrid","2021-Present","H4M","Bosch Hybrid HCU","Bosch","Hybrid","Infineon Aurix Safety Controller","CAN FD / UDS","OBD Diagnostics with SGW Unlock","Driver footwell left kick panel","Dog-ring transmission with secondary high-voltage starter generator.","Original Reference"
"Renault","Austral","Austral","1.2 TCe Full Hybrid 200","2022-Present","HR12","Bosch MG1CS021","Bosch","Hybrid","Infineon Aurix TC3xx HSM","CAN FD / DoIP","Bench (Aurix TC3xx) / OEM Online","Under driver dashboard left side","3-cylinder variable geometry turbo Miller cycle engine.","Original Reference"
"Renault","Austral","Austral","1.3 TCe 140/160 Mild Hybrid","2022-Present","H5Ht","Bosch EMS3160","Bosch","Hybrid","Infineon Aurix","CAN FD / UDS","Bench / OBD with Gateway Access","Under steering column","12V mild hybrid with X-Tronic CVT gearbox option.","Original Reference"
"Renault","Rafale","Rafale","1.2 TCe Full Hybrid 200 / 300 4x4","2024-Present","HR12","Bosch MG1CS021","Bosch","Hybrid","Infineon Aurix TC3xx","CAN FD / DoIP","OEM Online CLIP / Authenticated SGW","Driver footwell OBD diagnostic port","Flagship crossover coupe with optional rear-axle electric motor.","Original Reference"
"Renault","Captur","Captur 1","0.9 TCe 90","2013-2019","H4Bt","Bosch ME17.9.20","Bosch","Petrol","Infineon TriCore TC1724","CAN Bus UDS","OBD R/W or Bench TriCore","Center console front lower compartment","3-cylinder turbo with port fuel injection.","Added Variant (Post-2000)"
"Renault","Captur","Captur 1","1.2 TCe 120","2013-2018","H5F","Continental EMS3150","Continental","Petrol","Infineon TriCore TC1767","CAN Bus UDS","OBD or Bench TriCore","Center console front lower compartment","Direct injection paired with 6-speed EDC or manual.","Added Variant (Post-2000)"
"Renault","Captur","Captur 1","1.3 TCe 130/150","2018-2019","H5H","Bosch EMS3160","Bosch","Petrol","Infineon TriCore Aurix","CAN Bus UDS","OBD or Bench Mode","Center console front lower compartment","Euro 6d-Temp engine with GPF filter.","Added Variant (Post-2000)"
"Renault","Captur","Captur 1","1.5 dCi 90 (Euro 5)","2013-2015","K9K","Bosch EDC17C42","Bosch","Diesel","Infineon TriCore TC1767","CAN Bus UDS","OBD R/W (Autotuner/Flex/Kess) or Bench","Center console front lower compartment","Euro 5 DPF diesel with Bosch solenoid injectors.","Original Reference"
"Renault","Captur","Captur 1","1.5 dCi 90/110 (Euro 6)","2015-2019","K9K","Bosch EDC17C84","Bosch","Diesel","Infineon TriCore TC1782","CAN Bus UDS","OBD / Bench TriCore","Center console front lower compartment","Euro 6 LNT NOx storage catalyst system.","Original Reference"
"Renault","Captur","Captur 2","1.0 TCe 90/100","2019-Present","H4D","Continental EMS3140","Continental","Petrol","TriCore Aurix","CAN FD / UDS","Bench / OBD with SGW Pass-thru","Driver side dashboard panel under steering wheel","Available with factory Bi-Fuel LPG kit.","Original Reference"
"Renault","Captur","Captur 2","1.3 TCe 130/140/155","2019-Present","H5H","Continental EMS3160","Continental","Petrol","TriCore Aurix","CAN FD / UDS","Bench / OBD with Gateway Access","Driver side dashboard panel under steering wheel","Direct injection with GPF filter and EDC dual-clutch.","Original Reference"
"Renault","Captur","Captur 2","1.6 E-Tech 145 Full / 160 PHEV","2020-Present","H4M","Bosch Hybrid Controller","Bosch","Hybrid","Infineon Aurix Safety Core","CAN FD / UDS (SGW Firewall)","CLIP Online with SGW Token / DoIP","Driver footwell left side OBD port","PHEV features 9.8kWh 400V battery.","Added Variant (Post-2000)"
"Renault","Captur","Captur 2","1.5 Blue dCi 95/115","2019-2021","K9K","Bosch MD1CS006","Bosch","Diesel","Infineon Aurix TC298TP","CAN FD / UDS","Bench Mode (MD1 Unlock) / Autotuner","Driver side dashboard panel","SCR AdBlue injection with dual NOx sensors.","Added Variant (Post-2000)"
"Renault","Kadjar","Kadjar","1.2 TCe 130","2015-2018","H5F","Continental EMS3155","Continental","Petrol","TriCore TC1782","CAN Bus UDS","OBD / Bench Mode","Lower driver dashboard trim","High oil consumption can occur on early batches.","Original Reference"
"Renault","Kadjar","Kadjar","1.3 TCe 140/160","2018-2022","H5H","Bosch EMS3160","Bosch","Petrol","TriCore Aurix","CAN Bus UDS","OBD / Bench Mode","Lower driver dashboard trim","Direct injection with GPF filter.","Original Reference"
"Renault","Kadjar","Kadjar","1.6 TCe 163","2016-2018","M5M","Continental EMS3155","Continental","Petrol","Infineon TriCore TC1782","CAN Bus UDS","OBD / Bench Mode","Lower driver dashboard trim","Direct injection turbo petrol paired with 6-speed manual.","Added Variant (Post-2000)"
"Renault","Kadjar","Kadjar","1.5 dCi 110 / Blue dCi 115","2015-2022","K9K","Bosch EDC17C84","Bosch","Diesel","Infineon TriCore TC1782","CAN Bus UDS","OBD / Bench TriCore","Lower driver dashboard trim","Euro 6 emission compliance with EDC dual clutch.","Added Variant (Post-2000)"
"Renault","Kadjar","Kadjar","1.6 dCi 130 4x4","2015-2018","R9M","Bosch EDC17C42","Bosch","Diesel","Infineon TriCore TC1767","CAN Bus UDS","OBD or Bench TriCore","Lower driver dashboard trim","All-Mode 4x4-i system with Lock mode.","Added Variant (Post-2000)"
"Renault","Kadjar","Kadjar","1.7 Blue dCi 150 4x4","2019-2021","R9N","Bosch EDC17C84","Bosch","Diesel","Infineon TriCore TC1782","CAN Bus UDS","OBD / Bench TriCore","Lower driver dashboard trim","Variable geometry turbo with SCR AdBlue.","Added Variant (Post-2000)"
"Renault","Koleos","Koleos 1","2.5 16V 4x4 (170hp)","2008-2016","2TR","Hitachi MEC","Hitachi","Petrol","Hitachi SH7058","CAN Bus 500kbps","OBD (PCMFlash/Flex/BitBox) or Bench","Driver footwell left kick panel behind plastic door","Nissan QR25DE engine built by RSM Busan.","Added Variant (Post-2000)"
"Renault","Koleos","Koleos 1","2.0 dCi (150/175hp)","2008-2016","M9R","Bosch EDC17CP58","Bosch","Diesel","Infineon TriCore TC1793","CAN Bus UDS","OBD / Bench Mode","Driver side dashboard fuse flap","All-Mode 4x4-i system with Hill Descent Control.","Added Variant (Post-2000)"
"Renault","Koleos","Koleos 2","1.3 TCe 160 EDC","2020-Present","H5H","Bosch EMS3160","Bosch","Petrol","TriCore Aurix","CAN Bus UDS","OBD / Bench Mode","Driver footwell left side panel","Front-wheel drive model with 7-speed EDC.","Added Variant (Post-2000)"
"Renault","Koleos","Koleos 2","1.7 Blue dCi 150 X-Tronic","2019-2022","R9N","Bosch EDC17C84","Bosch","Diesel","Infineon TriCore TC1782","CAN Bus UDS","OBD / Bench TriCore","Driver footwell left side panel","Paired with Nissan X-Tronic CVT.","Added Variant (Post-2000)"
"Renault","Koleos","Koleos 2","2.0 dCi 175/190 Blue dCi 4x4","2017-Present","M9R","Bosch EDC17CP58","Bosch","Diesel","Infineon TriCore TC1793","CAN Bus UDS","OBD / Bench Mode","Driver footwell left side panel","Top-tier 4x4 powertrain with X-Tronic transmission.","Original Reference"
"Renault","Talisman","Talisman","1.3 TCe 160 EDC","2018-2022","H5H","Bosch EMS3160","Bosch","Petrol","TriCore Aurix","CAN Bus UDS","OBD / Bench Mode","Under steering column driver dash cover","Direct injection turbo with GPF filter.","Added Variant (Post-2000)"
"Renault","Talisman","Talisman","1.6 TCe 150/200 EDC","2015-2018","M5M","Continental EMS3155","Continental","Petrol","Infineon TriCore TC1782","CAN Bus UDS","OBD R/W or Bench","Under steering column driver dash cover","Direct injection turbo with 4Control 4-wheel steering.","Added Variant (Post-2000)"
"Renault","Talisman","Talisman","1.8 TCe 225 EDC","2018-2020","M5Pt","Continental EMS3155","Continental","Petrol","Infineon TriCore TC1782","CAN Bus UDS","OBD R/W or Bench","Under steering column driver dash cover","Flagship petrol engine with 300Nm torque.","Added Variant (Post-2000)"
"Renault","Talisman","Talisman","1.6 dCi 130/160 Bi-Turbo","2015-2018","R9M","Bosch EDC17C84","Bosch","Diesel","Infineon TriCore TC1782","CAN Bus UDS","OBD / Bench Mode","Under steering column driver dash cover","Twin sequential turbos with 4Control.","Original Reference"
"Renault","Talisman","Talisman","2.0 Blue dCi 160/200 EDC","2018-2022","M9R","Bosch EDC17CP58","Bosch","Diesel","Infineon TriCore TC1793","CAN Bus UDS","OBD / Bench Mode","Under steering column driver dash cover","400Nm torque paired with 6-speed dual clutch.","Original Reference"
"Renault","Modus","Modus / Grand Modus","1.2 16V (75hp)","2004-2012","D4F","Siemens SIM32","Siemens","Petrol","Renesas M32R","CAN Bus 500kbps","OBD R/W or Boot Mode","Between front seats lower center console under rubber coin mat","Port fuel injection with CAN communication.","Added Variant (Post-2000)"
"Renault","Modus","Modus / Grand Modus","1.2 TCE 100","2007-2012","D4Ft","Siemens SIM32","Siemens","Petrol","Renesas M32R / TriCore","CAN Bus 500kbps","OBD or Boot Mode","Center console below handbrake tray","Overboost provides 105hp in high gears.","Added Variant (Post-2000)"
"Renault","Modus","Modus / Grand Modus","1.4 16V (98hp)","2004-2008","K4J","Sagem S3000","Sagem","Petrol","Renesas SH7055","CAN Bus 500kbps","OBD (Kess/CMD) or JTAG","Center console tray beneath gear shifter","Electronic throttle control with dual lambda.","Added Variant (Post-2000)"
"Renault","Modus","Modus / Grand Modus","1.6 16V (112hp)","2004-2012","K4M","Sagem S3000","Sagem","Petrol","Renesas SH7055","CAN Bus 500kbps","OBD (Kess/CMD) or JTAG","Center console tray beneath gear shifter","Variable valve timing dephaser on intake cam.","Added Variant (Post-2000)"
"Renault","Modus","Modus / Grand Modus","1.5 dCi (68/86/106hp)","2004-2012","K9K","Delphi DCM1.2","Delphi","Diesel","Motorola MPC555","CAN Bus 500kbps","OBD (MPPS/Kess) or BDM","Floor tunnel center console under rubber pad","106hp version uses 6-speed manual and variable geometry turbo.","Added Variant (Post-2000)"
"Renault","Wind","Wind Roadster","1.2 TCe 100","2010-2013","D4Ft","Siemens SIM32","Siemens","Petrol","Renesas M32R","CAN Bus 500kbps","OBD R/W or Boot","Behind lower center console access trim panel","Low displacement turbo paired with 5-speed manual.","Added Variant (Post-2000)"
"Renault","Wind","Wind Roadster","1.6 16V RS 133","2010-2013","K4M","Sagem S3000","Sagem","Petrol","Renesas SH7058","CAN Bus 500kbps","OBD (Autotuner/Kess/CMD) or JTAG","Center console beneath radio/heater control cover","Renault Sport tuned high revving 133hp engine.","Added Variant (Post-2000)"
"Renault","Avantime","Avantime","2.0 16V Turbo (163hp)","2001-2003","F4Rt","Sagem S3000","Sagem","Petrol","Renesas SH7055","K-Line (ISO 9141-2)","OBD or Bench Boot","Floor trap under front passenger carpet","Matra built coupe with panoramic roof ECU.","Added Variant (Post-2000)"
"Renault","Avantime","Avantime","3.0 V6 24V (207hp)","2001-2003","L7X","Bosch ME7.4.6","Bosch","Petrol","Infineon C167CR / 29F400 Flash","K-Line (ISO 9141-2)","OBD (Galletto/MPPS) or 29F400 programmer","Passenger side floor access hatch","24-valve V6 paired with 6-speed manual or 5-speed auto.","Added Variant (Post-2000)"
"Renault","Avantime","Avantime","2.2 dCi (150hp)","2002-2003","G9T","Bosch EDC15C3","Bosch","Diesel","Infineon C167 + 29F400BT","K-Line (ISO 9141-2)","OBD K-Line R/W or Desolder Flash","Passenger floor hatch compartment","Gear driven camshaft timing with hydraulic tappets.","Added Variant (Post-2000)"
"Renault","Vel Satis","Vel Satis","2.0 16V Turbo (163/170hp)","2002-2009","F4Rt","Sagem S3000","Sagem","Petrol","Renesas SH7055","K-Line / CAN","OBD R/W or JTAG","Center console under front armrest box bottom lid","TD04 low inertia turbo.","Added Variant (Post-2000)"
"Renault","Vel Satis","Vel Satis","3.5 V6 24V (241hp)","2002-2009","V4Y","Hitachi MEC","Hitachi","Petrol","Hitachi SuperH SH7058","CAN Bus 500kbps","OBD (PCMFlash/BitBox) or Bench","Under central armrest console storage compartment","Nissan VQ35DE V6 with 5-speed automatic.","Added Variant (Post-2000)"
"Renault","Vel Satis","Vel Satis","2.0 dCi (150/175hp)","2006-2009","M9R","Bosch EDC16CP33","Bosch","Diesel","Motorola MPC562","CAN Bus 500kbps","OBD R/W or BDM100","Center console storage bin under removable mat","Timing chain DOHC with Bosch piezo injectors.","Added Variant (Post-2000)"
"Renault","Vel Satis","Vel Satis","2.2 dCi (150hp)","2002-2006","G9T","Bosch EDC15C3","Bosch","Diesel","Infineon C167 + 29F400","ISO 9141-2 K-Line","OBD (MPPS/Kess) or BDM","Center console storage bin","Cascade gear drive and high pressure CP1 pump.","Added Variant (Post-2000)"
"Renault","Vel Satis","Vel Satis","3.0 dCi V6 (180hp)","2002-2008","P9X","Denso D-4D","Denso","Diesel","Denso Dual RISC CPU","K-Line (ISO 9141-2)","Desolder / Specialized Denso JTAG","Under armrest center console","Isuzu 6DE1 wet liner design.","Added Variant (Post-2000)"
"Renault","Fluence","Fluence","1.6 16V (110hp)","2009-2019","K4M","Continental EMS3110","Continental","Petrol","Infineon TriCore TC1766","CAN Bus UDS","OBD (Flex/Autotuner/Kess) or Boot","Driver left lower dash panel behind fuse lid","Port injection multipoint.","Added Variant (Post-2000)"
"Renault","Fluence","Fluence","2.0 16V (140hp)","2009-2019","M4R","Continental EMS3110","Continental","Petrol","TriCore TC1766","CAN Bus UDS","OBD / Bench","Driver left lower dash panel","Paired with 6-speed manual or CVT.","Added Variant (Post-2000)"
"Renault","Fluence","Fluence","1.5 dCi (90/110hp)","2009-2019","K9K","Continental SID305","Continental","Diesel","TriCore TC1766","CAN Bus UDS","OBD or Bench TriCore","Under dashboard steering wheel left side","Continental common rail piezo.","Added Variant (Post-2000)"
"Renault","Fluence","Fluence","1.6 dCi 130","2012-2019","R9M","Bosch EDC17C42","Bosch","Diesel","TriCore TC1767","CAN Bus UDS","OBD or Bench TriCore","Under dashboard steering wheel left side","Energy dCi 130 with dual EGR loop.","Added Variant (Post-2000)"
"Renault","Fluence","Fluence Z.E.","Electric 70kW (95hp)","2011-2014","5AM","Continental EV Controller","Continental","Electric","TriCore Safety Core","CAN Bus UDS","Renault CLIP / Renolink Diagnostics","Left side dashboard fuse panel","Better Place quick battery switch compatible.","Added Variant (Post-2000)"
"Renault","Latitude","Latitude","2.0 16V (140hp)","2010-2015","M4R","Continental EMS3110","Continental","Petrol","TriCore TC1766","CAN Bus UDS","OBD / Bench","Under steering column lower panel","Built on Nissan D platform.","Added Variant (Post-2000)"
"Renault","Latitude","Latitude","2.5 V6 24V (182hp)","2010-2015","2ZV","Hitachi MEC","Hitachi","Petrol","Hitachi SH7058","CAN Bus UDS","OBD (PCMFlash/Flex) or Bench","Under steering column lower panel","Nissan VQ25DE engine paired with 6-speed automatic.","Added Variant (Post-2000)"
"Renault","Latitude","Latitude","2.0 dCi (150/175hp)","2010-2015","M9R","Bosch EDC17CP58","Bosch","Diesel","Infineon TriCore TC1793","CAN Bus UDS","OBD / Bench Mode","Under steering column driver side","Timing chain DOHC with piezo injection.","Added Variant (Post-2000)"
"Renault","Latitude","Latitude","3.0 dCi V6 (240hp)","2010-2015","V9X","Bosch EDC17CP20","Bosch","Diesel","Infineon TriCore TC1796","CAN Bus UDS","OBD R/W or Bench Mode","Under steering column driver side","V6 diesel with 450Nm torque.","Added Variant (Post-2000)"
"Renault","Twingo","Twingo 1","1.2 8V (60hp)","2000-2007","D7F","Sagem Safir 2","Sagem","Petrol","Motorola 68HC11","ISO 9141-2 K-Line","TMS374 Clock Bypass / Desolder","Behind fuse cover beneath steering wheel","Port injection multipoint.","Added Variant (Post-2000)"
"Renault","Twingo","Twingo 1","1.2 16V (75hp)","2001-2007","D4F","Magneti Marelli 5NR","Magneti Marelli","Petrol","ST10F168 / Hybrid","ISO 9141-2 K-Line","EEPROM 95160 programmer","Behind fuse cover beneath steering wheel","Available with Quickshift sequential robotized manual.","Added Variant (Post-2000)"
"Renault","Twingo","Twingo 2","1.2 16V (75hp)","2007-2014","D4F","Siemens SIM32","Siemens","Petrol","Renesas M32R / TriCore","CAN Bus 500kbps","OBD R/W or Boot","Behind glovebox compartment / passenger fuse door","Multipoint naturally aspirated.","Original Reference"
"Renault","Twingo","Twingo 2","1.2 TCE 100 GT","2007-2013","D4Ft","Siemens SIM32","Siemens","Petrol","Renesas M32R / TriCore","CAN Bus 500kbps","OBD R/W or Boot","Behind glovebox compartment","GT turbo with overboost function.","Original Reference"
"Renault","Twingo","Twingo 2","1.6 16V RS 133 / Gordini","2008-2013","K4M","Sagem S3000","Sagem","Petrol","Renesas SH7058","CAN Bus 500kbps","OBD R/W (Autotuner/CMD/Kess) or JTAG","Behind glove box access flap","Dieppe tuned 133hp at 6750rpm with Cup chassis option.","Added Variant (Post-2000)"
"Renault","Twingo","Twingo 2","1.5 dCi (65/75/85hp)","2007-2014","K9K","Delphi DCM1.2","Delphi","Diesel","Motorola MPC555","CAN Bus 500kbps","OBD (MPPS/Kess) or BDM","Behind glovebox compartment","Common rail turbo diesel with high fuel economy.","Added Variant (Post-2000)"
"Renault","Twingo","Twingo 3","1.0 SCe 70","2014-2019","B4D","Bosch ME17.9.20","Bosch","Petrol","Infineon TriCore TC1724","CAN Bus UDS","OBD or Bench TriCore","Under steering column left lower kick panel","Rear-engine rear-wheel drive platform.","Original Reference"
"Renault","Twingo","Twingo 3","0.9 TCe 90 / 110 GT","2014-2019","H4Bt","Bosch ME17.9.20","Bosch","Petrol","Infineon TriCore TC1724","CAN Bus UDS","OBD or Bench TriCore","Under steering column left lower kick panel","Engine tilted at 49 degrees under luggage compartment.","Original Reference"
"Renault","Twingo","Twingo 3","E-Tech Electric (82hp / 22kWh)","2020-Present","5AL","Continental EV VCU","Continental","Electric","Infineon TriCore Safety Core","CAN Bus UDS","Renault CLIP Online / CanZE","Under steering column lower dash","Rear electric motor with Chameleon 22kW AC charger.","Added Variant (Post-2000)"
"Renault","Zoe","Zoe","Electric Q90 / R90 (22kWh & 41kWh)","2012-2019","5AM","Continental Electric Drive","Continental","Electric","Continental Dual-Core Functional Safety","CAN Bus UDS","CanZE / Renolink / Renault CLIP","Below R-Link display in lower center console","Chameleon charger uses motor windings for charging.","Original Reference"
"Renault","Zoe","Zoe","Electric R110 / R135 (52kWh ZE 50)","2019-Present","5AQ","Continental Electric Drive","Continental","Electric","Infineon Aurix Multi-Core","CAN Bus UDS / CCS Combo 2","Renault CLIP Online / CanZE","Below display in center console","52kWh battery with 50kW CCS DC fast charging.","Original Reference"
"Renault","Twizy","Twizy","Twizy 45 / Twizy 80","2012-2023","3SE","Sevcon Gen4 Size 4","Sevcon","Electric","TI TMS320 DSP","CAN Bus 250kbps","Ixxat USB-to-CAN / Sevcon DVT Tool","Under front nose cone / front glovebox port","Inverter parameters modifiable via Sevcon DVT software.","Added Variant (Post-2000)"
"Renault","Symbioz","Symbioz","1.6 E-Tech 145 Full Hybrid","2024-Present","H4M","Bosch Hybrid HCU","Bosch","Hybrid","Infineon Aurix TC3xx","CAN FD / DoIP (SGW Protected)","CLIP Online with SGW Token / DoIP","Driver footwell left side OBD port","C-segment SUV with Solarbay smart glass roof.","Added Variant (Post-2000)"
"Renault","Renault 5","Renault 5 E-Tech","Electric (95/120/150hp)","2024-Present","6AM","Valeo Electric Drive Unit","Valeo","Electric","Infineon Aurix TC3xx HSM","CAN FD / DoIP (Cybersecurity SGW)","Renault Online CLIP DoIP Diagnostics","Driver lower dashboard beneath steering column","AmpR Small platform with bidirectional V2G/V2L charging.","Added Variant (Post-2000)"
"Renault","Kangoo","Kangoo 1 (Phase 2)","1.2 16V (75hp)","2001-2008","D4F","Siemens Sirius 32","Siemens","Petrol","Siemens C167 + 29F200","ISO 9141-2 K-Line","OBD (MPPS/Kess) or Flash Desolder","Behind lower steering column panel","Cable throttle with multipoint injection.","Added Variant (Post-2000)"
"Renault","Kangoo","Kangoo 1 (Phase 2)","1.6 16V (95hp)","2001-2008","K4M","Siemens Sirius 34","Siemens","Petrol","Siemens C167 + 29F400","ISO 9141-2 K-Line","OBD K-Line / EPROM Programmer","Behind lower steering column fuse door","Electronic throttle version.","Added Variant (Post-2000)"
"Renault","Kangoo","Kangoo 1 (Phase 2)","1.5 dCi (65/70/85hp)","2001-2008","K9K","Delphi DDCR","Delphi","Diesel","Motorola MPC555","KWP2000 / K-Line","OBD (MPPS/Kess) or BDM","Behind lower steering column fuse door","Delphi common rail; 16-character injector coding needed.","Added Variant (Post-2000)"
"Renault","Kangoo","Kangoo 1 (Phase 2)","1.9 dCi 4x4","2001-2007","F9Q","Bosch EDC15C3","Bosch","Diesel","Infineon C167 + 29F400","ISO 9141-2 K-Line","OBD (MPPS/Kess) or Flash Desolder","Behind lower steering column panel","4x4 version with Nissan electromagnetic coupler rear axle.","Added Variant (Post-2000)"
"Renault","Kangoo","Kangoo 2","1.6 16V (105hp)","2008-2016","K4M","Continental EMS3110","Continental","Petrol","Infineon TriCore TC1766","CAN Bus UDS","OBD or Bench TriCore","Driver knee panel or left dashboard fuse box","Naturally aspirated multipoint injection.","Added Variant (Post-2000)"
"Renault","Kangoo","Kangoo 2","1.2 TCe 115","2013-2021","H5F","Continental EMS3150","Continental","Petrol","Infineon TriCore TC1767","CAN Bus UDS","OBD or Bench TriCore","Driver knee panel","Direct injection turbo petrol.","Added Variant (Post-2000)"
"Renault","Kangoo","Kangoo 2","1.5 dCi 75/90/110 (Euro 5)","2008-2015","K9K","Bosch EDC17C11","Bosch","Diesel","Infineon TriCore TC1766","CAN Bus UDS","OBD or Bench TriCore","Driver knee panel or left dashboard fuse box","Shared platform with Mercedes-Benz Citan (W415).","Original Reference"
"Renault","Kangoo","Kangoo 2","1.5 dCi 75/90/110 (Euro 6)","2015-2021","K9K","Bosch EDC17C42","Bosch","Diesel","Infineon TriCore TC1767","CAN Bus UDS","OBD or Bench TriCore","Driver knee panel or left dashboard fuse box","Bosch common rail with DPF pressure differential sensor.","Original Reference"
"Renault","Kangoo","Kangoo 2","Kangoo Z.E. 33 (Electric 60hp)","2011-2021","5AM","Continental Electric Drive","Continental","Electric","Continental Functional Safety Core","CAN Bus UDS","Renault CLIP / CanZE","Left dashboard fuse box","33kWh battery pack with heat pump climate control.","Added Variant (Post-2000)"
"Renault","Kangoo","Kangoo 3","1.3 TCe 100/130","2021-Present","H5H","Bosch EMS3160","Bosch","Petrol","Infineon Aurix","CAN FD / UDS (SGW Firewall)","Bench / OBD with Gateway Access","Driver knee panel or left dashboard fuse box","Open Sesame wide door design.","Added Variant (Post-2000)"
"Renault","Kangoo","Kangoo 3","1.5 Blue dCi 75/95/115","2021-Present","K9K","Bosch MD1CS006","Bosch","Diesel","Infineon Aurix TC298TP","CAN FD / UDS","Bench Mode (MD1) / CLIP SGW Token","Driver knee panel or left dashboard fuse box","SCR AdBlue injection system.","Added Variant (Post-2000)"
"Renault","Express","Express Van","1.3 TCe 100","2021-Present","H5H","Bosch EMS3160","Bosch","Petrol","Infineon TriCore Aurix","CAN FD / UDS","Bench Mode / OBD with Security Bypass","Glovebox right side or driver knee panel","Compact commercial van built in Tangier.","Added Variant (Post-2000)"
"Renault","Express","Express Van","1.5 Blue dCi 75/95","2021-Present","K9K","Bosch MD1CS006","Bosch","Diesel","Infineon Aurix TC298TP","CAN FD / UDS","Bench Mode (MD1 Unlock) / Autotuner","Glovebox right side or driver knee panel","SCR AdBlue dosing and DPF.","Added Variant (Post-2000)"
"Renault","Trafic","Trafic 2","2.0 16V (120hp)","2001-2014","F4R","Sagem S3000","Sagem","Petrol","Renesas SH7055","CAN Bus 500kbps","OBD (Kess/CMD) or JTAG","Fuse box under steering wheel left lower dashboard","Rare petrol work van option.","Added Variant (Post-2000)"
"Renault","Trafic","Trafic 2","1.9 dCi (80/100hp)","2001-2006","F9Q","Bosch EDC15C3","Bosch","Diesel","Infineon C167 + 29F400","ISO 9141-2 K-Line","OBD (MPPS/Kess) or Desolder","Fuse box under steering wheel left lower dashboard","Common rail turbo diesel.","Added Variant (Post-2000)"
"Renault","Trafic","Trafic 2","2.0 dCi (90/115hp)","2006-2014","M9R","Bosch EDC16CP33","Bosch","Diesel","Motorola MPC562","CAN Bus 500kbps","OBD (MPPS/Kess) or BDM100","Fuse box under steering wheel left lower dashboard","Injectors can seize into cylinder head due to water ingress.","Added Variant (Post-2000)"
"Renault","Trafic","Trafic 2","2.5 dCi (135/145hp)","2002-2014","G9U","Bosch EDC16C3","Bosch","Diesel","Motorola MPC556","CAN Bus 500kbps","BDM100 or OBD (Kess/CMD)","Fuse box under steering wheel left lower dashboard","Gear-belt combination timing.","Added Variant (Post-2000)"
"Renault","Trafic","Trafic 3","1.6 dCi 95/120/145 Bi-Turbo","2014-2019","R9M","Bosch EDC17C42","Bosch","Diesel","Infineon TriCore TC1782","CAN Bus UDS","OBD (Autotuner/Flex) or Bench","Under steering column lower panel cover","Twin sequential turbochargers on higher output models.","Original Reference"
"Renault","Trafic","Trafic 3","2.0 Blue dCi 110/130/150/170","2019-Present","M9R","Bosch EDC17C84","Bosch","Diesel","Infineon TriCore TC1782","CAN Bus UDS","OBD / Bench TriCore","Under steering column lower panel cover","Single variable geometry turbo with SCR AdBlue.","Original Reference"
"Renault","Master","Master 2","1.9 dCi (80hp)","2000-2006","F9Q","Bosch EDC15C3","Bosch","Diesel","Infineon C167 + 29F400","ISO 9141-2 K-Line","OBD (MPPS/Kess) or Desolder","Fuse box in lower dashboard left of steering column","Common rail injection system.","Added Variant (Post-2000)"
"Renault","Master","Master 2","2.2 dCi (90hp)","2000-2006","G9T","Bosch EDC15C3","Bosch","Diesel","Infineon C167 + 29F400","ISO 9141-2 K-Line","OBD or BDM","Fuse box in lower dashboard left of steering column","Cascade gear train.","Added Variant (Post-2000)"
"Renault","Master","Master 2","2.5 dCi (100/120/150hp)","2001-2010","G9U","Bosch EDC16C3","Bosch","Diesel","Motorola MPC556","CAN Bus 500kbps","BDM100 or OBD (Kess/CMD)","Fuse box in lower dashboard left of steering column","Very common commercial work van engine.","Added Variant (Post-2000)"
"Renault","Master","Master 2","3.0 dCi (140hp Nissan)","2003-2006","ZD3","Bosch EDC16C3","Bosch","Diesel","Motorola MPC556","CAN Bus 500kbps","BDM100 or OBD","Fuse box in lower dashboard left of steering column","Nissan ZD30 derived gear driven overhead cam.","Added Variant (Post-2000)"
"Renault","Master","Master 3","2.3 dCi 100/125/150 (Euro 5)","2010-2016","M9T","Continental SID309","Continental","Diesel","TriCore TC1791","CAN Bus UDS","Bench Mode / OBD with unlocked SID309","Left side dashboard fuse cover near driver door","Euro 5 DPF common rail with variable geometry turbo.","Original Reference"
"Renault","Master","Master 3","2.3 dCi 130/145/165/170 (Euro 6)","2016-2020","M9T","Continental SID310","Continental","Diesel","Infineon TriCore TC1791","CAN Bus UDS","Bench Mode / OBD with unlocked SID310","Left side dashboard fuse cover near driver door","Bi-Turbo with SCR AdBlue metering system.","Original Reference"
"Renault","Master","Master 3","2.3 Blue dCi 135/150/180 (Euro 6d)","2020-Present","M9T","Continental SID321","Continental","Diesel","Infineon Aurix TC297","CAN Bus UDS with SGW","Bench Unlock (Specialized Hardware) / OBD Read","Left side dashboard fuse cover near driver door","High security signature protection on SID321.","Original Reference"
"Renault","Master","Master 4","2.0 Blue dCi 105/130/150/170","2024-Present","M9R","Bosch MD1CS006","Bosch","Diesel","Infineon Aurix TC3xx HSM","CAN FD / DoIP with UNECE SGW","CLIP Online with SGW Token / DoIP","Driver footwell left side OBD port","Aerovan platform with 9-speed automatic transmission.","Added Variant (Post-2000)"
